11163
47   ( 4.07597, -0.311708)  ( 4.08652, -0.319959) 
46   ( 4.0606, -0.305604)  ( 4.07597, -0.311708) 
44   ( 4.04523, -0.2995)  ( 4.0606, -0.305604) 
45   ( 4.02846, -0.290683)  ( 4.04523, -0.2995) 
46   ( 4.0606, -0.305604)  ( 4.06085, -0.304957) 
46   ( 4.0117, -0.281867)  ( 4.02846, -0.290683) 
46   ( 3.99585, -0.269898)  ( 4.0117, -0.281867) 
47   ( 4.02846, -0.290683)  ( 4.04101, -0.286626) 
46   ( 3.98001, -0.25793)  ( 3.99585, -0.269898) 
46   ( 3.96495, -0.244595)  ( 3.98001, -0.25793) 
46   ( 3.99585, -0.269898)  ( 4.0006, -0.246674) 
46   ( 3.94988, -0.23126)  ( 3.96495, -0.244595) 
46   ( 3.93543, -0.218413)  ( 3.94988, -0.23126) 
47   ( 3.96495, -0.244595)  ( 3.97539, -0.232791) 
47   ( 3.92099, -0.205566)  ( 3.93543, -0.218413) 
47   ( 3.90701, -0.195061)  ( 3.92099, -0.205566) 
47   ( 3.93543, -0.218413)  ( 3.95525, -0.208524) 
47   ( 3.89303, -0.184557)  ( 3.90701, -0.195061) 
47   ( 3.87936, -0.178251)  ( 3.89303, -0.184557) 
47   ( 3.90701, -0.195061)  ( 3.93112, -0.173171) 
47   ( 3.86569, -0.171945)  ( 3.87936, -0.178251) 
47   ( 3.85226, -0.170402)  ( 3.86569, -0.171945) 
47   ( 3.87936, -0.178251)  ( 3.88187, -0.161633) 
47   ( 3.83882, -0.168858)  ( 3.85226, -0.170402) 
46   ( 3.82572, -0.16874)  ( 3.83882, -0.168858) 
47   ( 3.85226, -0.170402)  ( 3.85484, -0.153805) 
46   ( 3.81263, -0.168622)  ( 3.82572, -0.16874) 
47   ( 3.79988, -0.169019)  ( 3.81263, -0.168622) 
45   ( 3.82572, -0.16874)  ( 3.82586, -0.15418) 
47   ( 3.78712, -0.169416)  ( 3.79988, -0.169019) 
47   ( 3.77484, -0.170275)  ( 3.78712, -0.169416) 
46   ( 3.79988, -0.169019)  ( 3.79942, -0.15502) 
47   ( 3.76255, -0.171133)  ( 3.77484, -0.170275) 
47   ( 3.75093, -0.172436)  ( 3.76255, -0.171133) 
47   ( 3.77484, -0.170275)  ( 3.77378, -0.159048) 
47   ( 3.73931, -0.173739)  ( 3.75093, -0.172436) 
47   ( 3.72841, -0.175467)  ( 3.73931, -0.173739) 
47   ( 3.75093, -0.172436)  ( 3.74998, -0.166093) 
47   ( 3.71752, -0.177194)  ( 3.72841, -0.175467) 
47   ( 3.70742, -0.179317)  ( 3.71752, -0.177194) 
47   ( 3.72841, -0.175467)  ( 3.72449, -0.174606) 
46   ( 3.69732, -0.18144)  ( 3.70742, -0.179317) 
46   ( 3.68811, -0.183919)  ( 3.69732, -0.18144) 
47   ( 3.70742, -0.179317)  ( 3.71192, -0.174889) 
46   ( 3.6789, -0.186397)  ( 3.68811, -0.183919) 
46   ( 3.67622, -0.187299)  ( 3.6789, -0.186397) 
47   ( 3.68811, -0.183919)  ( 3.68571, -0.176664) 
45   ( 3.67354, -0.1882)  ( 3.67622, -0.187299) 
45   ( 3.67966, -0.205417)  ( 3.67354, -0.1882) 
47   ( 3.67622, -0.187299)  ( 3.67383, -0.180043) 
47   ( 3.68578, -0.222634)  ( 3.67966, -0.205417) 
47   ( 3.69061, -0.237632)  ( 3.68578, -0.222634) 
46   ( 3.69957, -0.262318)  ( 3.6975, -0.257474) 
47   ( 3.70561, -0.280109)  ( 3.69957, -0.262318) 
47   ( 3.71165, -0.297901)  ( 3.70561, -0.280109) 
47   ( 3.71689, -0.313759)  ( 3.71165, -0.297901) 
47   ( 3.72213, -0.329617)  ( 3.71689, -0.313759) 
47   ( 3.72664, -0.343661)  ( 3.72213, -0.329617) 
47   ( 3.71689, -0.313759)  ( 3.70978, -0.316106) 
47   ( 3.73114, -0.357705)  ( 3.72664, -0.343661) 
47   ( 3.73498, -0.370052)  ( 3.73114, -0.357705) 
45   ( 3.73882, -0.3824)  ( 3.73498, -0.370052) 
45   ( 3.74205, -0.393171)  ( 3.73882, -0.3824) 
47   ( 3.73498, -0.370052)  ( 3.72757, -0.372356) 
47   ( 3.74528, -0.403941)  ( 3.74205, -0.393171) 
47   ( 3.74797, -0.413253)  ( 3.74528, -0.403941) 
47   ( 3.75066, -0.422565)  ( 3.74797, -0.413253) 
47   ( 3.75286, -0.430536)  ( 3.75066, -0.422565) 
47   ( 3.74797, -0.413253)  ( 3.74321, -0.419463) 
47   ( 3.75507, -0.438507)  ( 3.75286, -0.430536) 
47   ( 3.75686, -0.445256)  ( 3.75507, -0.438507) 
47   ( 3.75286, -0.430536)  ( 3.74784, -0.429755) 
47   ( 3.75865, -0.452005)  ( 3.75686, -0.445256) 
47   ( 3.76009, -0.457651)  ( 3.75865, -0.452005) 
47   ( 3.75686, -0.445256)  ( 3.74878, -0.451252) 
47   ( 3.76152, -0.463296)  ( 3.76009, -0.457651) 
47   ( 3.76267, -0.467957)  ( 3.76152, -0.463296) 
47   ( 3.76009, -0.457651)  ( 3.75079, -0.457615) 
47   ( 3.76382, -0.472618)  ( 3.76267, -0.467957) 
47   ( 3.76473, -0.476412)  ( 3.76382, -0.472618) 
47   ( 3.76267, -0.467957)  ( 3.75235, -0.465696) 
47   ( 3.76565, -0.480206)  ( 3.76473, -0.476412) 
47   ( 3.76641, -0.483252)  ( 3.76565, -0.480206) 
47   ( 3.76473, -0.476412)  ( 3.75606, -0.480861) 
47   ( 3.76716, -0.486298)  ( 3.76641, -0.483252) 
47   ( 3.76782, -0.488714)  ( 3.76716, -0.486298) 
47   ( 3.76641, -0.483252)  ( 3.75717, -0.484734) 
46   ( 3.76847, -0.49113)  ( 3.76782, -0.488714) 
46   ( 3.76912, -0.493031)  ( 3.76847, -0.49113) 
47   ( 3.76782, -0.488714)  ( 3.75824, -0.489483) 
47   ( 3.76977, -0.494931)  ( 3.76912, -0.493031) 
47   ( 3.77076, -0.496399)  ( 3.76977, -0.494931) 
47   ( 3.76912, -0.493031)  ( 3.75861, -0.490591) 
47   ( 3.77175, -0.497866)  ( 3.77076, -0.496399) 
47   ( 3.77351, -0.498971)  ( 3.77175, -0.497866) 
47   ( 3.77076, -0.496399)  ( 3.76564, -0.505205) 
47   ( 3.77526, -0.500075)  ( 3.77351, -0.498971) 
47   ( 3.77823, -0.500886)  ( 3.77526, -0.500075) 
47   ( 3.77351, -0.498971)  ( 3.76815, -0.507547) 
47   ( 3.78119, -0.501697)  ( 3.77823, -0.500886) 
47   ( 3.78579, -0.502286)  ( 3.78119, -0.501697) 
46   ( 3.77823, -0.500886)  ( 3.77133, -0.50858) 
47   ( 3.79039, -0.502874)  ( 3.78579, -0.502286) 
47   ( 3.79707, -0.503309)  ( 3.79039, -0.502874) 
47   ( 3.78579, -0.502286)  ( 3.78753, -0.509165) 
47   ( 3.80374, -0.503744)  ( 3.79707, -0.503309) 
47   ( 3.81292, -0.504097)  ( 3.80374, -0.503744) 
47   ( 3.79707, -0.503309)  ( 3.79664, -0.508636) 
45   ( 3.8221, -0.50445)  ( 3.81292, -0.504097) 
45   ( 3.83391, -0.504986)  ( 3.8221, -0.50445) 
47   ( 3.81292, -0.504097)  ( 3.81458, -0.509032) 
47   ( 3.84571, -0.505521)  ( 3.83391, -0.504986) 
47   ( 3.85951, -0.506952)  ( 3.84571, -0.505521) 
47   ( 3.83391, -0.504986)  ( 3.83386, -0.505995) 
46   ( 3.8733, -0.508383)  ( 3.85951, -0.506952) 
46   ( 3.88837, -0.511486)  ( 3.8733, -0.508383) 
47   ( 3.90343, -0.514588)  ( 3.88837, -0.511486) 
47   ( 3.91846, -0.519518)  ( 3.90343, -0.514588) 
46   ( 3.88837, -0.511486)  ( 3.88732, -0.51655) 
46   ( 3.9335, -0.524448)  ( 3.91846, -0.519518) 
46   ( 3.94586, -0.529867)  ( 3.9335, -0.524448) 
47   ( 3.95822, -0.535286)  ( 3.94586, -0.529867) 
47   ( 3.96543, -0.539718)  ( 3.95822, -0.535286) 
47   ( 3.94586, -0.529867)  ( 3.94498, -0.531848) 
46   ( 3.97265, -0.54415)  ( 3.96543, -0.539718) 
45   ( 3.97533, -0.54679)  ( 3.97265, -0.54415) 
46   ( 3.96543, -0.539718)  ( 3.9626, -0.549638) 
46   ( 3.97801, -0.549431)  ( 3.97533, -0.54679) 
46   ( 3.9783, -0.549811)  ( 3.97801, -0.549431) 
46   ( 3.97533, -0.54679)  ( 3.96982, -0.554069) 
46   ( 3.97859, -0.550191)  ( 3.9783, -0.549811) 
47   ( 3.97857, -0.547862)  ( 3.97859, -0.550191) 
44   ( 3.9783, -0.549811)  ( 3.9725, -0.55671) 
47   ( 3.97854, -0.545532)  ( 3.97857, -0.547862) 
47   ( 3.97831, -0.540559)  ( 3.97854, -0.545532) 
45   ( 3.97857, -0.547862)  ( 3.98636, -0.5496) 
47   ( 3.97809, -0.535585)  ( 3.97831, -0.540559) 
47   ( 3.97572, -0.528575)  ( 3.97809, -0.535585) 
47   ( 3.97831, -0.540559)  ( 3.98614, -0.544626) 
47   ( 3.97335, -0.521565)  ( 3.97572, -0.528575) 
47   ( 3.96685, -0.513148)  ( 3.97335, -0.521565) 
47   ( 3.97572, -0.528575)  ( 3.98248, -0.519709) 
46   ( 3.96035, -0.50473)  ( 3.96685, -0.513148) 
46   ( 3.95011, -0.495329)  ( 3.96035, -0.50473) 
47   ( 3.96685, -0.513148)  ( 3.97793, -0.511795) 
47   ( 3.93987, -0.485929)  ( 3.95011, -0.495329) 
47   ( 3.92933, -0.475708)  ( 3.93987, -0.485929) 
47   ( 3.95011, -0.495329)  ( 3.95767, -0.487098) 
47   ( 3.91878, -0.465487)  ( 3.92933, -0.475708) 
47   ( 3.91153, -0.454604)  ( 3.91878, -0.465487) 
47   ( 3.92933, -0.475708)  ( 3.94005, -0.462377) 
47   ( 3.90427, -0.443722)  ( 3.91153, -0.454604) 
47   ( 3.90195, -0.432786)  ( 3.90427, -0.443722) 
47   ( 3.91153, -0.454604)  ( 3.92845, -0.440431) 
46   ( 3.89964, -0.42185)  ( 3.90195, -0.432786) 
46   ( 3.90153, -0.412026)  ( 3.89964, -0.42185) 
47   ( 3.90195, -0.432786)  ( 3.92168, -0.430371) 
47   ( 3.90343, -0.402203)  ( 3.90153, -0.412026) 
46   ( 3.90867, -0.39469)  ( 3.90343, -0.402203) 
47   ( 3.90153, -0.412026)  ( 3.91953, -0.415503) 
46   ( 3.91391, -0.387178)  ( 3.90867, -0.39469) 
46   ( 3.9216, -0.383131)  ( 3.91391, -0.387178) 
44   ( 3.90867, -0.39469)  ( 3.924, -0.405381) 
46   ( 3.92928, -0.379084)  ( 3.9216, -0.383131) 
47   ( 3.93829, -0.378963)  ( 3.92928, -0.379084) 
45   ( 3.9216, -0.383131)  ( 3.93045, -0.39996) 
47   ( 3.94729, -0.378842)  ( 3.93829, -0.378963) 
46   ( 3.95627, -0.38256)  ( 3.94729, -0.378842) 
46   ( 3.93829, -0.378963)  ( 3.93854, -0.39772) 
46   ( 3.96526, -0.386278)  ( 3.95627, -0.38256) 
47   ( 3.97289, -0.393732)  ( 3.96526, -0.386278) 
46   ( 3.95627, -0.38256)  ( 3.94921, -0.399631) 
47   ( 3.98053, -0.401185)  ( 3.97289, -0.393732) 
47   ( 3.98562, -0.412167)  ( 3.98053, -0.401185) 
47   ( 3.97289, -0.393732)  ( 3.96024, -0.409414) 
47   ( 3.99071, -0.423148)  ( 3.98562, -0.412167) 
47   ( 3.99366, -0.436301)  ( 3.99071, -0.423148) 
46   ( 3.98562, -0.412167)  ( 3.9646, -0.418951) 
47   ( 3.99662, -0.449453)  ( 3.99366, -0.436301) 
47   ( 3.99881, -0.462712)  ( 3.99662, -0.449453) 
47   ( 3.99366, -0.436301)  ( 3.97667, -0.439758) 
46   ( 4.00101, -0.47597)  ( 3.99881, -0.462712) 
46   ( 4.00384, -0.487272)  ( 4.00101, -0.47597) 
47   ( 3.99881, -0.462712)  ( 3.98542, -0.464933) 
47   ( 4.00668, -0.498575)  ( 4.00384, -0.487272) 
46   ( 4.01085, -0.50668)  ( 4.00668, -0.498575) 
47   ( 4.00384, -0.487272)  ( 3.99043, -0.489479) 
46   ( 4.01503, -0.514784)  ( 4.01085, -0.50668) 
47   ( 4.02018, -0.519754)  ( 4.01503, -0.514784) 
45   ( 4.01085, -0.50668)  ( 4.00335, -0.51032) 
47   ( 4.02533, -0.524723)  ( 4.02018, -0.519754) 
47   ( 4.03099, -0.526734)  ( 4.02533, -0.524723) 
47   ( 4.02018, -0.519754)  ( 4.01168, -0.528563) 
47   ( 4.03665, -0.528746)  ( 4.03099, -0.526734) 
47   ( 4.04235, -0.527956)  ( 4.03665, -0.528746) 
46   ( 4.03099, -0.526734)  ( 4.02367, -0.53815) 
47   ( 4.04805, -0.527166)  ( 4.04235, -0.527956) 
47   ( 4.05333, -0.523536)  ( 4.04805, -0.527166) 
47   ( 4.04235, -0.527956)  ( 4.03748, -0.551584) 
47   ( 4.05861, -0.519907)  ( 4.05333, -0.523536) 
46   ( 4.06298, -0.51329)  ( 4.05861, -0.519907) 
47   ( 4.05333, -0.523536)  ( 4.07058, -0.541931) 
46   ( 4.06736, -0.506674)  ( 4.06298, -0.51329) 
47   ( 4.07036, -0.496923)  ( 4.06736, -0.506674) 
46   ( 4.06298, -0.51329)  ( 4.07335, -0.513051) 
47   ( 4.07336, -0.487173)  ( 4.07036, -0.496923) 
47   ( 4.07498, -0.474634)  ( 4.07336, -0.487173) 
47   ( 4.07036, -0.496923)  ( 4.07769, -0.500384) 
47   ( 4.07659, -0.462095)  ( 4.07498, -0.474634) 
47   ( 4.07811, -0.448511)  ( 4.07659, -0.462095) 
47   ( 4.07498, -0.474634)  ( 4.08766, -0.472578) 
47   ( 4.07962, -0.434926)  ( 4.07811, -0.448511) 
47   ( 4.08256, -0.422284)  ( 4.07962, -0.434926) 
47   ( 4.07811, -0.448511)  ( 4.09585, -0.450389) 
47   ( 4.08549, -0.409641)  ( 4.08256, -0.422284) 
47   ( 4.09116, -0.399794)  ( 4.08549, -0.409641) 
47   ( 4.08256, -0.422284)  ( 4.10146, -0.427158) 
47   ( 4.09683, -0.389946)  ( 4.09116, -0.399794) 
46   ( 4.10479, -0.38361)  ( 4.09683, -0.389946) 
47   ( 4.09116, -0.399794)  ( 4.10948, -0.409457) 
46   ( 4.11275, -0.377273)  ( 4.10479, -0.38361) 
47   ( 4.12169, -0.374591)  ( 4.11275, -0.377273) 
44   ( 4.10479, -0.38361)  ( 4.1161, -0.39898) 
47   ( 4.13063, -0.371909)  ( 4.12169, -0.374591) 
47   ( 4.13923, -0.373021)  ( 4.13063, -0.371909) 
47   ( 4.12169, -0.374591)  ( 4.12704, -0.392429) 
47   ( 4.14783, -0.374133)  ( 4.13923, -0.373021) 
46   ( 4.15482, -0.37905)  ( 4.14783, -0.374133) 
47   ( 4.13923, -0.373021)  ( 4.13678, -0.391976) 
46   ( 4.16181, -0.383967)  ( 4.15482, -0.37905) 
47   ( 4.16631, -0.391892)  ( 4.16181, -0.383967) 
46   ( 4.15482, -0.37905)  ( 4.14377, -0.394761) 
47   ( 4.17081, -0.399816)  ( 4.16631, -0.391892) 
47   ( 4.17208, -0.409641)  ( 4.17081, -0.399816) 
44   ( 4.16631, -0.391892)  ( 4.15, -0.401152) 
47   ( 4.17336, -0.419466)  ( 4.17208, -0.409641) 
47   ( 4.17068, -0.430081)  ( 4.17336, -0.419466) 
47   ( 4.17208, -0.409641)  ( 4.15362, -0.412043) 
45   ( 4.168, -0.440696)  ( 4.17068, -0.430081) 
45   ( 4.16108, -0.451136)  ( 4.168, -0.440696) 
47   ( 4.17068, -0.430081)  ( 4.15137, -0.425217) 
47   ( 4.15416, -0.461577)  ( 4.16108, -0.451136) 
47   ( 4.14487, -0.471549)  ( 4.15416, -0.461577) 
47   ( 4.16108, -0.451136)  ( 4.14155, -0.444608) 
47   ( 4.13558, -0.481522)  ( 4.14487, -0.471549) 
47   ( 4.12642, -0.490932)  ( 4.13558, -0.481522) 
46   ( 4.14487, -0.471549)  ( 4.13371, -0.45804) 
47   ( 4.11725, -0.500343)  ( 4.12642, -0.490932) 
47   ( 4.11062, -0.509091)  ( 4.11725, -0.500343) 
47   ( 4.12642, -0.490932)  ( 4.11836, -0.483091) 
46   ( 4.10399, -0.51784)  ( 4.11062, -0.509091) 
46   ( 4.10075, -0.525731)  ( 4.10399, -0.51784) 
47   ( 4.11062, -0.509091)  ( 4.10131, -0.506041) 
46   ( 4.0975, -0.533623)  ( 4.10075, -0.525731) 
46   ( 4.09725, -0.540389)  ( 4.0975, -0.533623) 
46   ( 4.07805, -0.526765)  ( 4.0778, -0.533533) 
47   ( 4.10075, -0.525731)  ( 4.09342, -0.519321) 
45   ( 4.097, -0.547155)  ( 4.09725, -0.540389) 
45   ( 4.09934, -0.552523)  ( 4.097, -0.547155) 
47   ( 4.07058, -0.541931)  ( 4.06419, -0.557576) 
46   ( 4.0778, -0.533533)  ( 4.07058, -0.541931) 
46   ( 4.09725, -0.540389)  ( 4.0778, -0.533533) 
47   ( 4.10167, -0.557892)  ( 4.09934, -0.552523) 
46   ( 4.10622, -0.56156)  ( 4.10167, -0.557892) 
47   ( 4.09934, -0.552523)  ( 4.08694, -0.572393) 
46   ( 4.11076, -0.565228)  ( 4.10622, -0.56156) 
47   ( 4.11731, -0.566759)  ( 4.11076, -0.565228) 
46   ( 4.10622, -0.56156)  ( 4.10529, -0.574863) 
46   ( 4.12386, -0.56829)  ( 4.11731, -0.566759) 
46   ( 4.13225, -0.567213)  ( 4.12386, -0.56829) 
47   ( 4.11731, -0.566759)  ( 4.11468, -0.578019) 
47   ( 4.14064, -0.566136)  ( 4.13225, -0.567213) 
47   ( 4.15072, -0.562007)  ( 4.14064, -0.566136) 
47   ( 4.13225, -0.567213)  ( 4.13724, -0.575749) 
47   ( 4.16079, -0.557877)  ( 4.15072, -0.562007) 
47   ( 4.17216, -0.551399)  ( 4.16079, -0.557877) 
47   ( 4.15072, -0.562007)  ( 4.15136, -0.571769) 
47   ( 4.18353, -0.544921)  ( 4.17216, -0.551399) 
46   ( 4.1955, -0.538377)  ( 4.18353, -0.544921) 
47   ( 4.17216, -0.551399)  ( 4.17765, -0.561022) 
46   ( 4.20747, -0.531833)  ( 4.1955, -0.538377) 
47   ( 4.21932, -0.527618)  ( 4.20747, -0.531833) 
46   ( 4.1955, -0.538377)  ( 4.20542, -0.552656) 
47   ( 4.23117, -0.523404)  ( 4.21932, -0.527618) 
47   ( 4.24217, -0.523317)  ( 4.23117, -0.523404) 
45   ( 4.21932, -0.527618)  ( 4.2216, -0.54786) 
46   ( 4.25316, -0.52323)  ( 4.24217, -0.523317) 
46   ( 4.26243, -0.526812)  ( 4.25316, -0.52323) 
47   ( 4.24217, -0.523317)  ( 4.24232, -0.543303) 
46   ( 4.2717, -0.530395)  ( 4.26243, -0.526812) 
46   ( 4.27835, -0.536658)  ( 4.2717, -0.530395) 
46   ( 4.26243, -0.526812)  ( 4.2557, -0.544198) 
47   ( 4.28501, -0.542922)  ( 4.27835, -0.536658) 
47   ( 4.28816, -0.550878)  ( 4.28501, -0.542922) 
47   ( 4.27835, -0.536658)  ( 4.26551, -0.550301) 
46   ( 4.2913, -0.558834)  ( 4.28816, -0.550878) 
46   ( 4.29037, -0.567435)  ( 4.2913, -0.558834) 
46   ( 4.28816, -0.550878)  ( 4.2703, -0.557945) 
47   ( 4.28944, -0.576036)  ( 4.29037, -0.567435) 
47   ( 4.28473, -0.584065)  ( 4.28944, -0.576036) 
47   ( 4.29037, -0.567435)  ( 4.27136, -0.565369) 
47   ( 4.28002, -0.592093)  ( 4.28473, -0.584065) 
45   ( 4.272, -0.598304)  ( 4.28002, -0.592093) 
47   ( 4.28473, -0.584065)  ( 4.26865, -0.574635) 
45   ( 4.26398, -0.604515)  ( 4.272, -0.598304) 
47   ( 4.25311, -0.607666)  ( 4.26398, -0.604515) 
45   ( 4.272, -0.598304)  ( 4.26003, -0.583603) 
47   ( 4.24225, -0.610817)  ( 4.25311, -0.607666) 
47   ( 4.22932, -0.610591)  ( 4.24225, -0.610817) 
46   ( 4.25311, -0.607666)  ( 4.24784, -0.58776) 
47   ( 4.21639, -0.610365)  ( 4.22932, -0.610591) 
47   ( 4.20285, -0.608462)  ( 4.21639, -0.610365) 
47   ( 4.22932, -0.610591)  ( 4.22879, -0.591027) 
47   ( 4.18932, -0.606559)  ( 4.20285, -0.608462) 
47   ( 4.17671, -0.604945)  ( 4.18932, -0.606559) 
47   ( 4.20285, -0.608462)  ( 4.20548, -0.590997) 
47   ( 4.16411, -0.603331)  ( 4.17671, -0.604945) 
47   ( 4.15383, -0.603722)  ( 4.16411, -0.603331) 
47   ( 4.17671, -0.604945)  ( 4.18041, -0.593571) 
47   ( 4.14354, -0.604112)  ( 4.15383, -0.603722) 
47   ( 4.13595, -0.606634)  ( 4.14354, -0.604112) 
46   ( 4.15383, -0.603722)  ( 4.1522, -0.595578) 
47   ( 4.12836, -0.609155)  ( 4.13595, -0.606634) 
47   ( 4.12344, -0.613312)  ( 4.12836, -0.609155) 
47   ( 4.13595, -0.606634)  ( 4.13863, -0.596687) 
47   ( 4.11851, -0.617469)  ( 4.12344, -0.613312) 
47   ( 4.11623, -0.622764)  ( 4.11851, -0.617469) 
47   ( 4.12344, -0.613312)  ( 4.11117, -0.604956) 
46   ( 4.11395, -0.62806)  ( 4.11623, -0.622764) 
46   ( 4.11439, -0.634027)  ( 4.11395, -0.62806) 
47   ( 4.11623, -0.622764)  ( 4.09542, -0.612846) 
47   ( 4.11483, -0.639994)  ( 4.11439, -0.634027) 
46   ( 4.11825, -0.64622)  ( 4.11483, -0.639994) 
47   ( 4.11439, -0.634027)  ( 4.10166, -0.638567) 
46   ( 4.12167, -0.652446)  ( 4.11825, -0.64622) 
47   ( 4.12835, -0.658525)  ( 4.12167, -0.652446) 
46   ( 4.11825, -0.64622)  ( 4.10766, -0.652036) 
47   ( 4.13504, -0.664605)  ( 4.12835, -0.658525) 
47   ( 4.14517, -0.670187)  ( 4.13504, -0.664605) 
47   ( 4.12835, -0.658525)  ( 4.12298, -0.665269) 
46   ( 4.1553, -0.675769)  ( 4.14517, -0.670187) 
46   ( 4.16756, -0.681196)  ( 4.1553, -0.675769) 
47   ( 4.14517, -0.670187)  ( 4.14008, -0.682805) 
47   ( 4.17982, -0.686622)  ( 4.16756, -0.681196) 
47   ( 4.19186, -0.692713)  ( 4.17982, -0.686622) 
47   ( 4.16756, -0.681196)  ( 4.16223, -0.693236) 
47   ( 4.20391, -0.698804)  ( 4.19186, -0.692713) 
45   ( 4.2134, -0.70638)  ( 4.20391, -0.698804) 
47   ( 4.19186, -0.692713)  ( 4.18457, -0.708479) 
45   ( 4.22288, -0.713957)  ( 4.2134, -0.70638) 
47   ( 4.22834, -0.723124)  ( 4.22288, -0.713957) 
44   ( 4.2134, -0.70638)  ( 4.2016, -0.725164) 
47   ( 4.23381, -0.732292)  ( 4.22834, -0.723124) 
47   ( 4.23536, -0.741881)  ( 4.23381, -0.732292) 
47   ( 4.22834, -0.723124)  ( 4.21028, -0.732015) 
46   ( 4.23691, -0.75147)  ( 4.23536, -0.741881) 
46   ( 4.23483, -0.760178)  ( 4.23691, -0.75147) 
47   ( 4.23536, -0.741881)  ( 4.21704, -0.744847) 
47   ( 4.23275, -0.768887)  ( 4.23483, -0.760178) 
47   ( 4.22732, -0.775423)  ( 4.23275, -0.768887) 
47   ( 4.23483, -0.760178)  ( 4.21647, -0.755792) 
47   ( 4.22189, -0.781958)  ( 4.22732, -0.775423) 
46   ( 4.2138, -0.785404)  ( 4.22189, -0.781958) 
47   ( 4.22732, -0.775423)  ( 4.21252, -0.763126) 
45   ( 4.20571, -0.78885)  ( 4.2138, -0.785404) 
45   ( 4.1962, -0.788812)  ( 4.20571, -0.78885) 
46   ( 4.2138, -0.785404)  ( 4.20635, -0.767917) 
46   ( 4.18668, -0.788774)  ( 4.1962, -0.788812) 
47   ( 4.17703, -0.784896)  ( 4.18668, -0.788774) 
46   ( 4.1962, -0.788812)  ( 4.19627, -0.770248) 
47   ( 4.16738, -0.781018)  ( 4.17703, -0.784896) 
47   ( 4.15884, -0.772992)  ( 4.16738, -0.781018) 
47   ( 4.17703, -0.784896)  ( 4.18151, -0.764763) 
46   ( 4.1503, -0.764966)  ( 4.15884, -0.772992) 
46   ( 4.14321, -0.753753)  ( 4.1503, -0.764966) 
47   ( 4.15884, -0.772992)  ( 4.17615, -0.759814) 
47   ( 4.13612, -0.742541)  ( 4.14321, -0.753753) 
47   ( 4.12985, -0.730479)  ( 4.13612, -0.742541) 
47   ( 4.14321, -0.753753)  ( 4.15857, -0.744044) 
47   ( 4.12358, -0.718418)  ( 4.12985, -0.730479) 
47   ( 4.11745, -0.707912)  ( 4.12358, -0.718418) 
47   ( 4.12985, -0.730479)  ( 4.14061, -0.721762) 
47   ( 4.11132, -0.697407)  ( 4.11745, -0.707912) 
47   ( 4.10488, -0.690245)  ( 4.11132, -0.697407) 
47   ( 4.11745, -0.707912)  ( 4.12795, -0.701796) 
47   ( 4.09845, -0.683083)  ( 4.10488, -0.690245) 
47   ( 4.09197, -0.679271)  ( 4.09845, -0.683083) 
47   ( 4.10488, -0.690245)  ( 4.11049, -0.685204) 
46   ( 4.0855, -0.675459)  ( 4.09197, -0.679271) 
46   ( 4.07937, -0.674685)  ( 4.0855, -0.675459) 
46   ( 4.09197, -0.679271)  ( 4.09605, -0.66785) 
47   ( 4.07324, -0.673911)  ( 4.07937, -0.674685) 
47   ( 4.06785, -0.675869)  ( 4.07324, -0.673911) 
47   ( 4.07937, -0.674685)  ( 4.08031, -0.660262) 
47   ( 4.06245, -0.677827)  ( 4.06785, -0.675869) 
46   ( 4.05824, -0.68236)  ( 4.06245, -0.677827) 
46   ( 4.06785, -0.675869)  ( 4.05549, -0.65659) 
46   ( 4.05403, -0.686893)  ( 4.05824, -0.68236) 
47   ( 4.05148, -0.693989)  ( 4.05403, -0.686893) 
45   ( 4.05824, -0.68236)  ( 4.0484, -0.671716) 
47   ( 4.04894, -0.701085)  ( 4.05148, -0.693989) 
47   ( 4.04857, -0.710739)  ( 4.04894, -0.701085) 
47   ( 4.05148, -0.693989)  ( 4.04112, -0.687697) 
46   ( 4.0482, -0.720394)  ( 4.04857, -0.710739) 
46   ( 4.05019, -0.732425)  ( 4.0482, -0.720394) 
46   ( 4.04857, -0.710739)  ( 4.04105, -0.71045) 
47   ( 4.05217, -0.744457)  ( 4.05019, -0.732425) 
47   ( 4.05502, -0.757751)  ( 4.05217, -0.744457) 
47   ( 4.05019, -0.732425)  ( 4.03831, -0.734401) 
47   ( 4.05787, -0.771045)  ( 4.05502, -0.757751) 
47   ( 4.05954, -0.784173)  ( 4.05787, -0.771045) 
47   ( 4.05502, -0.757751)  ( 4.04113, -0.757701) 
46   ( 4.0612, -0.797301)  ( 4.05954, -0.784173) 
45   ( 4.05972, -0.80886)  ( 4.0612, -0.797301) 
47   ( 4.05954, -0.784173)  ( 4.04139, -0.786476) 
46   ( 4.05824, -0.820419)  ( 4.05972, -0.80886) 
46   ( 4.0533, -0.829466)  ( 4.05824, -0.820419) 
46   ( 4.05972, -0.80886)  ( 4.03797, -0.809602) 
46   ( 4.04835, -0.838513)  ( 4.0533, -0.829466) 
47   ( 4.04108, -0.844516)  ( 4.04835, -0.838513) 
46   ( 4.0533, -0.829466)  ( 4.03696, -0.816807) 
47   ( 4.03381, -0.850518)  ( 4.04108, -0.844516) 
47   ( 4.02541, -0.852959)  ( 4.03381, -0.850518) 
47   ( 4.04108, -0.844516)  ( 4.02924, -0.830169) 
45   ( 4.01701, -0.8554)  ( 4.02541, -0.852959) 
45   ( 4.00867, -0.853815)  ( 4.01701, -0.8554) 
47   ( 4.02541, -0.852959)  ( 4.02013, -0.834791) 
47   ( 4.00033, -0.852231)  ( 4.00867, -0.853815) 
47   ( 3.99317, -0.846862)  ( 4.00033, -0.852231) 
47   ( 4.00867, -0.853815)  ( 4.01223, -0.835083) 
47   ( 3.98601, -0.841493)  ( 3.99317, -0.846862) 
46   ( 3.9811, -0.833073)  ( 3.98601, -0.841493) 
47   ( 3.99317, -0.846862)  ( 4.00437, -0.831924) 
45   ( 3.9762, -0.824652)  ( 3.9811, -0.833073) 
46   ( 3.97462, -0.813922)  ( 3.9762, -0.824652) 
46   ( 3.9811, -0.833073)  ( 3.99696, -0.823836) 
47   ( 3.97305, -0.803193)  ( 3.97462, -0.813922) 
47   ( 3.97572, -0.790907)  ( 3.97305, -0.803193) 
47   ( 3.97462, -0.813922)  ( 3.99399, -0.809703) 
47   ( 3.97839, -0.778621)  ( 3.97572, -0.790907) 
47   ( 3.98396, -0.765698)  ( 3.97839, -0.778621) 
47   ( 3.97572, -0.790907)  ( 3.99663, -0.797966) 
47   ( 3.98952, -0.752776)  ( 3.98396, -0.765698) 
47   ( 3.99487, -0.740263)  ( 3.98952, -0.752776) 
47   ( 3.98396, -0.765698)  ( 3.99927, -0.774167) 
46   ( 4.00023, -0.72775)  ( 3.99487, -0.740263) 
46   ( 4.00232, -0.716676)  ( 4.00023, -0.72775) 
47   ( 3.99487, -0.740263)  ( 4.00611, -0.745073) 
47   ( 4.00442, -0.705602)  ( 4.00232, -0.716676) 
47   ( 4.00258, -0.696494)  ( 4.00442, -0.705602) 
47   ( 4.00232, -0.716676)  ( 4.01455, -0.717091) 
47   ( 4.00074, -0.687386)  ( 4.00258, -0.696494) 
47   ( 3.99682, -0.680237)  ( 4.00074, -0.687386) 
47   ( 4.00258, -0.696494)  ( 4.01477, -0.699827) 
46   ( 3.9929, -0.673088)  ( 3.99682, -0.680237) 
46   ( 3.98886, -0.667865)  ( 3.9929, -0.673088) 
47   ( 3.99682, -0.680237)  ( 4.01315, -0.671839) 
47   ( 3.98481, -0.662641)  ( 3.98886, -0.667865) 
47   ( 3.98163, -0.659227)  ( 3.98481, -0.662641) 
47   ( 3.98886, -0.667865)  ( 4.00101, -0.651079) 
47   ( 3.97845, -0.655813)  ( 3.98163, -0.659227) 
47   ( 3.97523, -0.653933)  ( 3.97845, -0.655813) 
47   ( 3.98163, -0.659227)  ( 3.98294, -0.651131) 
47   ( 3.97201, -0.652054)  ( 3.97523, -0.653933) 
47   ( 3.96766, -0.651416)  ( 3.97201, -0.652054) 
47   ( 3.97523, -0.653933)  ( 3.97892, -0.647577) 
47   ( 3.96331, -0.650779)  ( 3.96766, -0.651416) 
47   ( 3.95673, -0.651092)  ( 3.96331, -0.650779) 
47   ( 3.96766, -0.651416)  ( 3.97221, -0.645206) 
47   ( 3.95015, -0.651406)  ( 3.95673, -0.651092) 
46   ( 3.9406, -0.652303)  ( 3.95015, -0.651406) 
47   ( 3.95673, -0.651092)  ( 3.95652, -0.650019) 
44   ( 3.93104, -0.6532)  ( 3.9406, -0.652303) 
45   ( 3.91876, -0.654114)  ( 3.93104, -0.6532) 
46   ( 3.9406, -0.652303)  ( 3.94058, -0.652108) 
47   ( 3.90649, -0.655027)  ( 3.91876, -0.654114) 
47   ( 3.89189, -0.655354)  ( 3.90649, -0.655027) 
47   ( 3.91876, -0.654114)  ( 3.91805, -0.644518) 
46   ( 3.8773, -0.655681)  ( 3.89189, -0.655354) 
45   ( 3.8609, -0.654931)  ( 3.8773, -0.655681) 
47   ( 3.89189, -0.655354)  ( 3.89182, -0.651915) 
45   ( 3.8445, -0.654181)  ( 3.8609, -0.654931) 
46   ( 3.82729, -0.652516)  ( 3.8445, -0.654181) 
46   ( 3.81008, -0.65085)  ( 3.82729, -0.652516) 
46   ( 3.79325, -0.648664)  ( 3.81008, -0.65085) 
47   ( 3.77642, -0.646479)  ( 3.79325, -0.648664) 
47   ( 3.76117, -0.644169)  ( 3.77642, -0.646479) 
47   ( 3.79325, -0.648664)  ( 3.79434, -0.639462) 
47   ( 3.74591, -0.641859)  ( 3.76117, -0.644169) 
47   ( 3.73337, -0.639807)  ( 3.74591, -0.641859) 
46   ( 3.76117, -0.644169)  ( 3.7566, -0.633699) 
47   ( 3.72083, -0.637754)  ( 3.73337, -0.639807) 
45   ( 3.7113, -0.63606)  ( 3.72083, -0.637754) 
47   ( 3.73337, -0.639807)  ( 3.73803, -0.632801) 
45   ( 3.70178, -0.634367)  ( 3.7113, -0.63606) 
47   ( 3.69481, -0.632878)  ( 3.70178, -0.634367) 
45   ( 3.7113, -0.63606)  ( 3.71015, -0.625583) 
46   ( 3.68784, -0.63139)  ( 3.69481, -0.632878) 
46   ( 3.68293, -0.629943)  ( 3.68784, -0.63139) 
47   ( 3.69481, -0.632878)  ( 3.69664, -0.624329) 
47   ( 3.67802, -0.628496)  ( 3.68293, -0.629943) 
47   ( 3.67467, -0.626928)  ( 3.67802, -0.628496) 
47   ( 3.68293, -0.629943)  ( 3.68874, -0.620954) 
47   ( 3.67132, -0.625359)  ( 3.67467, -0.626928) 
47   ( 3.66904, -0.623506)  ( 3.67132, -0.625359) 
47   ( 3.67467, -0.626928)  ( 3.68539, -0.619385) 
47   ( 3.66675, -0.621652)  ( 3.66904, -0.623506) 
47   ( 3.66505, -0.619351)  ( 3.66675, -0.621652) 
47   ( 3.66904, -0.623506)  ( 3.68311, -0.617532) 
47   ( 3.66334, -0.617049)  ( 3.66505, -0.619351) 
47   ( 3.66171, -0.614136)  ( 3.66334, -0.617049) 
47   ( 3.66505, -0.619351)  ( 3.68138, -0.615181) 
47   ( 3.66008, -0.611222)  ( 3.66171, -0.614136) 
47   ( 3.65817, -0.607564)  ( 3.66008, -0.611222) 
47   ( 3.66171, -0.614136)  ( 3.67981, -0.612367) 
47   ( 3.65626, -0.603905)  ( 3.65817, -0.607564) 
47   ( 3.65402, -0.599436)  ( 3.65626, -0.603905) 
47   ( 3.65817, -0.607564)  ( 3.66556, -0.592602) 
47   ( 3.65178, -0.594967)  ( 3.65402, -0.599436) 
46   ( 3.6492, -0.589632)  ( 3.65178, -0.594967) 
47   ( 3.65402, -0.599436)  ( 3.66376, -0.589164) 
46   ( 3.64662, -0.584297)  ( 3.6492, -0.589632) 
47   ( 3.64369, -0.578041)  ( 3.64662, -0.584297) 
46   ( 3.6492, -0.589632)  ( 3.66014, -0.582428) 
47   ( 3.64077, -0.571785)  ( 3.64369, -0.578041) 
47   ( 3.63749, -0.564551)  ( 3.64077, -0.571785) 
47   ( 3.64369, -0.578041)  ( 3.65617, -0.573484) 
47   ( 3.63421, -0.557318)  ( 3.63749, -0.564551) 
47   ( 3.63058, -0.549052)  ( 3.63421, -0.557318) 
47   ( 3.63749, -0.564551)  ( 3.65324, -0.566989) 
47   ( 3.62694, -0.540786)  ( 3.63058, -0.549052) 
47   ( 3.62294, -0.531432)  ( 3.62694, -0.540786) 
47   ( 3.63058, -0.549052)  ( 3.64035, -0.540612) 
47   ( 3.61894, -0.522078)  ( 3.62294, -0.531432) 
47   ( 3.61456, -0.511581)  ( 3.61894, -0.522078) 
47   ( 3.62294, -0.531432)  ( 3.63611, -0.530317) 
47   ( 3.61019, -0.501084)  ( 3.61456, -0.511581) 
47   ( 3.60544, -0.489388)  ( 3.61019, -0.501084) 
47   ( 3.60069, -0.477692)  ( 3.60544, -0.489388) 
47   ( 3.59555, -0.464741)  ( 3.60069, -0.477692) 
47   ( 3.60544, -0.489388)  ( 3.62119, -0.486555) 
47   ( 3.59042, -0.451791)  ( 3.59555, -0.464741) 
46   ( 3.58489, -0.43753)  ( 3.59042, -0.451791) 
45   ( 3.57936, -0.42327)  ( 3.58489, -0.43753) 
46   ( 3.58121, -0.411991)  ( 3.57936, -0.42327) 
45   ( 3.58489, -0.43753)  ( 3.5931, -0.434346) 
47   ( 3.56751, -0.392019)  ( 3.57528, -0.396365) 
47   ( 3.56575, -0.387287)  ( 3.56751, -0.392019) 
47   ( 3.56399, -0.382555)  ( 3.56575, -0.387287) 
47   ( 3.56082, -0.391685)  ( 3.56399, -0.382555) 
47   ( 3.56575, -0.387287)  ( 3.57622, -0.378693) 
47   ( 3.55765, -0.400814)  ( 3.56082, -0.391685) 
47   ( 3.55282, -0.414854)  ( 3.55765, -0.400814) 
47   ( 3.56082, -0.391685)  ( 3.55862, -0.387876) 
45   ( 3.548, -0.428894)  ( 3.55282, -0.414854) 
45   ( 3.54292, -0.443768)  ( 3.548, -0.428894) 
47   ( 3.55282, -0.414854)  ( 3.54334, -0.415493) 
47   ( 3.53784, -0.458642)  ( 3.54292, -0.443768) 
47   ( 3.53249, -0.474263)  ( 3.53784, -0.458642) 
47   ( 3.52714, -0.489884)  ( 3.53249, -0.474263) 
47   ( 3.52151, -0.506169)  ( 3.52714, -0.489884) 
47   ( 3.53249, -0.474263)  ( 3.52849, -0.472894) 
47   ( 3.51588, -0.522455)  ( 3.52151, -0.506169) 
47   ( 3.50996, -0.539327)  ( 3.51588, -0.522455) 
47   ( 3.50403, -0.556198)  ( 3.50996, -0.539327) 
47   ( 3.50298, -0.559114)  ( 3.50403, -0.556198) 
46   ( 3.50996, -0.539327)  ( 3.50806, -0.53866) 
46   ( 3.50194, -0.56203)  ( 3.50298, -0.559114) 
46   ( 3.50582, -0.577318)  ( 3.50194, -0.56203) 
47   ( 3.50298, -0.559114)  ( 3.48905, -0.557781) 
46   ( 3.5097, -0.592605)  ( 3.50582, -0.577318) 
46   ( 3.51529, -0.614941)  ( 3.5097, -0.592605) 
47   ( 3.50582, -0.577318)  ( 3.50003, -0.582127) 
47   ( 3.52089, -0.637277)  ( 3.51529, -0.614941) 
47   ( 3.52592, -0.657658)  ( 3.52089, -0.637277) 
47   ( 3.53096, -0.678039)  ( 3.52592, -0.657658) 
47   ( 3.53546, -0.696561)  ( 3.53096, -0.678039) 
47   ( 3.53996, -0.715082)  ( 3.53546, -0.696561) 
47   ( 3.54397, -0.731837)  ( 3.53996, -0.715082) 
47   ( 3.53546, -0.696561)  ( 3.52866, -0.698213) 
47   ( 3.54797, -0.748593)  ( 3.54397, -0.731837) 
47   ( 3.55151, -0.763678)  ( 3.54797, -0.748593) 
47   ( 3.55505, -0.778763)  ( 3.55151, -0.763678) 
47   ( 3.55815, -0.792271)  ( 3.55505, -0.778763) 
47   ( 3.55151, -0.763678)  ( 3.54076, -0.764851) 
46   ( 3.56125, -0.80578)  ( 3.55815, -0.792271) 
46   ( 3.56395, -0.817806)  ( 3.56125, -0.80578) 
47   ( 3.55815, -0.792271)  ( 3.55795, -0.792317) 
47   ( 3.56665, -0.829833)  ( 3.56395, -0.817806) 
47   ( 3.56898, -0.840473)  ( 3.56665, -0.829833) 
47   ( 3.56395, -0.817806)  ( 3.55525, -0.819758) 
47   ( 3.57131, -0.851112)  ( 3.56898, -0.840473) 
47   ( 3.57331, -0.860459)  ( 3.57131, -0.851112) 
46   ( 3.5753, -0.869806)  ( 3.57331, -0.860459) 
46   ( 3.57698, -0.877955)  ( 3.5753, -0.869806) 
46   ( 3.57331, -0.860459)  ( 3.56498, -0.86564) 
47   ( 3.57867, -0.886104)  ( 3.57698, -0.877955) 
46   ( 3.58008, -0.89315)  ( 3.57867, -0.886104) 
47   ( 3.57698, -0.877955)  ( 3.56715, -0.876467) 
46   ( 3.58149, -0.900196)  ( 3.58008, -0.89315) 
47   ( 3.58266, -0.906232)  ( 3.58149, -0.900196) 
46   ( 3.58008, -0.89315)  ( 3.56693, -0.896584) 
47   ( 3.58382, -0.912269)  ( 3.58266, -0.906232) 
47   ( 3.58478, -0.917391)  ( 3.58382, -0.912269) 
47   ( 3.58266, -0.906232)  ( 3.57992, -0.909537) 
47   ( 3.58574, -0.922514)  ( 3.58478, -0.917391) 
47   ( 3.58652, -0.926817)  ( 3.58574, -0.922514) 
45   ( 3.58478, -0.917391)  ( 3.58345, -0.9175) 
46   ( 3.5873, -0.931119)  ( 3.58652, -0.926817) 
46   ( 3.58793, -0.934697)  ( 3.5873, -0.931119) 
46   ( 3.58652, -0.926817)  ( 3.58277, -0.92487) 
47   ( 3.58856, -0.938275)  ( 3.58793, -0.934697) 
47   ( 3.58908, -0.941222)  ( 3.58856, -0.938275) 
47   ( 3.58793, -0.934697)  ( 3.58418, -0.939129) 
47   ( 3.58959, -0.944169)  ( 3.58908, -0.941222) 
46   ( 3.59003, -0.94658)  ( 3.58959, -0.944169) 
47   ( 3.58908, -0.941222)  ( 3.58483, -0.942707) 
46   ( 3.59046, -0.948991)  ( 3.59003, -0.94658) 
47   ( 3.59085, -0.950961)  ( 3.59046, -0.948991) 
45   ( 3.59003, -0.94658)  ( 3.5856, -0.946705) 
47   ( 3.59123, -0.952931)  ( 3.59085, -0.950961) 
46   ( 3.5916, -0.954554)  ( 3.59123, -0.952931) 
47   ( 3.59085, -0.950961)  ( 3.58609, -0.949599) 
46   ( 3.59197, -0.956177)  ( 3.5916, -0.954554) 
47   ( 3.59248, -0.957562)  ( 3.59197, -0.956177) 
46   ( 3.5916, -0.954554)  ( 3.58634, -0.950723) 
45   ( 3.593, -0.958946)  ( 3.59248, -0.957562) 
44   ( 3.59393, -0.96021)  ( 3.593, -0.958946) 
47   ( 3.59248, -0.957562)  ( 3.57609, -0.962359) 
46   ( 3.59486, -0.961474)  ( 3.59393, -0.96021) 
46   ( 3.5965, -0.962738)  ( 3.59486, -0.961474) 
45   ( 3.59393, -0.96021)  ( 3.59131, -0.96708) 
46   ( 3.59814, -0.964002)  ( 3.5965, -0.962738) 
47   ( 3.60076, -0.965386)  ( 3.59814, -0.964002) 
46   ( 3.5965, -0.962738)  ( 3.59229, -0.968373) 
46   ( 3.60338, -0.96677)  ( 3.60076, -0.965386) 
46   ( 3.60728, -0.968393)  ( 3.60338, -0.96677) 
47   ( 3.60076, -0.965386)  ( 3.59741, -0.971362) 
47   ( 3.61117, -0.970016)  ( 3.60728, -0.968393) 
47   ( 3.61662, -0.971999)  ( 3.61117, -0.970016) 
47   ( 3.60728, -0.968393)  ( 3.59945, -0.972217) 
47   ( 3.62207, -0.973981)  ( 3.61662, -0.971999) 
47   ( 3.62936, -0.976443)  ( 3.62207, -0.973981) 
47   ( 3.61662, -0.971999)  ( 3.61678, -0.975944) 
47   ( 3.63665, -0.978905)  ( 3.62936, -0.976443) 
46   ( 3.64605, -0.98197)  ( 3.63665, -0.978905) 
47   ( 3.62936, -0.976443)  ( 3.62755, -0.978876) 
46   ( 3.65545, -0.985036)  ( 3.64605, -0.98197) 
47   ( 3.66692, -0.989058)  ( 3.65545, -0.985036) 
47   ( 3.67839, -0.993081)  ( 3.66692, -0.989058) 
47   ( 3.69141, -0.998744)  ( 3.67839, -0.993081) 
47   ( 3.66692, -0.989058)  ( 3.66755, -0.999739) 
46   ( 3.70443, -1.00441)  ( 3.69141, -0.998744) 
45   ( 3.71841, -1.01235)  ( 3.70443, -1.00441) 
46   ( 3.69141, -0.998744)  ( 3.69539, -1.00506) 
45   ( 3.73238, -1.02029)  ( 3.71841, -1.01235) 
45   ( 3.74545, -1.02953)  ( 3.73238, -1.02029) 
45   ( 3.71841, -1.01235)  ( 3.71311, -1.01097) 
45   ( 3.75852, -1.03877)  ( 3.74545, -1.02953) 
44   ( 3.7676, -1.04673)  ( 3.75852, -1.03877) 
44   ( 3.77669, -1.05469)  ( 3.7676, -1.04673) 
45   ( 3.78045, -1.05955)  ( 3.77669, -1.05469) 
44   ( 3.7676, -1.04673)  ( 3.76594, -1.04703) 
45   ( 3.78421, -1.06442)  ( 3.78045, -1.05955) 
45   ( 3.78489, -1.06607)  ( 3.78421, -1.06442) 
45   ( 3.78045, -1.05955)  ( 3.78015, -1.06017) 
45   ( 3.78558, -1.06771)  ( 3.78489, -1.06607) 
45   ( 3.78585, -1.06622)  ( 3.78558, -1.06771) 
45   ( 3.78489, -1.06607)  ( 3.78089, -1.06584) 
45   ( 3.78613, -1.06473)  ( 3.78585, -1.06622) 
45   ( 3.78729, -1.06018)  ( 3.78613, -1.06473) 
44   ( 3.78585, -1.06622)  ( 3.8009, -1.06743) 
45   ( 3.78844, -1.05563)  ( 3.78729, -1.06018) 
44   ( 3.7883, -1.04814)  ( 3.78844, -1.05563) 
45   ( 3.78729, -1.06018)  ( 3.80135, -1.06375) 
44   ( 3.78816, -1.04065)  ( 3.7883, -1.04814) 
45   ( 3.78405, -1.03034)  ( 3.78816, -1.04065) 
44   ( 3.7883, -1.04814)  ( 3.79692, -1.03998) 
45   ( 3.77995, -1.02003)  ( 3.78405, -1.03034) 
44   ( 3.7718, -1.00746)  ( 3.77995, -1.02003) 
45   ( 3.78405, -1.03034)  ( 3.79472, -1.03079) 
45   ( 3.76365, -0.994885)  ( 3.7718, -1.00746) 
47   ( 3.75551, -0.981323)  ( 3.76365, -0.994885) 
44   ( 3.7718, -1.00746)  ( 3.78064, -1.00173) 
47   ( 3.74737, -0.967761)  ( 3.75551, -0.981323) 
47   ( 3.74348, -0.954534)  ( 3.74737, -0.967761) 
46   ( 3.75551, -0.981323)  ( 3.76917, -0.97287) 
47   ( 3.73959, -0.941307)  ( 3.74348, -0.954534) 
47   ( 3.74116, -0.929671)  ( 3.73959, -0.941307) 
46   ( 3.74348, -0.954534)  ( 3.76269, -0.94447) 
47   ( 3.74273, -0.918035)  ( 3.74116, -0.929671) 
47   ( 3.74839, -0.909188)  ( 3.74273, -0.918035) 
46   ( 3.74116, -0.929671)  ( 3.7605, -0.936228) 
47   ( 3.75404, -0.900341)  ( 3.74839, -0.909188) 
47   ( 3.76234, -0.895479)  ( 3.75404, -0.900341) 
47   ( 3.74839, -0.909188)  ( 3.76361, -0.918929) 
47   ( 3.77064, -0.890616)  ( 3.76234, -0.895479) 
46   ( 3.7801, -0.890622)  ( 3.77064, -0.890616) 
47   ( 3.76234, -0.895479)  ( 3.77176, -0.911544) 
46   ( 3.78956, -0.890628)  ( 3.7801, -0.890622) 
46   ( 3.7986, -0.895225)  ( 3.78956, -0.890628) 
46   ( 3.7801, -0.890622)  ( 3.78009, -0.909329) 
46   ( 3.80764, -0.899822)  ( 3.7986, -0.895225) 
47   ( 3.81465, -0.908463)  ( 3.80764, -0.899822) 
46   ( 3.7986, -0.895225)  ( 3.79032, -0.911493) 
47   ( 3.82166, -0.917105)  ( 3.81465, -0.908463) 
47   ( 3.82508, -0.929225)  ( 3.82166, -0.917105) 
46   ( 3.81465, -0.908463)  ( 3.8011, -0.922695) 
47   ( 3.82851, -0.941345)  ( 3.82508, -0.929225) 
47   ( 3.82847, -0.955718)  ( 3.82851, -0.941345) 
47   ( 3.82508, -0.929225)  ( 3.80423, -0.932321) 
47   ( 3.82844, -0.970092)  ( 3.82847, -0.955718) 
47   ( 3.82717, -0.984665)  ( 3.82844, -0.970092) 
47   ( 3.82847, -0.955718)  ( 3.81088, -0.955672) 
47   ( 3.82591, -0.999239)  ( 3.82717, -0.984665) 
46   ( 3.82579, -1.01192)  ( 3.82591, -0.999239) 
47   ( 3.82717, -0.984665)  ( 3.81357, -0.984396) 
44   ( 3.82566, -1.0246)  ( 3.82579, -1.01192) 
44   ( 3.82795, -1.03406)  ( 3.82566, -1.0246) 
45   ( 3.82579, -1.01192)  ( 3.81218, -1.01165) 
45   ( 3.83025, -1.04353)  ( 3.82795, -1.03406) 
45   ( 3.83451, -1.04972)  ( 3.83025, -1.04353) 
45   ( 3.82795, -1.03406)  ( 3.81976, -1.03576) 
45   ( 3.83878, -1.05592)  ( 3.83451, -1.04972) 
45   ( 3.84438, -1.05893)  ( 3.83878, -1.05592) 
45   ( 3.83451, -1.04972)  ( 3.82491, -1.05633) 
45   ( 3.84998, -1.06193)  ( 3.84438, -1.05893) 
45   ( 3.85631, -1.06175)  ( 3.84998, -1.06193) 
45   ( 3.84438, -1.05893)  ( 3.83332, -1.06597) 
45   ( 3.86264, -1.06156)  ( 3.85631, -1.06175) 
45   ( 3.86914, -1.05794)  ( 3.86264, -1.06156) 
45   ( 3.85631, -1.06175)  ( 3.86363, -1.07269) 
45   ( 3.87565, -1.05431)  ( 3.86914, -1.05794) 
44   ( 3.88179, -1.0469)  ( 3.87565, -1.05431) 
45   ( 3.86914, -1.05794)  ( 3.87477, -1.06803) 
43   ( 3.88794, -1.0395)  ( 3.88179, -1.0469) 
44   ( 3.89327, -1.02813)  ( 3.88794, -1.0395) 
43   ( 3.88179, -1.0469)  ( 3.88928, -1.0517) 
44   ( 3.8986, -1.01676)  ( 3.89327, -1.02813) 
44   ( 3.90366, -1.00308)  ( 3.8986, -1.01676) 
45   ( 3.89327, -1.02813)  ( 3.90591, -1.03313) 
46   ( 3.90873, -0.989401)  ( 3.90366, -1.00308) 
45   ( 3.91474, -0.9763)  ( 3.90873, -0.989401) 
44   ( 3.90366, -1.00308)  ( 3.9163, -1.00809) 
45   ( 3.92076, -0.963199)  ( 3.91474, -0.9763) 
46   ( 3.92889, -0.95351)  ( 3.92076, -0.963199) 
45   ( 3.91474, -0.9763)  ( 3.93052, -0.983542) 
46   ( 3.93701, -0.943821)  ( 3.92889, -0.95351) 
47   ( 3.94694, -0.938777)  ( 3.93701, -0.943821) 
46   ( 3.92889, -0.95351)  ( 3.94725, -0.964504) 
47   ( 3.95687, -0.933734)  ( 3.94694, -0.938777) 
47   ( 3.96699, -0.933139)  ( 3.95687, -0.933734) 
46   ( 3.94694, -0.938777)  ( 3.95314, -0.95792) 
46   ( 3.9771, -0.932544)  ( 3.96699, -0.933139) 
46   ( 3.98572, -0.936152)  ( 3.9771, -0.932544) 
47   ( 3.96699, -0.933139)  ( 3.96806, -0.951444) 
46   ( 3.99435, -0.93976)  ( 3.98572, -0.936152) 
46   ( 3.99997, -0.947143)  ( 3.99435, -0.93976) 
47   ( 3.98572, -0.936152)  ( 3.97844, -0.953569) 
46   ( 4.0056, -0.954526)  ( 3.99997, -0.947143) 
46   ( 4.00744, -0.964364)  ( 4.0056, -0.954526) 
47   ( 3.99997, -0.947143)  ( 3.98492, -0.958615) 
47   ( 4.00929, -0.974201)  ( 4.00744, -0.964364) 
46   ( 4.0068, -0.984902)  ( 4.00929, -0.974201) 
47   ( 4.00744, -0.964364)  ( 3.98937, -0.967755) 
46   ( 4.00432, -0.995602)  ( 4.0068, -0.984902) 
46   ( 3.99697, -1.00559)  ( 4.00432, -0.995602) 
46   ( 4.0068, -0.984902)  ( 3.98817, -0.981648) 
45   ( 3.98962, -1.01557)  ( 3.99697, -1.00559) 
44   ( 3.9782, -1.02408)  ( 3.98962, -1.01557) 
46   ( 3.99697, -1.00559)  ( 3.98105, -0.992483) 
44   ( 3.96679, -1.03259)  ( 3.9782, -1.02408) 
45   ( 3.95421, -1.04018)  ( 3.96679, -1.03259) 
44   ( 3.9782, -1.02408)  ( 3.96731, -1.00947) 
45   ( 3.94163, -1.04777)  ( 3.95421, -1.04018) 
45   ( 3.93097, -1.05511)  ( 3.94163, -1.04777) 
45   ( 3.95421, -1.04018)  ( 3.94532, -1.02968) 
45   ( 3.92032, -1.06245)  ( 3.93097, -1.05511) 
45   ( 3.91365, -1.06988)  ( 3.92032, -1.06245) 
45   ( 3.93097, -1.05511)  ( 3.92386, -1.04478) 
45   ( 3.90697, -1.07731)  ( 3.91365, -1.06988) 
45   ( 3.90414, -1.08445)  ( 3.90697, -1.07731) 
45   ( 3.91365, -1.06988)  ( 3.90792, -1.06473) 
44   ( 3.9013, -1.09159)  ( 3.90414, -1.08445) 
44   ( 3.90187, -1.09798)  ( 3.9013, -1.09159) 
43   ( 3.90414, -1.08445)  ( 3.893, -1.08002) 
45   ( 3.90244, -1.10437)  ( 3.90187, -1.09798) 
45   ( 3.90605, -1.10952)  ( 3.90244, -1.10437) 
45   ( 3.90187, -1.09798)  ( 3.88921, -1.09421) 
45   ( 3.90965, -1.11467)  ( 3.90605, -1.10952) 
43   ( 3.91614, -1.118)  ( 3.90965, -1.11467) 
45   ( 3.90605, -1.10952)  ( 3.88727, -1.12264) 
43   ( 3.92264, -1.12133)  ( 3.91614, -1.118) 
44   ( 3.93199, -1.1222)  ( 3.92264, -1.12133) 
42   ( 3.91614, -1.118)  ( 3.9059, -1.12775) 
44   ( 3.94134, -1.12308)  ( 3.93199, -1.1222) 
45   ( 3.95344, -1.12097)  ( 3.94134, -1.12308) 
44   ( 3.93199, -1.1222)  ( 3.93236, -1.13172) 
45   ( 3.96554, -1.11885)  ( 3.95344, -1.12097) 
44   ( 3.9795, -1.11494)  ( 3.96554, -1.11885) 
45   ( 3.95344, -1.12097)  ( 3.95124, -1.13065) 
44   ( 3.99345, -1.11103)  ( 3.9795, -1.11494) 
45   ( 4.00764, -1.10798)  ( 3.99345, -1.11103) 
44   ( 3.9795, -1.11494)  ( 3.98291, -1.12713) 
45   ( 4.02184, -1.10493)  ( 4.00764, -1.10798) 
44   ( 4.03465, -1.1054)  ( 4.02184, -1.10493) 
45   ( 4.00764, -1.10798)  ( 4.01125, -1.12454) 
44   ( 4.04747, -1.10587)  ( 4.03465, -1.1054) 
45   ( 4.05766, -1.11061)  ( 4.04747, -1.10587) 
42   ( 4.03465, -1.1054)  ( 4.03779, -1.127) 
45   ( 4.06786, -1.11535)  ( 4.05766, -1.11061) 
43   ( 4.07464, -1.123)  ( 4.06786, -1.11535) 
45   ( 4.05766, -1.11061)  ( 4.04584, -1.12742) 
43   ( 4.08141, -1.13064)  ( 4.07464, -1.123) 
45   ( 4.08398, -1.13968)  ( 4.08141, -1.13064) 
43   ( 4.07464, -1.123)  ( 4.06094, -1.13514) 
45   ( 4.08656, -1.14873)  ( 4.08398, -1.13968) 
44   ( 4.08432, -1.1577)  ( 4.08656, -1.14873) 
45   ( 4.08398, -1.13968)  ( 4.06587, -1.14484) 
44   ( 4.08208, -1.16666)  ( 4.08432, -1.1577) 
45   ( 4.07555, -1.17414)  ( 4.08208, -1.16666) 
44   ( 4.08432, -1.1577)  ( 4.06593, -1.15311) 
45   ( 4.06902, -1.18162)  ( 4.07555, -1.17414) 
45   ( 4.05916, -1.18623)  ( 4.06902, -1.18162) 
45   ( 4.07555, -1.17414)  ( 4.06166, -1.16202) 
44   ( 4.0493, -1.19084)  ( 4.05916, -1.18623) 
44   ( 4.03707, -1.19121)  ( 4.0493, -1.19084) 
45   ( 4.05916, -1.18623)  ( 4.05107, -1.16956) 
45   ( 4.02484, -1.19157)  ( 4.03707, -1.19121) 
44   ( 4.0113, -1.18761)  ( 4.02484, -1.19157) 
45   ( 4.03707, -1.19121)  ( 4.03676, -1.17095) 
44   ( 3.99776, -1.18366)  ( 4.0113, -1.18761) 
45   ( 3.98417, -1.17796)  ( 3.99776, -1.18366) 
43   ( 4.0113, -1.18761)  ( 4.0166, -1.16944) 
45   ( 3.97058, -1.17226)  ( 3.98417, -1.17796) 
44   ( 3.9582, -1.16771)  ( 3.97058, -1.17226) 
45   ( 3.98417, -1.17796)  ( 3.98622, -1.16409) 
44   ( 3.94583, -1.16316)  ( 3.9582, -1.16771) 
45   ( 3.93568, -1.16183)  ( 3.94583, -1.16316) 
44   ( 3.9582, -1.16771)  ( 3.96224, -1.15684) 
44   ( 3.92553, -1.1605)  ( 3.93568, -1.16183) 
44   ( 3.91785, -1.16216)  ( 3.92553, -1.1605) 
45   ( 3.93568, -1.16183)  ( 3.93663, -1.15456) 
45   ( 3.91017, -1.16382)  ( 3.91785, -1.16216) 
44   ( 3.9051, -1.16785)  ( 3.91017, -1.16382) 
45   ( 3.91785, -1.16216)  ( 3.91488, -1.15028) 
44   ( 3.90002, -1.17188)  ( 3.9051, -1.16785) 
44   ( 3.8977, -1.17769)  ( 3.90002, -1.17188) 
44   ( 3.9051, -1.16785)  ( 3.89954, -1.15563) 
43   ( 3.89539, -1.1835)  ( 3.8977, -1.17769) 
43   ( 3.8962, -1.19061)  ( 3.89539, -1.1835) 
44   ( 3.8977, -1.17769)  ( 3.87627, -1.16913) 
44   ( 3.89702, -1.19772)  ( 3.8962, -1.19061) 
45   ( 3.90145, -1.20574)  ( 3.89702, -1.19772) 
44   ( 3.8962, -1.19061)  ( 3.88211, -1.18766) 
45   ( 3.90589, -1.21375)  ( 3.90145, -1.20574) 
45   ( 3.91435, -1.22227)  ( 3.90589, -1.21375) 
45   ( 3.90145, -1.20574)  ( 3.89498, -1.21299) 
45   ( 3.92282, -1.23079)  ( 3.91435, -1.22227) 
45   ( 3.93408, -1.23973)  ( 3.92282, -1.23079) 
44   ( 3.91435, -1.22227)  ( 3.9054, -1.22634) 
45   ( 3.94535, -1.24867)  ( 3.93408, -1.23973) 
45   ( 3.95634, -1.25828)  ( 3.94535, -1.24867) 
45   ( 3.93408, -1.23973)  ( 3.92684, -1.24885) 
44   ( 3.96733, -1.2679)  ( 3.95634, -1.25828) 
44   ( 3.97492, -1.27845)  ( 3.96733, -1.2679) 
45   ( 3.95634, -1.25828)  ( 3.94557, -1.27118) 
45   ( 3.98251, -1.28901)  ( 3.97492, -1.27845) 
44   ( 3.9851, -1.30007)  ( 3.98251, -1.28901) 
45   ( 3.97492, -1.27845)  ( 3.95891, -1.29355) 
44   ( 3.98769, -1.31113)  ( 3.9851, -1.30007) 
45   ( 3.98586, -1.32126)  ( 3.98769, -1.31113) 
44   ( 3.9851, -1.30007)  ( 3.96504, -1.30207) 
45   ( 3.98403, -1.33139)  ( 3.98586, -1.32126) 
45   ( 3.97852, -1.33909)  ( 3.98403, -1.33139) 
43   ( 3.98586, -1.32126)  ( 3.96787, -1.318) 
45   ( 3.97301, -1.34678)  ( 3.97852, -1.33909) 
45   ( 3.96464, -1.35064)  ( 3.97301, -1.34678) 
45   ( 3.97852, -1.33909)  ( 3.96324, -1.32815) 
45   ( 3.95628, -1.35449)  ( 3.96464, -1.35064) 
43   ( 3.94644, -1.354)  ( 3.95628, -1.35449) 
43   ( 3.96464, -1.35064)  ( 3.9567, -1.3334) 
42   ( 3.9366, -1.35351)  ( 3.94644, -1.354) 
44   ( 3.92697, -1.34864)  ( 3.9366, -1.35351) 
43   ( 3.94644, -1.354)  ( 3.94736, -1.33553) 
45   ( 3.91734, -1.34377)  ( 3.92697, -1.34864) 
45   ( 3.90961, -1.33449)  ( 3.91734, -1.34377) 
45   ( 3.92697, -1.34864)  ( 3.93523, -1.33222) 
45   ( 3.90187, -1.32521)  ( 3.90961, -1.33449) 
45   ( 3.89691, -1.31217)  ( 3.90187, -1.32521) 
45   ( 3.90961, -1.33449)  ( 3.92498, -1.32175) 
45   ( 3.89195, -1.29913)  ( 3.89691, -1.31217) 
45   ( 3.88851, -1.28476)  ( 3.89195, -1.29913) 
45   ( 3.89691, -1.31217)  ( 3.91501, -1.30484) 
44   ( 3.88507, -1.2704)  ( 3.88851, -1.28476) 
44   ( 3.88157, -1.25745)  ( 3.88507, -1.2704) 
43   ( 3.88851, -1.28476)  ( 3.9057, -1.2808) 
44   ( 3.87806, -1.2445)  ( 3.88157, -1.25745) 
44   ( 3.87328, -1.23515)  ( 3.87806, -1.2445) 
45   ( 3.88157, -1.25745)  ( 3.89573, -1.26032) 
44   ( 3.86851, -1.2258)  ( 3.87328, -1.23515) 
44   ( 3.86272, -1.22023)  ( 3.86851, -1.2258) 
45   ( 3.87328, -1.23515)  ( 3.87969, -1.23188) 
45   ( 3.85693, -1.21467)  ( 3.86272, -1.22023) 
45   ( 3.85069, -1.21262)  ( 3.85693, -1.21467) 
45   ( 3.86272, -1.22023)  ( 3.87003, -1.21052) 
45   ( 3.84446, -1.21058)  ( 3.85069, -1.21262) 
45   ( 3.83836, -1.21182)  ( 3.84446, -1.21058) 
45   ( 3.85069, -1.21262)  ( 3.85637, -1.20003) 
45   ( 3.83226, -1.21307)  ( 3.83836, -1.21182) 
44   ( 3.82688, -1.2176)  ( 3.83226, -1.21307) 
45   ( 3.83836, -1.21182)  ( 3.83259, -1.18949) 
44   ( 3.82151, -1.22214)  ( 3.82688, -1.2176) 
45   ( 3.81748, -1.23011)  ( 3.82151, -1.22214) 
44   ( 3.82688, -1.2176)  ( 3.82107, -1.20415) 
45   ( 3.81345, -1.23809)  ( 3.81748, -1.23011) 
45   ( 3.81135, -1.24963)  ( 3.81345, -1.23809) 
45   ( 3.81748, -1.23011)  ( 3.80717, -1.23103) 
45   ( 3.80925, -1.26117)  ( 3.81135, -1.24963) 
44   ( 3.80861, -1.2754)  ( 3.80925, -1.26117) 
45   ( 3.81135, -1.24963)  ( 3.80288, -1.24469) 
44   ( 3.80796, -1.28963)  ( 3.80861, -1.2754) 
45   ( 3.80681, -1.30424)  ( 3.80796, -1.28963) 
44   ( 3.80861, -1.2754)  ( 3.79769, -1.27491) 
45   ( 3.80567, -1.31886)  ( 3.80681, -1.30424) 
45   ( 3.80197, -1.33148)  ( 3.80567, -1.31886) 
45   ( 3.80681, -1.30424)  ( 3.78946, -1.30479) 
45   ( 3.79827, -1.34409)  ( 3.80197, -1.33148) 
45   ( 3.79118, -1.35302)  ( 3.79827, -1.34409) 
45   ( 3.80197, -1.33148)  ( 3.78017, -1.32729) 
45   ( 3.78409, -1.36194)  ( 3.79118, -1.35302) 
43   ( 3.775, -1.36678)  ( 3.78409, -1.36194) 
45   ( 3.79118, -1.35302)  ( 3.77663, -1.33951) 
42   ( 3.7659, -1.37161)  ( 3.775, -1.36678) 
43   ( 3.75643, -1.3721)  ( 3.7659, -1.37161) 
43   ( 3.775, -1.36678)  ( 3.76639, -1.35059) 
44   ( 3.74696, -1.37259)  ( 3.75643, -1.3721) 
45   ( 3.73872, -1.36855)  ( 3.74696, -1.37259) 
44   ( 3.75643, -1.3721)  ( 3.75547, -1.35348) 
45   ( 3.73047, -1.36451)  ( 3.73872, -1.36855) 
44   ( 3.72475, -1.3566)  ( 3.73047, -1.36451) 
43   ( 3.73872, -1.36855)  ( 3.747, -1.35166) 
43   ( 3.71902, -1.3487)  ( 3.72475, -1.3566) 
44   ( 3.71689, -1.33817)  ( 3.71902, -1.3487) 
43   ( 3.72475, -1.3566)  ( 3.7396, -1.34584) 
45   ( 3.71477, -1.32765)  ( 3.71689, -1.33817) 
45   ( 3.71733, -1.31575)  ( 3.71477, -1.32765) 
45   ( 3.71689, -1.33817)  ( 3.73464, -1.33459) 
44   ( 3.7199, -1.30385)  ( 3.71733, -1.31575) 
44   ( 3.72753, -1.29171)  ( 3.7199, -1.30385) 
45   ( 3.71733, -1.31575)  ( 3.73641, -1.31987) 
45   ( 3.73515, -1.27956)  ( 3.72753, -1.29171) 
45   ( 3.74473, -1.26764)  ( 3.73515, -1.27956) 
45   ( 3.72753, -1.29171)  ( 3.74442, -1.30152) 
45   ( 3.75431, -1.25573)  ( 3.74473, -1.26764) 
45   ( 3.76164, -1.24434)  ( 3.75431, -1.25573) 
45   ( 3.74473, -1.26764)  ( 3.75832, -1.27896) 
45   ( 3.76898, -1.23296)  ( 3.76164, -1.24434) 
45   ( 3.77113, -1.22244)  ( 3.76898, -1.23296) 
45   ( 3.76164, -1.24434)  ( 3.76948, -1.25774) 
45   ( 3.77329, -1.21193)  ( 3.77113, -1.22244) 
45   ( 3.77172, -1.20284)  ( 3.77329, -1.21193) 
44   ( 3.77113, -1.22244)  ( 3.7822, -1.22471) 
45   ( 3.77015, -1.19375)  ( 3.77172, -1.20284) 
44   ( 3.7673, -1.18669)  ( 3.77015, -1.19375) 
45   ( 3.77172, -1.20284)  ( 3.79011, -1.19544) 
44   ( 3.76445, -1.17962)  ( 3.7673, -1.18669) 
45   ( 3.76199, -1.17491)  ( 3.76445, -1.17962) 
43   ( 3.7673, -1.18669)  ( 3.79304, -1.1763) 
45   ( 3.75954, -1.17019)  ( 3.76199, -1.17491) 
45   ( 3.75667, -1.16728)  ( 3.75954, -1.17019) 
45   ( 3.76199, -1.17491)  ( 3.76959, -1.16121) 
45   ( 3.75381, -1.16437)  ( 3.75667, -1.16728) 
45   ( 3.74923, -1.16255)  ( 3.75381, -1.16437) 
44   ( 3.75667, -1.16728)  ( 3.76713, -1.1565) 
45   ( 3.74465, -1.16073)  ( 3.74923, -1.16255) 
45   ( 3.73707, -1.15927)  ( 3.74465, -1.16073) 
45   ( 3.74923, -1.16255)  ( 3.74766, -1.15437) 
45   ( 3.72948, -1.15781)  ( 3.73707, -1.15927) 
45   ( 3.71835, -1.15605)  ( 3.72948, -1.15781) 
45   ( 3.73707, -1.15927)  ( 3.73809, -1.15342) 
45   ( 3.70721, -1.15429)  ( 3.71835, -1.15605) 
45   ( 3.69328, -1.15168)  ( 3.70721, -1.15429) 
44   ( 3.71835, -1.15605)  ( 3.71822, -1.1513) 
45   ( 3.67935, -1.14907)  ( 3.69328, -1.15168) 
45   ( 3.66352, -1.14508)  ( 3.67935, -1.14907) 
45   ( 3.69328, -1.15168)  ( 3.69361, -1.14991) 
45   ( 3.64769, -1.14108)  ( 3.66352, -1.14508) 
45   ( 3.63094, -1.13565)  ( 3.64769, -1.14108) 
45   ( 3.61419, -1.13022)  ( 3.63094, -1.13565) 
45   ( 3.59765, -1.12406)  ( 3.61419, -1.13022) 
45   ( 3.63094, -1.13565)  ( 3.63337, -1.12815) 
44   ( 3.58112, -1.1179)  ( 3.59765, -1.12406) 
44   ( 3.56595, -1.11179)  ( 3.58112, -1.1179) 
44   ( 3.59765, -1.12406)  ( 3.59786, -1.1235) 
45   ( 3.55079, -1.10567)  ( 3.56595, -1.11179) 
45   ( 3.54301, -1.10208)  ( 3.55079, -1.10567) 
45   ( 3.52545, -1.09504)  ( 3.53034, -1.09677) 
45   ( 3.51573, -1.09086)  ( 3.52545, -1.09504) 
45   ( 3.50602, -1.08667)  ( 3.51573, -1.09086) 
45   ( 3.49885, -1.08339)  ( 3.50602, -1.08667) 
44   ( 3.51573, -1.09086)  ( 3.51546, -1.0772) 
45   ( 3.49169, -1.08011)  ( 3.49885, -1.08339) 
45   ( 3.48663, -1.07748)  ( 3.49169, -1.08011) 
44   ( 3.49885, -1.08339)  ( 3.50746, -1.0742) 
45   ( 3.48157, -1.07486)  ( 3.48663, -1.07748) 
45   ( 3.47816, -1.07263)  ( 3.48157, -1.07486) 
44   ( 3.48663, -1.07748)  ( 3.49702, -1.0679) 
44   ( 3.47476, -1.0704)  ( 3.47816, -1.07263) 
44   ( 3.47255, -1.06831)  ( 3.47476, -1.0704) 
45   ( 3.47816, -1.07263)  ( 3.47682, -1.05835) 
45   ( 3.47034, -1.06623)  ( 3.47255, -1.06831) 
45   ( 3.46889, -1.06403)  ( 3.47034, -1.06623) 
45   ( 3.47255, -1.06831)  ( 3.47342, -1.05612) 
45   ( 3.46743, -1.06183)  ( 3.46889, -1.06403) 
45   ( 3.46627, -1.05927)  ( 3.46743, -1.06183) 
45   ( 3.46889, -1.06403)  ( 3.47121, -1.05403) 
44   ( 3.46512, -1.0567)  ( 3.46627, -1.05927) 
44   ( 3.46386, -1.05354)  ( 3.46512, -1.0567) 
44   ( 3.46627, -1.05927)  ( 3.46974, -1.0518) 
44   ( 3.4626, -1.05037)  ( 3.46386, -1.05354) 
44   ( 3.46112, -1.04649)  ( 3.4626, -1.05037) 
44   ( 3.46386, -1.05354)  ( 3.46861, -1.0493) 
44   ( 3.45965, -1.0426)  ( 3.46112, -1.04649) 
44   ( 3.45794, -1.03791)  ( 3.45965, -1.0426) 
45   ( 3.46112, -1.04649)  ( 3.46555, -1.04286) 
45   ( 3.45624, -1.03323)  ( 3.45794, -1.03791) 
44   ( 3.4543, -1.02767)  ( 3.45624, -1.03323) 
45   ( 3.45794, -1.03791)  ( 3.46423, -1.03812) 
43   ( 3.45235, -1.0221)  ( 3.4543, -1.02767) 
44   ( 3.45016, -1.01558)  ( 3.45235, -1.0221) 
43   ( 3.4543, -1.02767)  ( 3.4626, -1.03316) 
45   ( 3.44797, -1.00906)  ( 3.45016, -1.01558) 
45   ( 3.44552, -1.00151)  ( 3.44797, -1.00906) 
45   ( 3.45016, -1.01558)  ( 3.45424, -1.00937) 
46   ( 3.44307, -0.993953)  ( 3.44552, -1.00151) 
47   ( 3.44034, -0.985285)  ( 3.44307, -0.993953) 
46   ( 3.44552, -1.00151)  ( 3.44844, -0.999936) 
47   ( 3.43762, -0.976617)  ( 3.44034, -0.985285) 
47   ( 3.43461, -0.966757)  ( 3.43762, -0.976617) 
47   ( 3.44034, -0.985285)  ( 3.44694, -0.987231) 
47   ( 3.43161, -0.956897)  ( 3.43461, -0.966757) 
47   ( 3.42831, -0.945766)  ( 3.43161, -0.956897) 
47   ( 3.43461, -0.966757)  ( 3.44107, -0.959297) 
47   ( 3.42501, -0.934635)  ( 3.42831, -0.945766) 
46   ( 3.4214, -0.922155)  ( 3.42501, -0.934635) 
47   ( 3.42831, -0.945766)  ( 3.43823, -0.948785) 
45   ( 3.4178, -0.909676)  ( 3.4214, -0.922155) 
46   ( 3.41388, -0.895768)  ( 3.4178, -0.909676) 
46   ( 3.4214, -0.922155)  ( 3.43204, -0.919083) 
47   ( 3.40996, -0.881861)  ( 3.41388, -0.895768) 
47   ( 3.40572, -0.866447)  ( 3.40996, -0.881861) 
47   ( 3.41388, -0.895768)  ( 3.41421, -0.895676) 
47   ( 3.40147, -0.851033)  ( 3.40572, -0.866447) 
47   ( 3.39785, -0.837609)  ( 3.40147, -0.851033) 
47   ( 3.40572, -0.866447)  ( 3.41615, -0.862811) 
47   ( 3.39423, -0.824184)  ( 3.39785, -0.837609) 
47   ( 3.38754, -0.837743)  ( 3.39423, -0.824184) 
47   ( 3.39785, -0.837609)  ( 3.40361, -0.836056) 
47   ( 3.38085, -0.851302)  ( 3.38754, -0.837743) 
46   ( 3.37085, -0.87033)  ( 3.38085, -0.851302) 
47   ( 3.38754, -0.837743)  ( 3.37991, -0.833977) 
46   ( 3.36085, -0.889359)  ( 3.37085, -0.87033) 
47   ( 3.35358, -0.898568)  ( 3.36085, -0.889359) 
47   ( 3.33953, -0.927251)  ( 3.34292, -0.917514) 
47   ( 3.32818, -0.946026)  ( 3.33953, -0.927251) 
47   ( 3.31682, -0.964802)  ( 3.32818, -0.946026) 
46   ( 3.3049, -0.983093)  ( 3.31682, -0.964802) 
46   ( 3.32818, -0.946026)  ( 3.32784, -0.94582) 
45   ( 3.29297, -1.00138)  ( 3.3049, -0.983093) 
44   ( 3.28054, -1.0191)  ( 3.29297, -1.00138) 
43   ( 3.2681, -1.03681)  ( 3.28054, -1.0191) 
44   ( 3.25518, -1.05393)  ( 3.2681, -1.03681) 
45   ( 3.24226, -1.07105)  ( 3.25518, -1.05393) 
45   ( 3.22888, -1.08756)  ( 3.24226, -1.07105) 
45   ( 3.25518, -1.05393)  ( 3.25444, -1.05336) 
44   ( 3.2155, -1.10408)  ( 3.22888, -1.08756) 
44   ( 3.20169, -1.11997)  ( 3.2155, -1.10408) 
45   ( 3.18787, -1.13587)  ( 3.20169, -1.11997) 
45   ( 3.17365, -1.15114)  ( 3.18787, -1.13587) 
44   ( 3.15942, -1.1664)  ( 3.17365, -1.15114) 
43   ( 3.1448, -1.18103)  ( 3.15942, -1.1664) 
45   ( 3.17365, -1.15114)  ( 3.17129, -1.14894) 
44   ( 3.13019, -1.19565)  ( 3.1448, -1.18103) 
45   ( 3.12274, -1.20261)  ( 3.13019, -1.19565) 
43   ( 3.1448, -1.18103)  ( 3.1318, -1.17811) 
45   ( 3.11528, -1.20956)  ( 3.12274, -1.20261) 
45   ( 3.12837, -1.21015)  ( 3.11528, -1.20956) 
45   ( 3.12274, -1.20261)  ( 3.11989, -1.19073) 
45   ( 3.14146, -1.21074)  ( 3.12837, -1.21015) 
44   ( 3.15809, -1.2116)  ( 3.14146, -1.21074) 
45   ( 3.12837, -1.21015)  ( 3.12639, -1.21423) 
44   ( 3.17472, -1.21245)  ( 3.15809, -1.2116) 
45   ( 3.18975, -1.21333)  ( 3.17472, -1.21245) 
44   ( 3.15809, -1.2116)  ( 3.16445, -1.21572) 
45   ( 3.20477, -1.21421)  ( 3.18975, -1.21333) 
45   ( 3.21828, -1.21511)  ( 3.20477, -1.21421) 
45   ( 3.18975, -1.21333)  ( 3.18365, -1.21543) 
43   ( 3.23178, -1.216)  ( 3.21828, -1.21511) 
43   ( 3.24383, -1.21689)  ( 3.23178, -1.216) 
45   ( 3.21828, -1.21511)  ( 3.21748, -1.22459) 
45   ( 3.25588, -1.21779)  ( 3.24383, -1.21689) 
45   ( 3.26655, -1.21868)  ( 3.25588, -1.21779) 
45   ( 3.24383, -1.21689)  ( 3.24376, -1.21778) 
45   ( 3.27723, -1.21956)  ( 3.26655, -1.21868) 
44   ( 3.2866, -1.22043)  ( 3.27723, -1.21956) 
45   ( 3.26655, -1.21868)  ( 3.26198, -1.22454) 
43   ( 3.29597, -1.2213)  ( 3.2866, -1.22043) 
44   ( 3.30412, -1.22215)  ( 3.29597, -1.2213) 
45   ( 3.31227, -1.22299)  ( 3.30412, -1.22215) 
44   ( 3.31926, -1.2238)  ( 3.31227, -1.22299) 
45   ( 3.30412, -1.22215)  ( 3.30131, -1.22436) 
43   ( 3.32626, -1.2246)  ( 3.31926, -1.2238) 
44   ( 3.33218, -1.22536)  ( 3.32626, -1.2246) 
44   ( 3.31926, -1.2238)  ( 3.31984, -1.23959) 
44   ( 3.3381, -1.22612)  ( 3.33218, -1.22536) 
44   ( 3.34302, -1.22682)  ( 3.3381, -1.22612) 
45   ( 3.33218, -1.22536)  ( 3.33495, -1.22744) 
45   ( 3.34794, -1.22752)  ( 3.34302, -1.22682) 
45   ( 3.35193, -1.22815)  ( 3.34794, -1.22752) 
45   ( 3.34302, -1.22682)  ( 3.34027, -1.22766) 
45   ( 3.35592, -1.22878)  ( 3.35193, -1.22815) 
44   ( 3.3591, -1.22939)  ( 3.35592, -1.22878) 
45   ( 3.35193, -1.22815)  ( 3.34713, -1.22942) 
41   ( 3.36228, -1.23)  ( 3.3591, -1.22939) 
42   ( 3.36499, -1.23092)  ( 3.36228, -1.23) 
44   ( 3.3591, -1.22939)  ( 3.36243, -1.24703) 
44   ( 3.3677, -1.23185)  ( 3.36499, -1.23092) 
44   ( 3.37036, -1.23356)  ( 3.3677, -1.23185) 
45   ( 3.36499, -1.23092)  ( 3.36545, -1.24761) 
45   ( 3.37302, -1.23527)  ( 3.37036, -1.23356) 
45   ( 3.37606, -1.23822)  ( 3.37302, -1.23527) 
45   ( 3.37036, -1.23356)  ( 3.36823, -1.24855) 
45   ( 3.37909, -1.24118)  ( 3.37606, -1.23822) 
45   ( 3.38294, -1.24584)  ( 3.37909, -1.24118) 
45   ( 3.37606, -1.23822)  ( 3.37089, -1.25026) 
45   ( 3.38678, -1.25051)  ( 3.38294, -1.24584) 
45   ( 3.39185, -1.25735)  ( 3.38678, -1.25051) 
45   ( 3.38294, -1.24584)  ( 3.37397, -1.25323) 
45   ( 3.39693, -1.26418)  ( 3.39185, -1.25735) 
45   ( 3.40366, -1.27365)  ( 3.39693, -1.26418) 
45   ( 3.39185, -1.25735)  ( 3.38282, -1.26405) 
45   ( 3.41039, -1.28313)  ( 3.40366, -1.27365) 
45   ( 3.41893, -1.29542)  ( 3.41039, -1.28313) 
45   ( 3.40366, -1.27365)  ( 3.39564, -1.28458) 
45   ( 3.42747, -1.30771)  ( 3.41893, -1.29542) 
45   ( 3.43698, -1.32199)  ( 3.42747, -1.30771) 
44   ( 3.41893, -1.29542)  ( 3.40807, -1.2998) 
45   ( 3.44648, -1.33626)  ( 3.43698, -1.32199) 
45   ( 3.45587, -1.35144)  ( 3.44648, -1.33626) 
45   ( 3.46525, -1.36661)  ( 3.45587, -1.35144) 
45   ( 3.47342, -1.38161)  ( 3.46525, -1.36661) 
44   ( 3.4816, -1.39661)  ( 3.47342, -1.38161) 
44   ( 3.48784, -1.41037)  ( 3.4816, -1.39661) 
44   ( 3.47342, -1.38161)  ( 3.47051, -1.3832) 
45   ( 3.49408, -1.42413)  ( 3.48784, -1.41037) 
45   ( 3.49854, -1.43566)  ( 3.49408, -1.42413) 
45   ( 3.48784, -1.41037)  ( 3.47926, -1.41426) 
43   ( 3.503, -1.44719)  ( 3.49854, -1.43566) 
43   ( 3.50598, -1.45553)  ( 3.503, -1.44719) 
45   ( 3.50896, -1.46386)  ( 3.50598, -1.45553) 
45   ( 3.51104, -1.46872)  ( 3.50896, -1.46386) 
44   ( 3.50598, -1.45553)  ( 3.50154, -1.4591) 
45   ( 3.51313, -1.47359)  ( 3.51104, -1.46872) 
45   ( 3.51539, -1.47592)  ( 3.51313, -1.47359) 
45   ( 3.51104, -1.46872)  ( 3.50673, -1.47027) 
45   ( 3.51765, -1.47826)  ( 3.51539, -1.47592) 
44   ( 3.52121, -1.4791)  ( 3.51765, -1.47826) 
45   ( 3.51539, -1.47592)  ( 3.50897, -1.48805) 
44   ( 3.52476, -1.47995)  ( 3.52121, -1.4791) 
45   ( 3.53063, -1.48022)  ( 3.52476, -1.47995) 
44   ( 3.52121, -1.4791)  ( 3.51479, -1.49123) 
45   ( 3.53649, -1.48049)  ( 3.53063, -1.48022) 
45   ( 3.54427, -1.47932)  ( 3.53649, -1.48049) 
44   ( 3.53063, -1.48022)  ( 3.52065, -1.4915) 
45   ( 3.55205, -1.47815)  ( 3.54427, -1.47932) 
45   ( 3.56035, -1.47343)  ( 3.55205, -1.47815) 
45   ( 3.54427, -1.47932)  ( 3.54649, -1.49552) 
45   ( 3.56865, -1.46872)  ( 3.56035, -1.47343) 
45   ( 3.57626, -1.45878)  ( 3.56865, -1.46872) 
45   ( 3.56035, -1.47343)  ( 3.56649, -1.48297) 
45   ( 3.58387, -1.44884)  ( 3.57626, -1.45878) 
45   ( 3.59116, -1.43592)  ( 3.58387, -1.44884) 
45   ( 3.57626, -1.45878)  ( 3.58704, -1.46682) 
43   ( 3.59846, -1.423)  ( 3.59116, -1.43592) 
42   ( 3.6066, -1.41127)  ( 3.59846, -1.423) 
43   ( 3.59116, -1.43592)  ( 3.60192, -1.444) 
44   ( 3.61475, -1.39954)  ( 3.6066, -1.41127) 
45   ( 3.62451, -1.39246)  ( 3.61475, -1.39954) 
44   ( 3.6066, -1.41127)  ( 3.62103, -1.42129) 
45   ( 3.63426, -1.38538)  ( 3.62451, -1.39246) 
44   ( 3.64456, -1.3832)  ( 3.63426, -1.38538) 
45   ( 3.62451, -1.39246)  ( 3.63561, -1.40764) 
44   ( 3.65485, -1.38102)  ( 3.64456, -1.3832) 
45   ( 3.66413, -1.38314)  ( 3.65485, -1.38102) 
44   ( 3.64456, -1.3832)  ( 3.64807, -1.40008) 
45   ( 3.67341, -1.38527)  ( 3.66413, -1.38314) 
45   ( 3.68012, -1.39109)  ( 3.67341, -1.38527) 
45   ( 3.66413, -1.38314)  ( 3.66025, -1.40009) 
45   ( 3.68684, -1.39691)  ( 3.68012, -1.39109) 
45   ( 3.68987, -1.40548)  ( 3.68684, -1.39691) 
45   ( 3.68012, -1.39109)  ( 3.66841, -1.40459) 
45   ( 3.69291, -1.41406)  ( 3.68987, -1.40548) 
44   ( 3.6919, -1.42386)  ( 3.69291, -1.41406) 
45   ( 3.68987, -1.40548)  ( 3.67314, -1.41141) 
44   ( 3.69089, -1.43366)  ( 3.6919, -1.42386) 
45   ( 3.68553, -1.44312)  ( 3.69089, -1.43366) 
44   ( 3.6919, -1.42386)  ( 3.67455, -1.42207) 
45   ( 3.68017, -1.45258)  ( 3.68553, -1.44312) 
45   ( 3.67036, -1.46029)  ( 3.68017, -1.45258) 
45   ( 3.68553, -1.44312)  ( 3.66824, -1.43528) 
45   ( 3.66055, -1.46799)  ( 3.67036, -1.46029) 
45   ( 3.64805, -1.47408)  ( 3.66055, -1.46799) 
45   ( 3.67036, -1.46029)  ( 3.65909, -1.44242) 
45   ( 3.63556, -1.48016)  ( 3.64805, -1.47408) 
44   ( 3.62321, -1.4856)  ( 3.63556, -1.48016) 
45   ( 3.64805, -1.47408)  ( 3.64203, -1.45887) 
44   ( 3.61087, -1.49104)  ( 3.62321, -1.4856) 
45   ( 3.60139, -1.49678)  ( 3.61087, -1.49104) 
44   ( 3.62321, -1.4856)  ( 3.61888, -1.47576) 
45   ( 3.59191, -1.50252)  ( 3.60139, -1.49678) 
45   ( 3.58628, -1.50872)  ( 3.59191, -1.50252) 
45   ( 3.60139, -1.49678)  ( 3.59379, -1.49106) 
45   ( 3.58066, -1.51493)  ( 3.58628, -1.50872) 
45   ( 3.57857, -1.52116)  ( 3.58066, -1.51493) 
45   ( 3.58628, -1.50872)  ( 3.58272, -1.49981) 
44   ( 3.57647, -1.5274)  ( 3.57857, -1.52116) 
44   ( 3.57756, -1.53322)  ( 3.57647, -1.5274) 
45   ( 3.57857, -1.52116)  ( 3.56427, -1.52068) 
45   ( 3.57864, -1.53905)  ( 3.57756, -1.53322) 
45   ( 3.58266, -1.54397)  ( 3.57864, -1.53905) 
45   ( 3.57756, -1.53322)  ( 3.55504, -1.53639) 
45   ( 3.58667, -1.54889)  ( 3.58266, -1.54397) 
45   ( 3.59358, -1.55234)  ( 3.58667, -1.54889) 
45   ( 3.58266, -1.54397)  ( 3.57631, -1.55457) 
45   ( 3.60049, -1.55578)  ( 3.59358, -1.55234) 
45   ( 3.61029, -1.55717)  ( 3.60049, -1.55578) 
45   ( 3.59358, -1.55234)  ( 3.58828, -1.56295) 
44   ( 3.6201, -1.55855)  ( 3.61029, -1.55717) 
44   ( 3.63265, -1.55752)  ( 3.6201, -1.55855) 
45   ( 3.61029, -1.55717)  ( 3.60924, -1.56469) 
44   ( 3.6452, -1.55648)  ( 3.63265, -1.55752) 
44   ( 3.65924, -1.55446)  ( 3.6452, -1.55648) 
44   ( 3.63265, -1.55752)  ( 3.6337, -1.57032) 
45   ( 3.67329, -1.55243)  ( 3.65924, -1.55446) 
44   ( 3.6871, -1.55162)  ( 3.67329, -1.55243) 
45   ( 3.65924, -1.55446)  ( 3.65941, -1.56815) 
43   ( 3.70091, -1.5508)  ( 3.6871, -1.55162) 
44   ( 3.71278, -1.55328)  ( 3.70091, -1.5508) 
44   ( 3.6871, -1.55162)  ( 3.68816, -1.56948) 
45   ( 3.72465, -1.55576)  ( 3.71278, -1.55328) 
45   ( 3.73355, -1.56174)  ( 3.72465, -1.55576) 
45   ( 3.71278, -1.55328)  ( 3.71167, -1.57472) 
45   ( 3.74244, -1.56772)  ( 3.73355, -1.56174) 
45   ( 3.74783, -1.57586)  ( 3.74244, -1.56772) 
45   ( 3.73355, -1.56174)  ( 3.71982, -1.57662) 
43   ( 3.75323, -1.584)  ( 3.74783, -1.57586) 
43   ( 3.75464, -1.59291)  ( 3.75323, -1.584) 
45   ( 3.74783, -1.57586)  ( 3.73244, -1.58607) 
45   ( 3.75604, -1.60182)  ( 3.75464, -1.59291) 
45   ( 3.75308, -1.61014)  ( 3.75604, -1.60182) 
45   ( 3.75464, -1.59291)  ( 3.73588, -1.59587) 
45   ( 3.75012, -1.61845)  ( 3.75308, -1.61014) 
45   ( 3.74337, -1.62501)  ( 3.75012, -1.61845) 
45   ( 3.75308, -1.61014)  ( 3.73505, -1.60372) 
45   ( 3.73661, -1.63156)  ( 3.74337, -1.62501) 
45   ( 3.72706, -1.63527)  ( 3.73661, -1.63156) 
45   ( 3.74337, -1.62501)  ( 3.73036, -1.61159) 
44   ( 3.7175, -1.63897)  ( 3.72706, -1.63527) 
44   ( 3.70615, -1.63876)  ( 3.7175, -1.63897) 
45   ( 3.72706, -1.63527)  ( 3.72034, -1.61796) 
44   ( 3.6948, -1.63854)  ( 3.70615, -1.63876) 
44   ( 3.68261, -1.63399)  ( 3.6948, -1.63854) 
45   ( 3.70615, -1.63876)  ( 3.70653, -1.61882) 
45   ( 3.67041, -1.62943)  ( 3.68261, -1.63399) 
44   ( 3.6582, -1.62257)  ( 3.67041, -1.62943) 
45   ( 3.68261, -1.63399)  ( 3.68623, -1.61419) 
44   ( 3.64598, -1.61571)  ( 3.6582, -1.62257) 
45   ( 3.63451, -1.60917)  ( 3.64598, -1.61571) 
44   ( 3.6582, -1.62257)  ( 3.66777, -1.60822) 
45   ( 3.62305, -1.60263)  ( 3.63451, -1.60917) 
45   ( 3.61307, -1.59881)  ( 3.62305, -1.60263) 
45   ( 3.63451, -1.60917)  ( 3.63989, -1.59987) 
45   ( 3.60308, -1.59499)  ( 3.61307, -1.59881) 
45   ( 3.59493, -1.59437)  ( 3.60308, -1.59499) 
45   ( 3.61307, -1.59881)  ( 3.61362, -1.58937) 
45   ( 3.58677, -1.59374)  ( 3.59493, -1.59437) 
45   ( 3.58057, -1.59582)  ( 3.58677, -1.59374) 
45   ( 3.59493, -1.59437)  ( 3.60159, -1.58614) 
44   ( 3.57438, -1.5979)  ( 3.58057, -1.59582) 
44   ( 3.57028, -1.60219)  ( 3.57438, -1.5979) 
45   ( 3.58057, -1.59582)  ( 3.57202, -1.58331) 
45   ( 3.56619, -1.60648)  ( 3.57028, -1.60219) 
45   ( 3.56442, -1.61253)  ( 3.56619, -1.60648) 
45   ( 3.57028, -1.60219)  ( 3.55383, -1.58497) 
45   ( 3.56265, -1.61858)  ( 3.56442, -1.61253) 
45   ( 3.56362, -1.62606)  ( 3.56265, -1.61858) 
45   ( 3.56442, -1.61253)  ( 3.55152, -1.61425) 
45   ( 3.56458, -1.63354)  ( 3.56362, -1.62606) 
45   ( 3.56871, -1.64213)  ( 3.56458, -1.63354) 
44   ( 3.56362, -1.62606)  ( 3.55167, -1.6276) 
45   ( 3.57284, -1.65073)  ( 3.56871, -1.64213) 
45   ( 3.58044, -1.66014)  ( 3.57284, -1.65073) 
45   ( 3.56871, -1.64213)  ( 3.56132, -1.64759) 
45   ( 3.58805, -1.66954)  ( 3.58044, -1.66014) 
45   ( 3.59781, -1.67958)  ( 3.58805, -1.66954) 
43   ( 3.58044, -1.66014)  ( 3.56993, -1.662) 
45   ( 3.60757, -1.68961)  ( 3.59781, -1.67958) 
45   ( 3.61695, -1.70016)  ( 3.60757, -1.68961) 
45   ( 3.59781, -1.67958)  ( 3.58831, -1.68881) 
45   ( 3.62633, -1.71072)  ( 3.61695, -1.70016) 
45   ( 3.63278, -1.72169)  ( 3.62633, -1.71072) 
45   ( 3.61695, -1.70016)  ( 3.60415, -1.71349) 
45   ( 3.63924, -1.73266)  ( 3.63278, -1.72169) 
45   ( 3.64124, -1.74364)  ( 3.63924, -1.73266) 
45   ( 3.63278, -1.72169)  ( 3.61399, -1.73554) 
45   ( 3.64324, -1.75462)  ( 3.64124, -1.74364) 
45   ( 3.64131, -1.76457)  ( 3.64324, -1.75462) 
44   ( 3.64124, -1.74364)  ( 3.6204, -1.74625) 
45   ( 3.63937, -1.77453)  ( 3.64131, -1.76457) 
45   ( 3.63426, -1.78234)  ( 3.63937, -1.77453) 
45   ( 3.64131, -1.76457)  ( 3.62218, -1.76085) 
45   ( 3.62914, -1.79015)  ( 3.63426, -1.78234) 
44   ( 3.6216, -1.79472)  ( 3.62914, -1.79015) 
45   ( 3.63426, -1.78234)  ( 3.61772, -1.77151) 
44   ( 3.61406, -1.79928)  ( 3.6216, -1.79472) 
45   ( 3.60505, -1.79992)  ( 3.61406, -1.79928) 
44   ( 3.6216, -1.79472)  ( 3.61113, -1.77744) 
45   ( 3.59603, -1.80055)  ( 3.60505, -1.79992) 
45   ( 3.58684, -1.79734)  ( 3.59603, -1.80055) 
45   ( 3.60505, -1.79992)  ( 3.60364, -1.77994) 
45   ( 3.57765, -1.79412)  ( 3.58684, -1.79734) 
45   ( 3.56962, -1.78721)  ( 3.57765, -1.79412) 
45   ( 3.58684, -1.79734)  ( 3.59331, -1.77888) 
45   ( 3.56158, -1.78029)  ( 3.56962, -1.78721) 
45   ( 3.55602, -1.76986)  ( 3.56158, -1.78029) 
45   ( 3.56962, -1.78721)  ( 3.58171, -1.77053) 
45   ( 3.55045, -1.75942)  ( 3.55602, -1.76986) 
45   ( 3.54763, -1.74629)  ( 3.55045, -1.75942) 
45   ( 3.55602, -1.76986)  ( 3.57633, -1.76109) 
45   ( 3.54481, -1.73315)  ( 3.54763, -1.74629) 
45   ( 3.54337, -1.71921)  ( 3.54481, -1.73315) 
45   ( 3.54763, -1.74629)  ( 3.56759, -1.74195) 
45   ( 3.54192, -1.70527)  ( 3.54337, -1.71921) 
44   ( 3.54034, -1.6925)  ( 3.54192, -1.70527) 
44   ( 3.54337, -1.71921)  ( 3.56231, -1.7173) 
44   ( 3.53875, -1.67973)  ( 3.54034, -1.6925) 
45   ( 3.53575, -1.66984)  ( 3.53875, -1.67973) 
44   ( 3.54034, -1.6925)  ( 3.55424, -1.69564) 
45   ( 3.53275, -1.65995)  ( 3.53575, -1.66984) 
45   ( 3.52835, -1.65325)  ( 3.53275, -1.65995) 
45   ( 3.53575, -1.66984)  ( 3.54362, -1.66565) 
45   ( 3.52395, -1.64655)  ( 3.52835, -1.65325) 
45   ( 3.51859, -1.64288)  ( 3.52395, -1.64655) 
45   ( 3.52835, -1.65325)  ( 3.53934, -1.65362) 
44   ( 3.51323, -1.6392)  ( 3.51859, -1.64288) 
44   ( 3.50735, -1.63839)  ( 3.51323, -1.6392) 
45   ( 3.51859, -1.64288)  ( 3.52393, -1.62778) 
45   ( 3.50148, -1.63757)  ( 3.50735, -1.63839) 
45   ( 3.49553, -1.63954)  ( 3.50148, -1.63757) 
45   ( 3.50735, -1.63839)  ( 3.51192, -1.61391) 
45   ( 3.48959, -1.64151)  ( 3.49553, -1.63954) 
45   ( 3.48405, -1.64638)  ( 3.48959, -1.64151) 
44   ( 3.49553, -1.63954)  ( 3.4857, -1.62998) 
44   ( 3.4785, -1.65126)  ( 3.48405, -1.64638) 
44   ( 3.47381, -1.65919)  ( 3.4785, -1.65126) 
45   ( 3.48405, -1.64638)  ( 3.47587, -1.63708) 
45   ( 3.46913, -1.66712)  ( 3.47381, -1.65919) 
45   ( 3.46574, -1.67824)  ( 3.46913, -1.66712) 
45   ( 3.47381, -1.65919)  ( 3.46375, -1.65624) 
45   ( 3.46235, -1.68935)  ( 3.46574, -1.67824) 
45   ( 3.45992, -1.70285)  ( 3.46235, -1.68935) 
45   ( 3.46574, -1.67824)  ( 3.45697, -1.67223) 
44   ( 3.4575, -1.71635)  ( 3.45992, -1.70285) 
44   ( 3.45479, -1.73035)  ( 3.4575, -1.71635) 
45   ( 3.45992, -1.70285)  ( 3.44776, -1.70068) 
45   ( 3.45209, -1.74435)  ( 3.45479, -1.73035) 
44   ( 3.4478, -1.75691)  ( 3.45209, -1.74435) 
45   ( 3.45479, -1.73035)  ( 3.43593, -1.72765) 
44   ( 3.44351, -1.76948)  ( 3.4478, -1.75691) 
45   ( 3.43665, -1.77889)  ( 3.44351, -1.76948) 
44   ( 3.4478, -1.75691)  ( 3.42842, -1.74678) 
44   ( 3.42979, -1.7883)  ( 3.43665, -1.77889) 
43   ( 3.42103, -1.7941)  ( 3.42979, -1.7883) 
45   ( 3.43665, -1.77889)  ( 3.41831, -1.76582) 
43   ( 3.41227, -1.7999)  ( 3.42103, -1.7941) 
44   ( 3.40283, -1.80205)  ( 3.41227, -1.7999) 
43   ( 3.42103, -1.7941)  ( 3.40973, -1.7766) 
43   ( 3.3934, -1.8042)  ( 3.40283, -1.80205) 
43   ( 3.38451, -1.80267)  ( 3.3934, -1.8042) 
45   ( 3.40283, -1.80205)  ( 3.39826, -1.78198) 
45   ( 3.37563, -1.80113)  ( 3.38451, -1.80267) 
45   ( 3.36849, -1.79596)  ( 3.37563, -1.80113) 
44   ( 3.38451, -1.80267)  ( 3.3881, -1.78188) 
45   ( 3.36135, -1.79078)  ( 3.36849, -1.79596) 
45   ( 3.35674, -1.78269)  ( 3.36135, -1.79078) 
45   ( 3.36849, -1.79596)  ( 3.38096, -1.77875) 
45   ( 3.35213, -1.77459)  ( 3.35674, -1.78269) 
45   ( 3.35066, -1.76465)  ( 3.35213, -1.77459) 
45   ( 3.35674, -1.78269)  ( 3.37486, -1.77238) 
45   ( 3.34919, -1.75471)  ( 3.35066, -1.76465) 
45   ( 3.35146, -1.74398)  ( 3.34919, -1.75471) 
45   ( 3.35066, -1.76465)  ( 3.37101, -1.76164) 
45   ( 3.35372, -1.73326)  ( 3.35146, -1.74398) 
44   ( 3.3602, -1.72278)  ( 3.35372, -1.73326) 
45   ( 3.35146, -1.74398)  ( 3.37399, -1.74602) 
43   ( 3.36668, -1.7123)  ( 3.3602, -1.72278) 
44   ( 3.37627, -1.70247)  ( 3.36668, -1.7123) 
44   ( 3.3602, -1.72278)  ( 3.37875, -1.73839) 
45   ( 3.38585, -1.69263)  ( 3.37627, -1.70247) 
45   ( 3.39629, -1.68339)  ( 3.38585, -1.69263) 
45   ( 3.37627, -1.70247)  ( 3.39047, -1.71635) 
45   ( 3.40672, -1.67415)  ( 3.39629, -1.68339) 
45   ( 3.41572, -1.66545)  ( 3.40672, -1.67415) 
44   ( 3.39629, -1.68339)  ( 3.40867, -1.6923) 
45   ( 3.42472, -1.65674)  ( 3.41572, -1.66545) 
45   ( 3.43052, -1.64857)  ( 3.42472, -1.65674) 
45   ( 3.41572, -1.66545)  ( 3.42493, -1.67499) 
44   ( 3.43632, -1.6404)  ( 3.43052, -1.64857) 
43   ( 3.4389, -1.63296)  ( 3.43632, -1.6404) 
45   ( 3.43052, -1.64857)  ( 3.43772, -1.65368) 
44   ( 3.44148, -1.62552)  ( 3.4389, -1.63296) 
44   ( 3.4412, -1.61906)  ( 3.44148, -1.62552) 
44   ( 3.4389, -1.63296)  ( 3.45272, -1.63236) 
43   ( 3.44092, -1.6126)  ( 3.4412, -1.61906) 
44   ( 3.43815, -1.60735)  ( 3.44092, -1.6126) 
44   ( 3.4412, -1.61906)  ( 3.45738, -1.61423) 
44   ( 3.43537, -1.6021)  ( 3.43815, -1.60735) 
43   ( 3.4304, -1.59836)  ( 3.43537, -1.6021) 
44   ( 3.43815, -1.60735)  ( 3.46166, -1.5963) 
44   ( 3.42543, -1.59462)  ( 3.4304, -1.59836) 
45   ( 3.41842, -1.59279)  ( 3.42543, -1.59462) 
42   ( 3.4304, -1.59836)  ( 3.43194, -1.584) 
45   ( 3.41141, -1.59097)  ( 3.41842, -1.59279) 
45   ( 3.40249, -1.59148)  ( 3.41141, -1.59097) 
45   ( 3.41842, -1.59279)  ( 3.42167, -1.58033) 
45   ( 3.39358, -1.59199)  ( 3.40249, -1.59148) 
45   ( 3.38291, -1.59526)  ( 3.39358, -1.59199) 
45   ( 3.40249, -1.59148)  ( 3.39674, -1.58157) 
45   ( 3.37223, -1.59853)  ( 3.38291, -1.59526) 
45   ( 3.36012, -1.60421)  ( 3.37223, -1.59853) 
45   ( 3.38291, -1.59526)  ( 3.38199, -1.58467) 
43   ( 3.348, -1.60988)  ( 3.36012, -1.60421) 
43   ( 3.33516, -1.61612)  ( 3.348, -1.60988) 
44   ( 3.36012, -1.60421)  ( 3.3506, -1.59282) 
45   ( 3.32231, -1.62236)  ( 3.33516, -1.61612) 
45   ( 3.30947, -1.62714)  ( 3.32231, -1.62236) 
45   ( 3.33516, -1.61612)  ( 3.32592, -1.59713) 
45   ( 3.29664, -1.63193)  ( 3.30947, -1.62714) 
45   ( 3.28455, -1.63334)  ( 3.29664, -1.63193) 
45   ( 3.30947, -1.62714)  ( 3.30179, -1.60651) 
45   ( 3.27247, -1.63475)  ( 3.28455, -1.63334) 
45   ( 3.26185, -1.63235)  ( 3.27247, -1.63475) 
45   ( 3.28455, -1.63334)  ( 3.27773, -1.60931) 
45   ( 3.25124, -1.62994)  ( 3.26185, -1.63235) 
45   ( 3.24281, -1.62456)  ( 3.25124, -1.62994) 
45   ( 3.26185, -1.63235)  ( 3.27043, -1.61018) 
45   ( 3.23438, -1.61917)  ( 3.24281, -1.62456) 
45   ( 3.22883, -1.61168)  ( 3.23438, -1.61917) 
45   ( 3.24281, -1.62456)  ( 3.25438, -1.60644) 
45   ( 3.22328, -1.60418)  ( 3.22883, -1.61168) 
45   ( 3.22131, -1.59545)  ( 3.22328, -1.60418) 
44   ( 3.22883, -1.61168)  ( 3.2463, -1.59874) 
45   ( 3.21935, -1.58672)  ( 3.22131, -1.59545) 
45   ( 3.22135, -1.57772)  ( 3.21935, -1.58672) 
45   ( 3.22131, -1.59545)  ( 3.24282, -1.59061) 
45   ( 3.22334, -1.56872)  ( 3.22135, -1.57772) 
45   ( 3.22901, -1.56058)  ( 3.22334, -1.56872) 
45   ( 3.22135, -1.57772)  ( 3.24266, -1.58245) 
45   ( 3.23468, -1.55244)  ( 3.22901, -1.56058) 
45   ( 3.24365, -1.54631)  ( 3.23468, -1.55244) 
45   ( 3.22901, -1.56058)  ( 3.24653, -1.57277) 
45   ( 3.25262, -1.54018)  ( 3.24365, -1.54631) 
45   ( 3.26452, -1.53721)  ( 3.25262, -1.54018) 
43   ( 3.24365, -1.54631)  ( 3.25599, -1.564) 
45   ( 3.27643, -1.53425)  ( 3.26452, -1.53721) 
45   ( 3.29072, -1.53513)  ( 3.27643, -1.53425) 
45   ( 3.26452, -1.53721)  ( 3.26993, -1.55988) 
43   ( 3.30501, -1.536)  ( 3.29072, -1.53513) 
43   ( 3.32023, -1.53898)  ( 3.30501, -1.536) 
45   ( 3.29072, -1.53513)  ( 3.29217, -1.55763) 
45   ( 3.33544, -1.54196)  ( 3.32023, -1.53898) 
45   ( 3.34982, -1.54454)  ( 3.33544, -1.54196) 
45   ( 3.32023, -1.53898)  ( 3.31562, -1.55817) 
44   ( 3.3642, -1.54713)  ( 3.34982, -1.54454) 
42   ( 3.37608, -1.547)  ( 3.3642, -1.54713) 
45   ( 3.34982, -1.54454)  ( 3.34743, -1.55694) 
43   ( 3.38795, -1.54688)  ( 3.37608, -1.547) 
45   ( 3.39681, -1.54413)  ( 3.38795, -1.54688) 
43   ( 3.37608, -1.547)  ( 3.38105, -1.55787) 
45   ( 3.40566, -1.54137)  ( 3.39681, -1.54413) 
45   ( 3.41182, -1.53786)  ( 3.40566, -1.54137) 
44   ( 3.39681, -1.54413)  ( 3.3912, -1.55681) 
45   ( 3.41798, -1.53435)  ( 3.41182, -1.53786) 
45   ( 3.42178, -1.53194)  ( 3.41798, -1.53435) 
44   ( 3.41182, -1.53786)  ( 3.4194, -1.55113) 
45   ( 3.42557, -1.52953)  ( 3.42178, -1.53194) 
45   ( 3.42694, -1.52856)  ( 3.42557, -1.52953) 
45   ( 3.42178, -1.53194)  ( 3.42739, -1.54792) 
45   ( 3.42831, -1.52758)  ( 3.42694, -1.52856) 
44   ( 3.4266, -1.52616)  ( 3.42831, -1.52758) 
45   ( 3.42694, -1.52856)  ( 3.44144, -1.53264) 
44   ( 3.42489, -1.52473)  ( 3.4266, -1.52616) 
44   ( 3.41942, -1.5208)  ( 3.42489, -1.52473) 
43   ( 3.4266, -1.52616)  ( 3.4281, -1.52436) 
44   ( 3.41394, -1.51686)  ( 3.41942, -1.5208) 
45   ( 3.40461, -1.50901)  ( 3.41394, -1.51686) 
44   ( 3.41942, -1.5208)  ( 3.42163, -1.51911) 
45   ( 3.39527, -1.50116)  ( 3.40461, -1.50901) 
45   ( 3.38435, -1.49053)  ( 3.39527, -1.50116) 
45   ( 3.40461, -1.50901)  ( 3.41169, -1.50057) 
44   ( 3.37342, -1.4799)  ( 3.38435, -1.49053) 
44   ( 3.36359, -1.46818)  ( 3.37342, -1.4799) 
45   ( 3.38435, -1.49053)  ( 3.38652, -1.48829) 
45   ( 3.35375, -1.45647)  ( 3.36359, -1.46818) 
45   ( 3.34591, -1.44499)  ( 3.35375, -1.45647) 
44   ( 3.33806, -1.4335)  ( 3.34591, -1.44499) 
44   ( 3.33192, -1.42329)  ( 3.33806, -1.4335) 
45   ( 3.34591, -1.44499)  ( 3.34973, -1.44224) 
45   ( 3.32577, -1.41307)  ( 3.33192, -1.42329) 
45   ( 3.32102, -1.40502)  ( 3.32577, -1.41307) 
43   ( 3.33192, -1.42329)  ( 3.341, -1.42121) 
45   ( 3.31627, -1.39697)  ( 3.32102, -1.40502) 
45   ( 3.31265, -1.39109)  ( 3.31627, -1.39697) 
45   ( 3.32102, -1.40502)  ( 3.33375, -1.40233) 
45   ( 3.30902, -1.38521)  ( 3.31265, -1.39109) 
45   ( 3.30627, -1.38116)  ( 3.30902, -1.38521) 
45   ( 3.30352, -1.37712)  ( 3.30627, -1.38116) 
45   ( 3.30139, -1.37456)  ( 3.30352, -1.37712) 
45   ( 3.30627, -1.38116)  ( 3.31966, -1.37323) 
43   ( 3.29926, -1.372)  ( 3.30139, -1.37456) 
43   ( 3.29751, -1.37059)  ( 3.29926, -1.372) 
45   ( 3.30139, -1.37456)  ( 3.30282, -1.36852) 
45   ( 3.29576, -1.36919)  ( 3.29751, -1.37059) 
45   ( 3.29413, -1.36859)  ( 3.29576, -1.36919) 
45   ( 3.29751, -1.37059)  ( 3.30107, -1.36642) 
44   ( 3.2925, -1.36799)  ( 3.29413, -1.36859) 
44   ( 3.29074, -1.36785)  ( 3.2925, -1.36799) 
45   ( 3.29413, -1.36859)  ( 3.29713, -1.36415) 
45   ( 3.28899, -1.36772)  ( 3.29074, -1.36785) 
45   ( 3.28687, -1.36775)  ( 3.28899, -1.36772) 
45   ( 3.29074, -1.36785)  ( 3.29612, -1.36408) 
45   ( 3.28475, -1.36778)  ( 3.28687, -1.36775) 
45   ( 3.28211, -1.36788)  ( 3.28475, -1.36778) 
45   ( 3.28687, -1.36775)  ( 3.28033, -1.36343) 
45   ( 3.27948, -1.36798)  ( 3.28211, -1.36788) 
45   ( 3.27619, -1.36813)  ( 3.27948, -1.36798) 
45   ( 3.28211, -1.36788)  ( 3.27857, -1.36346) 
45   ( 3.27291, -1.36828)  ( 3.27619, -1.36813) 
45   ( 3.26886, -1.36846)  ( 3.27291, -1.36828) 
45   ( 3.27619, -1.36813)  ( 3.27544, -1.36358) 
44   ( 3.2648, -1.36865)  ( 3.26886, -1.36846) 
44   ( 3.25985, -1.36885)  ( 3.2648, -1.36865) 
45   ( 3.26886, -1.36846)  ( 3.26884, -1.36388) 
44   ( 3.2549, -1.36905)  ( 3.25985, -1.36885) 
44   ( 3.24892, -1.36925)  ( 3.2549, -1.36905) 
45   ( 3.25985, -1.36885)  ( 3.26451, -1.36405) 
45   ( 3.24294, -1.36945)  ( 3.24892, -1.36925) 
45   ( 3.23582, -1.36963)  ( 3.24294, -1.36945) 
45   ( 3.24892, -1.36925)  ( 3.24788, -1.36818) 
45   ( 3.22869, -1.36981)  ( 3.23582, -1.36963) 
45   ( 3.22028, -1.36996)  ( 3.22869, -1.36981) 
43   ( 3.23582, -1.36963)  ( 3.238, -1.36678) 
45   ( 3.21188, -1.37011)  ( 3.22028, -1.36996) 
44   ( 3.20207, -1.3702)  ( 3.21188, -1.37011) 
45   ( 3.22028, -1.36996)  ( 3.22016, -1.35756) 
44   ( 3.19226, -1.37029)  ( 3.20207, -1.3702) 
45   ( 3.18092, -1.37031)  ( 3.19226, -1.37029) 
44   ( 3.20207, -1.3702)  ( 3.19778, -1.36308) 
45   ( 3.16958, -1.37033)  ( 3.18092, -1.37031) 
45   ( 3.15658, -1.37027)  ( 3.16958, -1.37033) 
45   ( 3.18092, -1.37031)  ( 3.18666, -1.36225) 
44   ( 3.14358, -1.3702)  ( 3.15658, -1.37027) 
43   ( 3.1288, -1.37003)  ( 3.14358, -1.3702) 
44   ( 3.11402, -1.36985)  ( 3.1288, -1.37003) 
45   ( 3.09733, -1.36956)  ( 3.11402, -1.36985) 
44   ( 3.1288, -1.37003)  ( 3.12888, -1.36351) 
45   ( 3.08063, -1.36926)  ( 3.09733, -1.36956) 
45   ( 3.06191, -1.36882)  ( 3.08063, -1.36926) 
45   ( 3.04318, -1.36838)  ( 3.06191, -1.36882) 
45   ( 3.02229, -1.36779)  ( 3.04318, -1.36838) 
45   ( 3.06191, -1.36882)  ( 3.06205, -1.36246) 
45   ( 3.00139, -1.36719)  ( 3.02229, -1.36779) 
45   ( 2.97821, -1.36642)  ( 3.00139, -1.36719) 
45   ( 2.95503, -1.36564)  ( 2.97821, -1.36642) 
45   ( 2.93053, -1.36472)  ( 2.95503, -1.36564) 
45   ( 2.90603, -1.36379)  ( 2.93053, -1.36472) 
45   ( 2.89019, -1.37238)  ( 2.90603, -1.36379) 
45   ( 2.93053, -1.36472)  ( 2.93093, -1.35407) 
45   ( 2.87435, -1.38096)  ( 2.89019, -1.37238) 
45   ( 2.85735, -1.38935)  ( 2.87435, -1.38096) 
45   ( 2.84036, -1.39773)  ( 2.85735, -1.38935) 
45   ( 2.82323, -1.40538)  ( 2.84036, -1.39773) 
45   ( 2.85735, -1.38935)  ( 2.85487, -1.38432) 
45   ( 2.80609, -1.41302)  ( 2.82323, -1.40538) 
45   ( 2.78885, -1.41992)  ( 2.80609, -1.41302) 
44   ( 2.7716, -1.42681)  ( 2.78885, -1.41992) 
44   ( 2.75427, -1.43294)  ( 2.7716, -1.42681) 
45   ( 2.78885, -1.41992)  ( 2.78595, -1.41268) 
45   ( 2.73694, -1.43908)  ( 2.75427, -1.43294) 
45   ( 2.71955, -1.44444)  ( 2.73694, -1.43908) 
44   ( 2.70216, -1.4498)  ( 2.71955, -1.44444) 
44   ( 2.68475, -1.45439)  ( 2.70216, -1.4498) 
45   ( 2.71955, -1.44444)  ( 2.71781, -1.43831) 
45   ( 2.66733, -1.45898)  ( 2.68475, -1.45439) 
45   ( 2.64992, -1.46279)  ( 2.66733, -1.45898) 
44   ( 2.63251, -1.4666)  ( 2.64992, -1.46279) 
43   ( 2.61516, -1.4697)  ( 2.63251, -1.4666) 
43   ( 2.59781, -1.4728)  ( 2.61516, -1.4697) 
44   ( 2.58057, -1.47527)  ( 2.59781, -1.4728) 
43   ( 2.61516, -1.4697)  ( 2.61438, -1.4653) 
45   ( 2.56332, -1.47774)  ( 2.58057, -1.47527) 
45   ( 2.54621, -1.47966)  ( 2.56332, -1.47774) 
45   ( 2.52909, -1.48158)  ( 2.54621, -1.47966) 
45   ( 2.51213, -1.48303)  ( 2.52909, -1.48158) 
45   ( 2.49517, -1.48448)  ( 2.51213, -1.48303) 
45   ( 2.47836, -1.48555)  ( 2.49517, -1.48448) 
45   ( 2.51213, -1.48303)  ( 2.51185, -1.47975) 
45   ( 2.46156, -1.48663)  ( 2.47836, -1.48555) 
45   ( 2.44488, -1.48741)  ( 2.46156, -1.48663) 
45   ( 2.42821, -1.48819)  ( 2.44488, -1.48741) 
45   ( 2.41169, -1.48868)  ( 2.42821, -1.48819) 
43   ( 2.44488, -1.48741)  ( 2.44482, -1.486) 
45   ( 2.39518, -1.48917)  ( 2.41169, -1.48868) 
44   ( 2.37883, -1.4891)  ( 2.39518, -1.48917) 
45   ( 2.41169, -1.48868)  ( 2.40358, -1.47578) 
44   ( 2.36249, -1.48904)  ( 2.37883, -1.4891) 
45   ( 2.34631, -1.48825)  ( 2.36249, -1.48904) 
44   ( 2.37883, -1.4891)  ( 2.38609, -1.47626) 
45   ( 2.33014, -1.48747)  ( 2.34631, -1.48825) 
43   ( 2.31416, -1.486)  ( 2.33014, -1.48747) 
43   ( 2.29817, -1.48452)  ( 2.31416, -1.486) 
45   ( 2.28239, -1.48239)  ( 2.29817, -1.48452) 
43   ( 2.31416, -1.486)  ( 2.31483, -1.47873) 
45   ( 2.26661, -1.48025)  ( 2.28239, -1.48239) 
45   ( 2.25105, -1.47748)  ( 2.26661, -1.48025) 
45   ( 2.23548, -1.47471)  ( 2.25105, -1.47748) 
45   ( 2.22015, -1.47134)  ( 2.23548, -1.47471) 
45   ( 2.25105, -1.47748)  ( 2.25221, -1.47095) 
45   ( 2.20482, -1.46797)  ( 2.22015, -1.47134) 
45   ( 2.18972, -1.46404)  ( 2.20482, -1.46797) 
44   ( 2.17462, -1.4601)  ( 2.18972, -1.46404) 
44   ( 2.15977, -1.45562)  ( 2.17462, -1.4601) 
44   ( 2.18972, -1.46404)  ( 2.1846, -1.45185) 
45   ( 2.14492, -1.45113)  ( 2.15977, -1.45562) 
45   ( 2.13031, -1.44614)  ( 2.14492, -1.45113) 
45   ( 2.15977, -1.45562)  ( 2.16954, -1.44844) 
45   ( 2.11571, -1.44115)  ( 2.13031, -1.44614) 
45   ( 2.10136, -1.43567)  ( 2.11571, -1.44115) 
44   ( 2.08702, -1.4302)  ( 2.10136, -1.43567) 
44   ( 2.07293, -1.42426)  ( 2.08702, -1.4302) 
45   ( 2.10136, -1.43567)  ( 2.10295, -1.43152) 
45   ( 2.05884, -1.41833)  ( 2.07293, -1.42426) 
45   ( 2.04502, -1.41196)  ( 2.05884, -1.41833) 
43   ( 2.0312, -1.4056)  ( 2.04502, -1.41196) 
43   ( 2.01764, -1.39883)  ( 2.0312, -1.4056) 
44   ( 2.04502, -1.41196)  ( 2.0474, -1.40679) 
45   ( 2.00408, -1.39206)  ( 2.01764, -1.39883) 
44   ( 1.99079, -1.3849)  ( 2.00408, -1.39206) 
43   ( 1.9775, -1.37775)  ( 1.99079, -1.3849) 
44   ( 1.96447, -1.37024)  ( 1.9775, -1.37775) 
43   ( 1.99079, -1.3849)  ( 1.9925, -1.38295) 
45   ( 1.95145, -1.36272)  ( 1.96447, -1.37024) 
45   ( 1.93871, -1.35487)  ( 1.95145, -1.36272) 
45   ( 1.96447, -1.37024)  ( 1.96863, -1.36453) 
45   ( 1.92596, -1.34702)  ( 1.93871, -1.35487) 
45   ( 1.91348, -1.33886)  ( 1.92596, -1.34702) 
45   ( 1.90101, -1.33069)  ( 1.91348, -1.33886) 
45   ( 1.88881, -1.32223)  ( 1.90101, -1.33069) 
45   ( 1.91348, -1.33886)  ( 1.91559, -1.33563) 
45   ( 1.87662, -1.31378)  ( 1.88881, -1.32223) 
44   ( 1.8647, -1.30504)  ( 1.87662, -1.31378) 
44   ( 1.85278, -1.29631)  ( 1.8647, -1.30504) 
45   ( 1.84115, -1.28732)  ( 1.85278, -1.29631) 
43   ( 1.8647, -1.30504)  ( 1.8685, -1.29984) 
45   ( 1.82952, -1.27834)  ( 1.84115, -1.28732) 
45   ( 1.81817, -1.26912)  ( 1.82952, -1.27834) 
45   ( 1.84115, -1.28732)  ( 1.83701, -1.28088) 
44   ( 1.80682, -1.2599)  ( 1.81817, -1.26912) 
44   ( 1.79576, -1.25046)  ( 1.80682, -1.2599) 
45   ( 1.81817, -1.26912)  ( 1.82515, -1.27188) 
44   ( 1.7847, -1.24103)  ( 1.79576, -1.25046) 
44   ( 1.77393, -1.23139)  ( 1.7847, -1.24103) 
45   ( 1.79576, -1.25046)  ( 1.80037, -1.24542) 
45   ( 1.76317, -1.22176)  ( 1.77393, -1.23139) 
44   ( 1.7527, -1.21195)  ( 1.76317, -1.22176) 
44   ( 1.74223, -1.20214)  ( 1.7527, -1.21195) 
45   ( 1.73206, -1.19217)  ( 1.74223, -1.20214) 
44   ( 1.7527, -1.21195)  ( 1.75624, -1.20817) 
44   ( 1.72189, -1.1822)  ( 1.73206, -1.19217) 
44   ( 1.71202, -1.17209)  ( 1.72189, -1.1822) 
45   ( 1.70216, -1.16198)  ( 1.71202, -1.17209) 
44   ( 1.6926, -1.15174)  ( 1.70216, -1.16198) 
45   ( 1.71202, -1.17209)  ( 1.71622, -1.16264) 
44   ( 1.68305, -1.14151)  ( 1.6926, -1.15174) 
44   ( 1.6738, -1.13116)  ( 1.68305, -1.14151) 
44   ( 1.6926, -1.15174)  ( 1.70322, -1.14791) 
44   ( 1.66456, -1.12082)  ( 1.6738, -1.13116) 
45   ( 1.65564, -1.11038)  ( 1.66456, -1.12082) 
45   ( 1.64672, -1.09995)  ( 1.65564, -1.11038) 
45   ( 1.63812, -1.08944)  ( 1.64672, -1.09995) 
45   ( 1.65564, -1.11038)  ( 1.66055, -1.10619) 
45   ( 1.62952, -1.07893)  ( 1.63812, -1.08944) 
45   ( 1.62125, -1.06837)  ( 1.62952, -1.07893) 
44   ( 1.61298, -1.0578)  ( 1.62125, -1.06837) 
43   ( 1.60505, -1.0472)  ( 1.61298, -1.0578) 
45   ( 1.62125, -1.06837)  ( 1.62731, -1.06093) 
44   ( 1.59711, -1.03659)  ( 1.60505, -1.0472) 
45   ( 1.58952, -1.02597)  ( 1.59711, -1.03659) 
44   ( 1.60505, -1.0472)  ( 1.61569, -1.04347) 
45   ( 1.58193, -1.01534)  ( 1.58952, -1.02597) 
45   ( 1.57469, -1.00471)  ( 1.58193, -1.01534) 
46   ( 1.56745, -0.994082)  ( 1.57469, -1.00471) 
47   ( 1.56054, -0.983458)  ( 1.56745, -0.994082) 
44   ( 1.57469, -1.00471)  ( 1.5805, -1.00075) 
47   ( 1.55363, -0.972834)  ( 1.56054, -0.983458) 
47   ( 1.54704, -0.962218)  ( 1.55363, -0.972834) 
47   ( 1.54046, -0.951602)  ( 1.54704, -0.962218) 
47   ( 1.53418, -0.940998)  ( 1.54046, -0.951602) 
47   ( 1.54704, -0.962218)  ( 1.55257, -0.951366) 
47   ( 1.52791, -0.930394)  ( 1.53418, -0.940998) 
47   ( 1.52193, -0.919806)  ( 1.52791, -0.930394) 
47   ( 1.53418, -0.940998)  ( 1.54431, -0.940137) 
47   ( 1.51595, -0.909218)  ( 1.52193, -0.919806) 
47   ( 1.51025, -0.898649)  ( 1.51595, -0.909218) 
46   ( 1.50456, -0.88808)  ( 1.51025, -0.898649) 
46   ( 1.49913, -0.877534)  ( 1.50456, -0.88808) 
47   ( 1.51025, -0.898649)  ( 1.51734, -0.891546) 
47   ( 1.49371, -0.866988)  ( 1.49913, -0.877534) 
47   ( 1.48853, -0.856467)  ( 1.49371, -0.866988) 
47   ( 1.49913, -0.877534)  ( 1.50996, -0.875995) 
47   ( 1.48336, -0.845947)  ( 1.48853, -0.856467) 
47   ( 1.47843, -0.835456)  ( 1.48336, -0.845947) 
47   ( 1.47351, -0.824965)  ( 1.47843, -0.835456) 
46   ( 1.4688, -0.814505)  ( 1.47351, -0.824965) 
47   ( 1.47843, -0.835456)  ( 1.48511, -0.831873) 
45   ( 1.4641, -0.804045)  ( 1.4688, -0.814505) 
46   ( 1.45961, -0.793619)  ( 1.4641, -0.804045) 
44   ( 1.4688, -0.814505)  ( 1.479, -0.813067) 
47   ( 1.45512, -0.783193)  ( 1.45961, -0.793619) 
47   ( 1.45083, -0.772803)  ( 1.45512, -0.783193) 
47   ( 1.44654, -0.762413)  ( 1.45083, -0.772803) 
46   ( 1.44243, -0.75206)  ( 1.44654, -0.762413) 
46   ( 1.45083, -0.772803)  ( 1.4566, -0.770414) 
46   ( 1.43832, -0.741707)  ( 1.44243, -0.75206) 
47   ( 1.43438, -0.731394)  ( 1.43832, -0.741707) 
46   ( 1.44243, -0.75206)  ( 1.44334, -0.750013) 
46   ( 1.43044, -0.72108)  ( 1.43438, -0.731394) 
46   ( 1.42666, -0.710806)  ( 1.43044, -0.72108) 
47   ( 1.42288, -0.700533)  ( 1.42666, -0.710806) 
45   ( 1.41923, -0.6903)  ( 1.42288, -0.700533) 
47   ( 1.42666, -0.710806)  ( 1.43146, -0.709006) 
45   ( 1.41559, -0.680068)  ( 1.41923, -0.6903) 
47   ( 1.41207, -0.669876)  ( 1.41559, -0.680068) 
44   ( 1.41923, -0.6903)  ( 1.42849, -0.69112) 
47   ( 1.40855, -0.659685)  ( 1.41207, -0.669876) 
47   ( 1.40514, -0.649536)  ( 1.40855, -0.659685) 
47   ( 1.40173, -0.639387)  ( 1.40514, -0.649536) 
47   ( 1.39842, -0.629279)  ( 1.40173, -0.639387) 
47   ( 1.40514, -0.649536)  ( 1.40885, -0.648278) 
46   ( 1.3951, -0.619172)  ( 1.39842, -0.629279) 
46   ( 1.39187, -0.609106)  ( 1.3951, -0.619172) 
47   ( 1.39842, -0.629279)  ( 1.40675, -0.630634) 
47   ( 1.38864, -0.599041)  ( 1.39187, -0.609106) 
47   ( 1.38548, -0.589017)  ( 1.38864, -0.599041) 
47   ( 1.39187, -0.609106)  ( 1.40568, -0.607875) 
47   ( 1.38232, -0.578993)  ( 1.38548, -0.589017) 
46   ( 1.37921, -0.56901)  ( 1.38232, -0.578993) 
47   ( 1.38548, -0.589017)  ( 1.38789, -0.588254) 
45   ( 1.3761, -0.559027)  ( 1.37921, -0.56901) 
46   ( 1.37304, -0.549084)  ( 1.3761, -0.559027) 
45   ( 1.37921, -0.56901)  ( 1.38647, -0.57061) 
47   ( 1.36997, -0.539142)  ( 1.37304, -0.549084) 
47   ( 1.36693, -0.529239)  ( 1.36997, -0.539142) 
45   ( 1.37304, -0.549084)  ( 1.38523, -0.5473) 
47   ( 1.36389, -0.519336)  ( 1.36693, -0.529239) 
47   ( 1.36086, -0.509472)  ( 1.36389, -0.519336) 
47   ( 1.36693, -0.529239)  ( 1.36776, -0.528982) 
47   ( 1.35783, -0.499608)  ( 1.36086, -0.509472) 
47   ( 1.35481, -0.489781)  ( 1.35783, -0.499608) 
47   ( 1.36086, -0.509472)  ( 1.36693, -0.511147) 
47   ( 1.35178, -0.479955)  ( 1.35481, -0.489781) 
47   ( 1.34874, -0.470165)  ( 1.35178, -0.479955) 
45   ( 1.35481, -0.489781)  ( 1.3652, -0.48739) 
47   ( 1.34569, -0.460375)  ( 1.34874, -0.470165) 
46   ( 1.34263, -0.45062)  ( 1.34569, -0.460375) 
46   ( 1.33956, -0.440865)  ( 1.34263, -0.45062) 
47   ( 1.33645, -0.431144)  ( 1.33956, -0.440865) 
46   ( 1.34263, -0.45062)  ( 1.35078, -0.441891) 
47   ( 1.33334, -0.421424)  ( 1.33645, -0.431144) 
47   ( 1.33018, -0.411735)  ( 1.33334, -0.421424) 
47   ( 1.33645, -0.431144)  ( 1.34636, -0.431548) 
47   ( 1.32701, -0.402047)  ( 1.33018, -0.411735) 
47   ( 1.32379, -0.392389)  ( 1.32701, -0.402047) 
47   ( 1.32056, -0.382731)  ( 1.32379, -0.392389) 
47   ( 1.31725, -0.373103)  ( 1.32056, -0.382731) 
47   ( 1.32379, -0.392389)  ( 1.33076, -0.384407) 
47   ( 1.31394, -0.363474)  ( 1.31725, -0.373103) 
47   ( 1.31054, -0.353872)  ( 1.31394, -0.363474) 
47   ( 1.31725, -0.373103)  ( 1.32548, -0.373192) 
47   ( 1.30714, -0.344269)  ( 1.31054, -0.353872) 
47   ( 1.30363, -0.334675)  ( 1.30714, -0.344269) 
46   ( 1.30012, -0.32508)  ( 1.30363, -0.334675) 
46   ( 1.29649, -0.315493)  ( 1.30012, -0.32508) 
47   ( 1.30363, -0.334675)  ( 1.30937, -0.327458) 
47   ( 1.29287, -0.305906)  ( 1.29649, -0.315493) 
47   ( 1.28914, -0.296334)  ( 1.29287, -0.305906) 
47   ( 1.29649, -0.315493)  ( 1.30314, -0.315496) 
47   ( 1.28541, -0.286762)  ( 1.28914, -0.296334) 
47   ( 1.28156, -0.277212)  ( 1.28541, -0.286762) 
47   ( 1.27772, -0.267661)  ( 1.28156, -0.277212) 
47   ( 1.27376, -0.258138)  ( 1.27772, -0.267661) 
47   ( 1.28156, -0.277212)  ( 1.28606, -0.270711) 
47   ( 1.26981, -0.248616)  ( 1.27376, -0.258138) 
47   ( 1.26574, -0.239128)  ( 1.26981, -0.248616) 
46   ( 1.27376, -0.258138)  ( 1.2791, -0.258411) 
47   ( 1.26168, -0.229641)  ( 1.26574, -0.239128) 
46   ( 1.2575, -0.220195)  ( 1.26168, -0.229641) 
47   ( 1.26574, -0.239128)  ( 1.27667, -0.234444) 
46   ( 1.25333, -0.210749)  ( 1.2575, -0.220195) 
47   ( 1.24905, -0.201351)  ( 1.25333, -0.210749) 
46   ( 1.2575, -0.220195)  ( 1.26066, -0.214207) 
47   ( 1.24476, -0.191953)  ( 1.24905, -0.201351) 
46   ( 1.24037, -0.18261)  ( 1.24476, -0.191953) 
45   ( 1.24905, -0.201351)  ( 1.2535, -0.20227) 
46   ( 1.23598, -0.173268)  ( 1.24037, -0.18261) 
47   ( 1.23148, -0.163986)  ( 1.23598, -0.173268) 
46   ( 1.24037, -0.18261)  ( 1.24968, -0.178234) 
47   ( 1.22698, -0.154705)  ( 1.23148, -0.163986) 
47   ( 1.22237, -0.145492)  ( 1.22698, -0.154705) 
47   ( 1.23148, -0.163986)  ( 1.23312, -0.158173) 
47   ( 1.21777, -0.136279)  ( 1.22237, -0.145492) 
47   ( 1.21305, -0.127141)  ( 1.21777, -0.136279) 
47   ( 1.22237, -0.145492)  ( 1.22644, -0.147429) 
47   ( 1.20834, -0.118003)  ( 1.21305, -0.127141) 
47   ( 1.20352, -0.108946)  ( 1.20834, -0.118003) 
46   ( 1.21305, -0.127141)  ( 1.2208, -0.123145) 
47   ( 1.1987, -0.0998887)  ( 1.20352, -0.108946) 
48   ( 1.19377, -0.0909196)  ( 1.1987, -0.0998887) 
47   ( 1.20352, -0.108946)  ( 1.20361, -0.103209) 
49   ( 1.18884, -0.0819506)  ( 1.19377, -0.0909196) 
48   ( 1.18381, -0.073076)  ( 1.18884, -0.0819506) 
49   ( 1.19377, -0.0909196)  ( 1.19767, -0.0939181) 
48   ( 1.17878, -0.0642014)  ( 1.18381, -0.073076) 
49   ( 1.17364, -0.0554278)  ( 1.17878, -0.0642014) 
48   ( 1.18381, -0.073076)  ( 1.19004, -0.0695417) 
48   ( 1.1685, -0.0466541)  ( 1.17364, -0.0554278) 
48   ( 1.16326, -0.0379879)  ( 1.1685, -0.0466541) 
49   ( 1.17364, -0.0554278)  ( 1.17246, -0.0503305) 
49   ( 1.15802, -0.0293217)  ( 1.16326, -0.0379879) 
49   ( 1.15267, -0.0207694)  ( 1.15802, -0.0293217) 
49   ( 1.16326, -0.0379879)  ( 1.16644, -0.0415735) 
48   ( 1.14732, -0.012217)  ( 1.15267, -0.0207694) 
49   ( 1.14187, -0.00378505)  ( 1.14732, -0.012217) 
49   ( 1.15267, -0.0207694)  ( 1.15742, -0.0177944) 
50   ( 1.13642, 0.00464695)  ( 1.14187, -0.00378505) 
48   ( 1.13087, 0.0129522)  ( 1.13642, 0.00464695) 
50   ( 1.14187, -0.00378505)  ( 1.14225, -0.0031371) 
47   ( 1.12531, 0.0212575)  ( 1.13087, 0.0129522) 
47   ( 1.11966, 0.0294296)  ( 1.12531, 0.0212575) 
45   ( 1.114, 0.0376018)  ( 1.11966, 0.0294296) 
45   ( 1.10824, 0.0456345)  ( 1.114, 0.0376018) 
47   ( 1.11966, 0.0294296)  ( 1.12297, 0.0317197) 
47   ( 1.10248, 0.0536672)  ( 1.10824, 0.0456345) 
47   ( 1.09662, 0.0615541)  ( 1.10248, 0.0536672) 
47   ( 1.10824, 0.0456345)  ( 1.11579, 0.0585637) 
47   ( 1.09076, 0.0694411)  ( 1.09662, 0.0615541) 
45   ( 1.0848, 0.077176)  ( 1.09076, 0.0694411) 
47   ( 1.09662, 0.0615541)  ( 1.11005, 0.0657848) 
45   ( 1.07884, 0.0849109)  ( 1.0848, 0.077176) 
47   ( 1.07278, 0.0924875)  ( 1.07884, 0.0849109) 
44   ( 1.0848, 0.077176)  ( 1.0868, 0.0787221) 
46   ( 1.06671, 0.100064)  ( 1.07278, 0.0924875) 
45   ( 1.06055, 0.107476)  ( 1.06671, 0.100064) 
47   ( 1.07278, 0.0924875)  ( 1.07965, 0.0935148) 
45   ( 1.05439, 0.114888)  ( 1.06055, 0.107476) 
44   ( 1.04812, 0.12213)  ( 1.05439, 0.114888) 
45   ( 1.06055, 0.107476)  ( 1.06984, 0.114324) 
44   ( 1.04186, 0.129372)  ( 1.04812, 0.12213) 
44   ( 1.0355, 0.136436)  ( 1.04186, 0.129372) 
44   ( 1.04812, 0.12213)  ( 1.04928, 0.123163) 
44   ( 1.02913, 0.143501)  ( 1.0355, 0.136436) 
45   ( 1.02267, 0.150383)  ( 1.02913, 0.143501) 
44   ( 1.0355, 0.136436)  ( 1.04055, 0.137966) 
45   ( 1.01621, 0.157265)  ( 1.02267, 0.150383) 
45   ( 1.00965, 0.163958)  ( 1.01621, 0.157265) 
45   ( 1.02267, 0.150383)  ( 1.02967, 0.156956) 
45   ( 1.00308, 0.170652)  ( 1.00965, 0.163958) 
45   ( 0.996424, 0.17715)  ( 1.00308, 0.170652) 
45   ( 1.00965, 0.163958)  ( 1.01018, 0.167341) 
46   ( 0.989763, 0.183648)  ( 0.996424, 0.17715) 
47   ( 0.983003, 0.189946)  ( 0.989763, 0.183648) 
44   ( 0.996424, 0.17715)  ( 1.0006, 0.177882) 
47   ( 0.976243, 0.196244)  ( 0.983003, 0.189946) 
47   ( 0.969385, 0.202335)  ( 0.976243, 0.196244) 
46   ( 0.983003, 0.189946)  ( 0.988604, 0.19596) 
47   ( 0.962526, 0.208426)  ( 0.969385, 0.202335) 
47   ( 0.955569, 0.214304)  ( 0.962526, 0.208426) 
47   ( 0.969385, 0.202335)  ( 0.969427, 0.205349) 
47   ( 0.948612, 0.220183)  ( 0.955569, 0.214304) 
47   ( 0.941556, 0.225843)  ( 0.948612, 0.220183) 
45   ( 0.9345, 0.231503)  ( 0.941556, 0.225843) 
45   ( 0.927345, 0.236939)  ( 0.9345, 0.231503) 
46   ( 0.941556, 0.225843)  ( 0.94511, 0.233497) 
46   ( 0.92019, 0.242376)  ( 0.927345, 0.236939) 
46   ( 0.912936, 0.247582)  ( 0.92019, 0.242376) 
47   ( 0.927345, 0.236939)  ( 0.935153, 0.242041) 
47   ( 0.905682, 0.252788)  ( 0.912936, 0.247582) 
47   ( 0.898328, 0.257759)  ( 0.905682, 0.252788) 
46   ( 0.890974, 0.26273)  ( 0.898328, 0.257759) 
45   ( 0.88352, 0.267459)  ( 0.890974, 0.26273) 
47   ( 0.898328, 0.257759)  ( 0.898583, 0.266415) 
46   ( 0.876066, 0.272189)  ( 0.88352, 0.267459) 
47   ( 0.868511, 0.276671)  ( 0.876066, 0.272189) 
46   ( 0.88352, 0.267459)  ( 0.888732, 0.271347) 
47   ( 0.860956, 0.281153)  ( 0.868511, 0.276671) 
47   ( 0.853299, 0.285383)  ( 0.860956, 0.281153) 
47   ( 0.868511, 0.276671)  ( 0.872604, 0.290743) 
47   ( 0.845643, 0.289612)  ( 0.853299, 0.285383) 
47   ( 0.837884, 0.293582)  ( 0.845643, 0.289612) 
47   ( 0.853299, 0.285383)  ( 0.863789, 0.295808) 
47   ( 0.830124, 0.297553)  ( 0.837884, 0.293582) 
47   ( 0.822261, 0.301259)  ( 0.830124, 0.297553) 
47   ( 0.837884, 0.293582)  ( 0.839563, 0.296928) 
47   ( 0.814399, 0.304965)  ( 0.822261, 0.301259) 
47   ( 0.806431, 0.308399)  ( 0.814399, 0.304965) 
47   ( 0.822261, 0.301259)  ( 0.827928, 0.305573) 
47   ( 0.798463, 0.311834)  ( 0.806431, 0.308399) 
47   ( 0.790389, 0.314992)  ( 0.798463, 0.311834) 
47   ( 0.806431, 0.308399)  ( 0.811073, 0.319108) 
46   ( 0.782315, 0.31815)  ( 0.790389, 0.314992) 
46   ( 0.774134, 0.321025)  ( 0.782315, 0.31815) 
47   ( 0.790389, 0.314992)  ( 0.787617, 0.321244) 
45   ( 0.765952, 0.3239)  ( 0.774134, 0.321025) 
45   ( 0.757661, 0.326485)  ( 0.765952, 0.3239) 
47   ( 0.774134, 0.321025)  ( 0.779367, 0.323752) 
46   ( 0.749371, 0.32907)  ( 0.757661, 0.326485) 
46   ( 0.740969, 0.331358)  ( 0.749371, 0.32907) 
47   ( 0.757661, 0.326485)  ( 0.759122, 0.337595) 
47   ( 0.732568, 0.333646)  ( 0.740969, 0.331358) 
47   ( 0.724054, 0.335631)  ( 0.732568, 0.333646) 
47   ( 0.740969, 0.331358)  ( 0.747493, 0.341605) 
47   ( 0.715541, 0.337616)  ( 0.724054, 0.335631) 
47   ( 0.689311, 0.341679)  ( 0.715541, 0.337616) 
47   ( 0.689311, 0.341679)  ( 0.703214, 0.350352) 
46   ( 0.680346, 0.34343)  ( 0.694134, 0.351144) 
47   ( 0.663082, 0.345741)  ( 0.689311, 0.341679) 
47   ( 0.654105, 0.346439)  ( 0.663082, 0.345741) 
46   ( 0.680346, 0.34343)  ( 0.672001, 0.345318) 
46   ( 0.689311, 0.341679)  ( 0.680346, 0.34343) 
47   ( 0.645128, 0.347137)  ( 0.654105, 0.346439) 
47   ( 0.636031, 0.347494)  ( 0.645128, 0.347137) 
47   ( 0.654105, 0.346439)  ( 0.655464, 0.348987) 
47   ( 0.626935, 0.347851)  ( 0.636031, 0.347494) 
46   ( 0.617719, 0.34786)  ( 0.626935, 0.347851) 
46   ( 0.636031, 0.347494)  ( 0.636096, 0.35486) 
46   ( 0.608503, 0.347868)  ( 0.617719, 0.34786) 
47   ( 0.599167, 0.347518)  ( 0.608503, 0.347868) 
46   ( 0.617719, 0.34786)  ( 0.621786, 0.357095) 
46   ( 0.58983, 0.347169)  ( 0.599167, 0.347518) 
46   ( 0.580373, 0.346454)  ( 0.58983, 0.347169) 
47   ( 0.570916, 0.345739)  ( 0.580373, 0.346454) 
46   ( 0.561337, 0.34465)  ( 0.570916, 0.345739) 
47   ( 0.580373, 0.346454)  ( 0.578189, 0.353453) 
46   ( 0.551759, 0.343561)  ( 0.561337, 0.34465) 
45   ( 0.54206, 0.34209)  ( 0.551759, 0.343561) 
46   ( 0.561337, 0.34465)  ( 0.563576, 0.353044) 
45   ( 0.532361, 0.340619)  ( 0.54206, 0.34209) 
47   ( 0.522542, 0.338757)  ( 0.532361, 0.340619) 
47   ( 0.512723, 0.336896)  ( 0.522542, 0.338757) 
47   ( 0.502784, 0.334635)  ( 0.512723, 0.336896) 
47   ( 0.522542, 0.338757)  ( 0.517383, 0.344785) 
47   ( 0.492845, 0.332374)  ( 0.502784, 0.334635) 
47   ( 0.482787, 0.329707)  ( 0.492845, 0.332374) 
46   ( 0.502784, 0.334635)  ( 0.50555, 0.342514) 
47   ( 0.472729, 0.327039)  ( 0.482787, 0.329707) 
47   ( 0.462553, 0.323956)  ( 0.472729, 0.327039) 
47   ( 0.482787, 0.329707)  ( 0.481409, 0.343414) 
47   ( 0.452378, 0.320873)  ( 0.462553, 0.323956) 
47   ( 0.442086, 0.317367)  ( 0.452378, 0.320873) 
47   ( 0.462553, 0.323956)  ( 0.458982, 0.328135) 
47   ( 0.431794, 0.313861)  ( 0.442086, 0.317367) 
47   ( 0.421386, 0.309924)  ( 0.431794, 0.313861) 
47   ( 0.442086, 0.317367)  ( 0.443216, 0.324132) 
47   ( 0.410979, 0.305987)  ( 0.421386, 0.309924) 
47   ( 0.400458, 0.301611)  ( 0.410979, 0.305987) 
47   ( 0.421386, 0.309924)  ( 0.419952, 0.321825) 
47   ( 0.389938, 0.297235)  ( 0.400458, 0.301611) 
47   ( 0.379305, 0.292413)  ( 0.389938, 0.297235) 
47   ( 0.400458, 0.301611)  ( 0.400349, 0.301875) 
47   ( 0.368672, 0.287592)  ( 0.379305, 0.292413) 
47   ( 0.357929, 0.282316)  ( 0.368672, 0.287592) 
46   ( 0.379305, 0.292413)  ( 0.37565, 0.302063) 
47   ( 0.347186, 0.277041)  ( 0.357929, 0.282316) 
47   ( 0.336334, 0.271305)  ( 0.347186, 0.277041) 
47   ( 0.357929, 0.282316)  ( 0.356969, 0.292696) 
47   ( 0.325483, 0.265569)  ( 0.336334, 0.271305) 
47   ( 0.314524, 0.259365)  ( 0.325483, 0.265569) 
47   ( 0.303565, 0.253161)  ( 0.314524, 0.259365) 
47   ( 0.292501, 0.246483)  ( 0.303565, 0.253161) 
46   ( 0.314524, 0.259365)  ( 0.312311, 0.26777) 
47   ( 0.281437, 0.239804)  ( 0.292501, 0.246483) 
46   ( 0.27027, 0.232644)  ( 0.281437, 0.239804) 
46   ( 0.259102, 0.225484)  ( 0.27027, 0.232644) 
47   ( 0.247833, 0.217835)  ( 0.259102, 0.225484) 
46   ( 0.27027, 0.232644)  ( 0.267081, 0.239057) 
47   ( 0.236563, 0.210187)  ( 0.247833, 0.217835) 
47   ( 0.225193, 0.202043)  ( 0.236563, 0.210187) 
47   ( 0.247833, 0.217835)  ( 0.247628, 0.225647) 
45   ( 0.213823, 0.1939)  ( 0.225193, 0.202043) 
45   ( 0.202355, 0.185255)  ( 0.213823, 0.1939) 
46   ( 0.190886, 0.17661)  ( 0.202355, 0.185255) 
45   ( 0.17932, 0.167457)  ( 0.190886, 0.17661) 
47   ( 0.202355, 0.185255)  ( 0.196093, 0.186501) 
46   ( 0.167753, 0.158304)  ( 0.17932, 0.167457) 
47   ( 0.156091, 0.148636)  ( 0.167753, 0.158304) 
47   ( 0.144429, 0.138968)  ( 0.156091, 0.148636) 
46   ( 0.132672, 0.12878)  ( 0.144429, 0.138968) 
45   ( 0.156091, 0.148636)  ( 0.150027, 0.1482) 
46   ( 0.120915, 0.118592)  ( 0.132672, 0.12878) 
47   ( 0.109065, 0.107876)  ( 0.120915, 0.118592) 
49   ( 0.0972152, 0.0971603)  ( 0.109065, 0.107876) 
51   ( 0.0852729, 0.0859111)  ( 0.0972152, 0.0971603) 
47   ( 0.109065, 0.107876)  ( 0.103688, 0.106163) 
51   ( 0.0733306, 0.0746619)  ( 0.0852729, 0.0859111) 
51   ( 0.0612974, 0.0628729)  ( 0.0733306, 0.0746619) 
51   ( 0.0492642, 0.0510839)  ( 0.0612974, 0.0628729) 
51   ( 0.0371411, 0.0387488)  ( 0.0492642, 0.0510839) 
50   ( 0.0612974, 0.0628729)  ( 0.0569824, 0.060274) 
51   ( 0.0250181, 0.0264137)  ( 0.0371411, 0.0387488) 
51   ( 0.0127981, 0.0135277)  ( 0.0250181, 0.0264137) 
55   ( 0.000594339, 0.000638733)  ( 0.0127981, 0.0135277) 
58   ( 0.00058621, 0.000640246)  ( 0.000594339, 0.000638733) 
50   ( 0.0475605, 0.0527322)  ( 0.0240693, 0.026687) 
49   ( 0.059192, 0.064956)  ( 0.0475605, 0.0527322) 
50   ( 0.0569824, 0.060274)  ( 0.0650932, 0.0689668) 
50   ( 0.0463405, 0.0496954)  ( 0.0569824, 0.060274) 
50   ( 0.0240693, 0.026687)  ( 0.0395104, 0.0428169) 
49   ( 0.0708236, 0.0771797)  ( 0.059192, 0.064956) 
51   ( 0.0823789, 0.0888827)  ( 0.0708236, 0.0771797) 
51   ( 0.0650932, 0.0689668)  ( 0.0749852, 0.0788165) 
49   ( 0.059192, 0.064956)  ( 0.0650932, 0.0689668) 
50   ( 0.0939342, 0.100586)  ( 0.0823789, 0.0888827) 
48   ( 0.105414, 0.111775)  ( 0.0939342, 0.100586) 
46   ( 0.103688, 0.106163)  ( 0.111907, 0.11434) 
49   ( 0.0956955, 0.0988354)  ( 0.103688, 0.106163) 
47   ( 0.116893, 0.122964)  ( 0.105414, 0.111775) 
47   ( 0.128297, 0.133646)  ( 0.116893, 0.122964) 
46   ( 0.111907, 0.11434)  ( 0.121398, 0.123072) 
46   ( 0.105414, 0.111775)  ( 0.111907, 0.11434) 
47   ( 0.139702, 0.144327)  ( 0.128297, 0.133646) 
47   ( 0.151031, 0.154509)  ( 0.139702, 0.144327) 
44   ( 0.150027, 0.1482)  ( 0.158334, 0.15582) 
45   ( 0.142045, 0.141481)  ( 0.150027, 0.1482) 
45   ( 0.16236, 0.16469)  ( 0.151031, 0.154509) 
45   ( 0.173616, 0.174378)  ( 0.16236, 0.16469) 
46   ( 0.158334, 0.15582)  ( 0.167985, 0.163969) 
46   ( 0.151031, 0.154509)  ( 0.158334, 0.15582) 
47   ( 0.184871, 0.184066)  ( 0.173616, 0.174378) 
47   ( 0.196053, 0.193266)  ( 0.184871, 0.184066) 
46   ( 0.196093, 0.186501)  ( 0.20441, 0.193478) 
47   ( 0.188885, 0.181006)  ( 0.196093, 0.186501) 
47   ( 0.207235, 0.202467)  ( 0.196053, 0.193266) 
47   ( 0.218345, 0.211187)  ( 0.207235, 0.202467) 
46   ( 0.20441, 0.193478)  ( 0.214862, 0.201515) 
46   ( 0.196053, 0.193266)  ( 0.20441, 0.193478) 
47   ( 0.229454, 0.219907)  ( 0.218345, 0.211187) 
47   ( 0.240492, 0.228154)  ( 0.229454, 0.219907) 
47   ( 0.235696, 0.217054)  ( 0.243423, 0.222722) 
44   ( 0.25153, 0.2364)  ( 0.240492, 0.228154) 
44   ( 0.262497, 0.244179)  ( 0.25153, 0.2364) 
47   ( 0.247628, 0.225647)  ( 0.262858, 0.236245) 
47   ( 0.243423, 0.222722)  ( 0.247628, 0.225647) 
47   ( 0.240492, 0.228154)  ( 0.243423, 0.222722) 
47   ( 0.273464, 0.251958)  ( 0.262497, 0.244179) 
46   ( 0.28436, 0.259275)  ( 0.273464, 0.251958) 
46   ( 0.267081, 0.239057)  ( 0.274705, 0.24408) 
47   ( 0.262858, 0.236245)  ( 0.267081, 0.239057) 
47   ( 0.262497, 0.244179)  ( 0.262858, 0.236245) 
46   ( 0.295257, 0.266593)  ( 0.28436, 0.259275) 
47   ( 0.306085, 0.273456)  ( 0.295257, 0.266593) 
46   ( 0.29659, 0.258173)  ( 0.307898, 0.265182) 
47   ( 0.316913, 0.280319)  ( 0.306085, 0.273456) 
47   ( 0.327673, 0.286734)  ( 0.316913, 0.280319) 
46   ( 0.312311, 0.26777)  ( 0.322658, 0.273792) 
46   ( 0.307898, 0.265182)  ( 0.312311, 0.26777) 
47   ( 0.306085, 0.273456)  ( 0.307898, 0.265182) 
47   ( 0.338433, 0.293148)  ( 0.327673, 0.286734) 
46   ( 0.349126, 0.29912)  ( 0.338433, 0.293148) 
46   ( 0.34539, 0.286536)  ( 0.352904, 0.290632) 
46   ( 0.359819, 0.305092)  ( 0.349126, 0.29912) 
47   ( 0.370446, 0.310627)  ( 0.359819, 0.305092) 
47   ( 0.356969, 0.292696)  ( 0.371589, 0.300121) 
47   ( 0.352904, 0.290632)  ( 0.356969, 0.292696) 
46   ( 0.349126, 0.29912)  ( 0.352904, 0.290632) 
47   ( 0.381073, 0.316162)  ( 0.370446, 0.310627) 
47   ( 0.391635, 0.321266)  ( 0.381073, 0.316162) 
46   ( 0.37565, 0.302063)  ( 0.382906, 0.305481) 
46   ( 0.371589, 0.300121)  ( 0.37565, 0.302063) 
47   ( 0.370446, 0.310627)  ( 0.371589, 0.300121) 
46   ( 0.402197, 0.32637)  ( 0.391635, 0.321266) 
46   ( 0.412694, 0.331049)  ( 0.402197, 0.32637) 
46   ( 0.406364, 0.31612)  ( 0.415671, 0.320135) 
47   ( 0.423192, 0.335728)  ( 0.412694, 0.331049) 
47   ( 0.433626, 0.339986)  ( 0.423192, 0.335728) 
47   ( 0.419952, 0.321825)  ( 0.431482, 0.326363) 
47   ( 0.415671, 0.320135)  ( 0.419952, 0.321825) 
47   ( 0.412694, 0.331049)  ( 0.415671, 0.320135) 
47   ( 0.444061, 0.344245)  ( 0.433626, 0.339986) 
47   ( 0.454432, 0.348089)  ( 0.444061, 0.344245) 
47   ( 0.433626, 0.339986)  ( 0.438202, 0.335214) 
47   ( 0.464804, 0.351933)  ( 0.454432, 0.348089) 
47   ( 0.475113, 0.355368)  ( 0.464804, 0.351933) 
47   ( 0.467477, 0.339113)  ( 0.477284, 0.342244) 
47   ( 0.454432, 0.348089)  ( 0.454577, 0.343155) 
47   ( 0.485423, 0.358802)  ( 0.475113, 0.355368) 
47   ( 0.495671, 0.361832)  ( 0.485423, 0.358802) 
47   ( 0.481409, 0.343414)  ( 0.491576, 0.346274) 
47   ( 0.477284, 0.342244)  ( 0.481409, 0.343414) 
47   ( 0.475113, 0.355368)  ( 0.477284, 0.342244) 
47   ( 0.505918, 0.364863)  ( 0.495671, 0.361832) 
47   ( 0.516105, 0.367493)  ( 0.505918, 0.364863) 
47   ( 0.495671, 0.361832)  ( 0.501138, 0.355983) 
47   ( 0.526291, 0.370124)  ( 0.516105, 0.367493) 
47   ( 0.536415, 0.372359)  ( 0.526291, 0.370124) 
47   ( 0.527848, 0.355067)  ( 0.532581, 0.356068) 
47   ( 0.516105, 0.367493)  ( 0.514556, 0.360204) 
46   ( 0.54654, 0.374595)  ( 0.536415, 0.372359) 
46   ( 0.556603, 0.376441)  ( 0.54654, 0.374595) 
47   ( 0.549237, 0.359113)  ( 0.553344, 0.359784) 
47   ( 0.566665, 0.378287)  ( 0.556603, 0.376441) 
47   ( 0.576666, 0.379747)  ( 0.566665, 0.378287) 
47   ( 0.556603, 0.376441)  ( 0.560374, 0.368784) 
47   ( 0.586666, 0.381208)  ( 0.576666, 0.379747) 
47   ( 0.596603, 0.382288)  ( 0.586666, 0.381208) 
46   ( 0.589439, 0.364299)  ( 0.59183, 0.364521) 
47   ( 0.576666, 0.379747)  ( 0.576567, 0.372913) 
46   ( 0.60654, 0.383368)  ( 0.596603, 0.382288) 
46   ( 0.616412, 0.384073)  ( 0.60654, 0.383368) 
47   ( 0.626285, 0.384777)  ( 0.616412, 0.384073) 
47   ( 0.636092, 0.385111)  ( 0.626285, 0.384777) 
47   ( 0.616412, 0.384073)  ( 0.620665, 0.374898) 
47   ( 0.645899, 0.385445)  ( 0.636092, 0.385111) 
47   ( 0.655639, 0.385413)  ( 0.645899, 0.385445) 
47   ( 0.636092, 0.385111)  ( 0.636241, 0.378229) 
47   ( 0.665379, 0.385381)  ( 0.655639, 0.385413) 
47   ( 0.675049, 0.384989)  ( 0.665379, 0.385381) 
47   ( 0.655639, 0.385413)  ( 0.656391, 0.382682) 
46   ( 0.68472, 0.384597)  ( 0.675049, 0.384989) 
45   ( 0.69432, 0.383849)  ( 0.68472, 0.384597) 
45   ( 0.70392, 0.383101)  ( 0.69432, 0.383849) 
46   ( 0.713447, 0.382004)  ( 0.70392, 0.383101) 
45   ( 0.69432, 0.383849)  ( 0.69619, 0.374552) 
47   ( 0.722974, 0.380907)  ( 0.713447, 0.382004) 
47   ( 0.732426, 0.379466)  ( 0.722974, 0.380907) 
46   ( 0.713447, 0.382004)  ( 0.707558, 0.37224) 
47   ( 0.741877, 0.378026)  ( 0.732426, 0.379466) 
47   ( 0.751251, 0.376247)  ( 0.741877, 0.378026) 
47   ( 0.760626, 0.374468)  ( 0.751251, 0.376247) 
46   ( 0.76992, 0.372358)  ( 0.760626, 0.374468) 
46   ( 0.751251, 0.376247)  ( 0.751699, 0.36423) 
46   ( 0.779215, 0.370248)  ( 0.76992, 0.372358) 
47   ( 0.788427, 0.367812)  ( 0.779215, 0.370248) 
46   ( 0.76992, 0.372358)  ( 0.766216, 0.362221) 
46   ( 0.79764, 0.365377)  ( 0.788427, 0.367812) 
46   ( 0.806768, 0.362623)  ( 0.79764, 0.365377) 
47   ( 0.788427, 0.367812)  ( 0.791099, 0.362897) 
47   ( 0.815897, 0.359869)  ( 0.806768, 0.362623) 
47   ( 0.824939, 0.356803)  ( 0.815897, 0.359869) 
46   ( 0.806768, 0.362623)  ( 0.801024, 0.35922) 
47   ( 0.833981, 0.353737)  ( 0.824939, 0.356803) 
47   ( 0.842935, 0.350367)  ( 0.833981, 0.353737) 
47   ( 0.824939, 0.356803)  ( 0.821335, 0.346099) 
47   ( 0.851889, 0.346996)  ( 0.842935, 0.350367) 
47   ( 0.860752, 0.343328)  ( 0.851889, 0.346996) 
47   ( 0.842935, 0.350367)  ( 0.843704, 0.343166) 
47   ( 0.869616, 0.339659)  ( 0.860752, 0.343328) 
45   ( 0.878387, 0.3357)  ( 0.869616, 0.339659) 
47   ( 0.860752, 0.343328)  ( 0.859588, 0.340533) 
45   ( 0.887159, 0.331741)  ( 0.878387, 0.3357) 
47   ( 0.895837, 0.327499)  ( 0.887159, 0.331741) 
45   ( 0.878387, 0.3357)  ( 0.875656, 0.321289) 
47   ( 0.904515, 0.323256)  ( 0.895837, 0.327499) 
47   ( 0.913097, 0.318738)  ( 0.904515, 0.323256) 
46   ( 0.895837, 0.327499)  ( 0.886669, 0.31636) 
46   ( 0.92168, 0.314219)  ( 0.913097, 0.318738) 
46   ( 0.930167, 0.309432)  ( 0.92168, 0.314219) 
46   ( 0.913097, 0.318738)  ( 0.91195, 0.313021) 
47   ( 0.938653, 0.304645)  ( 0.930167, 0.309432) 
47   ( 0.947041, 0.299596)  ( 0.938653, 0.304645) 
47   ( 0.930167, 0.309432)  ( 0.923157, 0.304778) 
46   ( 0.95543, 0.294547)  ( 0.947041, 0.299596) 
45   ( 0.96372, 0.289244)  ( 0.95543, 0.294547) 
46   ( 0.972009, 0.283942)  ( 0.96372, 0.289244) 
47   ( 0.980199, 0.278392)  ( 0.972009, 0.283942) 
46   ( 0.96372, 0.289244)  ( 0.961099, 0.280407) 
47   ( 0.988389, 0.272843)  ( 0.980199, 0.278392) 
47   ( 0.996478, 0.267054)  ( 0.988389, 0.272843) 
47   ( 0.980199, 0.278392)  ( 0.974479, 0.272776) 
46   ( 1.00457, 0.261265)  ( 0.996478, 0.267054) 
45   ( 1.01256, 0.255244)  ( 1.00457, 0.261265) 
45   ( 1.02054, 0.249223)  ( 1.01256, 0.255244) 
45   ( 1.02843, 0.242977)  ( 1.02054, 0.249223) 
45   ( 1.01256, 0.255244)  ( 1.00951, 0.254608) 
45   ( 1.03631, 0.236731)  ( 1.02843, 0.242977) 
44   ( 1.0441, 0.230268)  ( 1.03631, 0.236731) 
45   ( 1.02843, 0.242977)  ( 1.02361, 0.236893) 
44   ( 1.05188, 0.223804)  ( 1.0441, 0.230268) 
44   ( 1.05956, 0.21713)  ( 1.05188, 0.223804) 
44   ( 1.0441, 0.230268)  ( 1.04344, 0.226284) 
44   ( 1.06724, 0.210456)  ( 1.05956, 0.21713) 
45   ( 1.07481, 0.203579)  ( 1.06724, 0.210456) 
44   ( 1.05956, 0.21713)  ( 1.05677, 0.216413) 
45   ( 1.08239, 0.196702)  ( 1.07481, 0.203579) 
45   ( 1.08986, 0.189628)  ( 1.08239, 0.196702) 
45   ( 1.07481, 0.203579)  ( 1.06862, 0.196749) 
45   ( 1.09733, 0.182555)  ( 1.08986, 0.189628) 
44   ( 1.1047, 0.175292)  ( 1.09733, 0.182555) 
44   ( 1.08986, 0.189628)  ( 1.0882, 0.184536) 
44   ( 1.11207, 0.168029)  ( 1.1047, 0.175292) 
45   ( 1.11933, 0.160584)  ( 1.11207, 0.168029) 
43   ( 1.1047, 0.175292)  ( 1.1041, 0.174698) 
45   ( 1.12659, 0.153139)  ( 1.11933, 0.160584) 
45   ( 1.13375, 0.145519)  ( 1.12659, 0.153139) 
45   ( 1.11933, 0.160584)  ( 1.11174, 0.152263) 
44   ( 1.1409, 0.137899)  ( 1.13375, 0.145519) 
44   ( 1.14795, 0.130111)  ( 1.1409, 0.137899) 
45   ( 1.13375, 0.145519)  ( 1.13176, 0.138727) 
43   ( 1.155, 0.122322)  ( 1.14795, 0.130111) 
43   ( 1.16195, 0.114372)  ( 1.155, 0.122322) 
45   ( 1.14795, 0.130111)  ( 1.14657, 0.128864) 
45   ( 1.16889, 0.106422)  ( 1.16195, 0.114372) 
46   ( 1.17573, 0.0983174)  ( 1.16889, 0.106422) 
45   ( 1.16195, 0.114372)  ( 1.15518, 0.102022) 
47   ( 1.18257, 0.0902128)  ( 1.17573, 0.0983174) 
46   ( 1.1893, 0.0819603)  ( 1.18257, 0.0902128) 
47   ( 1.17573, 0.0983174)  ( 1.16131, 0.0941238) 
46   ( 1.19604, 0.0737078)  ( 1.1893, 0.0819603) 
47   ( 1.20266, 0.0653142)  ( 1.19604, 0.0737078) 
46   ( 1.1893, 0.0819603)  ( 1.18662, 0.0797717) 
47   ( 1.20929, 0.0569207)  ( 1.20266, 0.0653142) 
47   ( 1.21581, 0.0483928)  ( 1.20929, 0.0569207) 
47   ( 1.22233, 0.0398648)  ( 1.21581, 0.0483928) 
47   ( 1.22874, 0.0312093)  ( 1.22233, 0.0398648) 
47   ( 1.21581, 0.0483928)  ( 1.21506, 0.0482621) 
47   ( 1.23515, 0.0225537)  ( 1.22874, 0.0312093) 
47   ( 1.24146, 0.0137772)  ( 1.23515, 0.0225537) 
47   ( 1.22874, 0.0312093)  ( 1.22462, 0.0281542) 
48   ( 1.24776, 0.00500068)  ( 1.24146, 0.0137772) 
50   ( 1.25396, -0.00389018)  ( 1.24776, 0.00500068) 
48   ( 1.24146, 0.0137772)  ( 1.24362, 0.00956439) 
49   ( 1.26015, -0.012781)  ( 1.25396, -0.00389018) 
48   ( 1.26624, -0.0217796)  ( 1.26015, -0.012781) 
52   ( 1.25396, -0.00389018)  ( 1.24982, -0.000737818) 
49   ( 1.27233, -0.0307781)  ( 1.26624, -0.0217796) 
49   ( 1.27832, -0.0398778)  ( 1.27233, -0.0307781) 
49   ( 1.26624, -0.0217796)  ( 1.26065, -0.0255679) 
48   ( 1.2843, -0.0489775)  ( 1.27832, -0.0398778) 
48   ( 1.29017, -0.0581717)  ( 1.2843, -0.0489775) 
49   ( 1.27832, -0.0398778)  ( 1.27924, -0.0445351) 
49   ( 1.29605, -0.0673659)  ( 1.29017, -0.0581717) 
49   ( 1.30181, -0.0766481)  ( 1.29605, -0.0673659) 
49   ( 1.29017, -0.0581717)  ( 1.28517, -0.0555656) 
49   ( 1.30758, -0.0859302)  ( 1.30181, -0.0766481) 
49   ( 1.31323, -0.0952939)  ( 1.30758, -0.0859302) 
47   ( 1.30181, -0.0766481)  ( 1.2947, -0.081062) 
48   ( 1.31889, -0.104657)  ( 1.31323, -0.0952939) 
47   ( 1.32444, -0.114096)  ( 1.31889, -0.104657) 
49   ( 1.31323, -0.0952939)  ( 1.31277, -0.0993544) 
47   ( 1.32999, -0.123535)  ( 1.32444, -0.114096) 
47   ( 1.33542, -0.133042)  ( 1.32999, -0.123535) 
47   ( 1.32444, -0.114096)  ( 1.31881, -0.112551) 
47   ( 1.34086, -0.142549)  ( 1.33542, -0.133042) 
47   ( 1.34619, -0.152118)  ( 1.34086, -0.142549) 
47   ( 1.33542, -0.133042)  ( 1.32676, -0.137999) 
47   ( 1.35152, -0.161687)  ( 1.34619, -0.152118) 
47   ( 1.35674, -0.171311)  ( 1.35152, -0.161687) 
46   ( 1.34619, -0.152118)  ( 1.3444, -0.155759) 
47   ( 1.36196, -0.180936)  ( 1.35674, -0.171311) 
47   ( 1.36707, -0.190609)  ( 1.36196, -0.180936) 
45   ( 1.35674, -0.171311)  ( 1.3502, -0.17052) 
47   ( 1.37219, -0.200283)  ( 1.36707, -0.190609) 
47   ( 1.37719, -0.209999)  ( 1.37219, -0.200283) 
46   ( 1.36707, -0.190609)  ( 1.3568, -0.196035) 
47   ( 1.38219, -0.219715)  ( 1.37719, -0.209999) 
47   ( 1.38708, -0.229468)  ( 1.38219, -0.219715) 
46   ( 1.37719, -0.209999)  ( 1.37408, -0.21377) 
47   ( 1.39197, -0.239221)  ( 1.38708, -0.229468) 
47   ( 1.39675, -0.249003)  ( 1.39197, -0.239221) 
47   ( 1.38708, -0.229468)  ( 1.37933, -0.228907) 
47   ( 1.40153, -0.258786)  ( 1.39675, -0.249003) 
46   ( 1.4062, -0.268592)  ( 1.40153, -0.258786) 
46   ( 1.41087, -0.278398)  ( 1.4062, -0.268592) 
47   ( 1.41543, -0.288221)  ( 1.41087, -0.278398) 
46   ( 1.4062, -0.268592)  ( 1.40173, -0.272936) 
47   ( 1.41999, -0.298044)  ( 1.41543, -0.288221) 
47   ( 1.42443, -0.307872)  ( 1.41999, -0.298044) 
47   ( 1.41543, -0.288221)  ( 1.40634, -0.287539) 
47   ( 1.42888, -0.317701)  ( 1.42443, -0.307872) 
46   ( 1.43321, -0.32751)  ( 1.42888, -0.317701) 
46   ( 1.43754, -0.337319)  ( 1.43321, -0.32751) 
47   ( 1.44177, -0.347105)  ( 1.43754, -0.337319) 
46   ( 1.43321, -0.32751)  ( 1.42734, -0.332828) 
47   ( 1.44601, -0.356891)  ( 1.44177, -0.347105) 
47   ( 1.45015, -0.366651)  ( 1.44601, -0.356891) 
47   ( 1.44177, -0.347105)  ( 1.43131, -0.346092) 
46   ( 1.4543, -0.376411)  ( 1.45015, -0.366651) 
46   ( 1.45836, -0.386142)  ( 1.4543, -0.376411) 
47   ( 1.46243, -0.395873)  ( 1.45836, -0.386142) 
47   ( 1.46644, -0.405573)  ( 1.46243, -0.395873) 
47   ( 1.45836, -0.386142)  ( 1.45114, -0.392736) 
47   ( 1.47045, -0.415273)  ( 1.46644, -0.405573) 
47   ( 1.47441, -0.424938)  ( 1.47045, -0.415273) 
47   ( 1.46644, -0.405573)  ( 1.45461, -0.404231) 
47   ( 1.47837, -0.434604)  ( 1.47441, -0.424938) 
47   ( 1.48229, -0.444234)  ( 1.47837, -0.434604) 
47   ( 1.48621, -0.453863)  ( 1.48229, -0.444234) 
47   ( 1.49011, -0.463454)  ( 1.48621, -0.453863) 
46   ( 1.48229, -0.444234)  ( 1.47276, -0.44894) 
45   ( 1.494, -0.473045)  ( 1.49011, -0.463454) 
45   ( 1.49789, -0.482595)  ( 1.494, -0.473045) 
47   ( 1.49011, -0.463454)  ( 1.48645, -0.468583) 
47   ( 1.50177, -0.492145)  ( 1.49789, -0.482595) 
47   ( 1.50566, -0.501652)  ( 1.50177, -0.492145) 
47   ( 1.49789, -0.482595)  ( 1.49704, -0.482938) 
46   ( 1.50955, -0.51116)  ( 1.50566, -0.501652) 
46   ( 1.51345, -0.520622)  ( 1.50955, -0.51116) 
47   ( 1.50566, -0.501652)  ( 1.49507, -0.508015) 
47   ( 1.51735, -0.530085)  ( 1.51345, -0.520622) 
47   ( 1.52127, -0.539501)  ( 1.51735, -0.530085) 
47   ( 1.51345, -0.520622)  ( 1.50888, -0.526414) 
46   ( 1.5252, -0.548917)  ( 1.52127, -0.539501) 
46   ( 1.52916, -0.558284)  ( 1.5252, -0.548917) 
47   ( 1.52127, -0.539501)  ( 1.51871, -0.540562) 
47   ( 1.53312, -0.567652)  ( 1.52916, -0.558284) 
47   ( 1.53713, -0.576971)  ( 1.53312, -0.567652) 
47   ( 1.52916, -0.558284)  ( 1.51779, -0.566313) 
47   ( 1.54114, -0.586289)  ( 1.53713, -0.576971) 
47   ( 1.54521, -0.595556)  ( 1.54114, -0.586289) 
47   ( 1.53713, -0.576971)  ( 1.53176, -0.583366) 
47   ( 1.54928, -0.604824)  ( 1.54521, -0.595556) 
46   ( 1.55342, -0.61404)  ( 1.54928, -0.604824) 
47   ( 1.54521, -0.595556)  ( 1.54123, -0.597282) 
46   ( 1.55757, -0.623255)  ( 1.55342, -0.61404) 
47   ( 1.56179, -0.632418)  ( 1.55757, -0.623255) 
47   ( 1.56602, -0.641581)  ( 1.56179, -0.632418) 
47   ( 1.57034, -0.650691)  ( 1.56602, -0.641581) 
47   ( 1.56179, -0.632418)  ( 1.55573, -0.639298) 
47   ( 1.57467, -0.659801)  ( 1.57034, -0.650691) 
46   ( 1.5791, -0.668857)  ( 1.57467, -0.659801) 
46   ( 1.57034, -0.650691)  ( 1.56518, -0.65308) 
46   ( 1.58352, -0.677914)  ( 1.5791, -0.668857) 
47   ( 1.58807, -0.686916)  ( 1.58352, -0.677914) 
47   ( 1.59262, -0.695919)  ( 1.58807, -0.686916) 
47   ( 1.59729, -0.704869)  ( 1.59262, -0.695919) 
45   ( 1.58807, -0.686916)  ( 1.586, -0.686319) 
47   ( 1.60197, -0.713819)  ( 1.59729, -0.704869) 
47   ( 1.60679, -0.722716)  ( 1.60197, -0.713819) 
47   ( 1.59729, -0.704869)  ( 1.59117, -0.708059) 
46   ( 1.6116, -0.731613)  ( 1.60679, -0.722716) 
46   ( 1.61657, -0.740458)  ( 1.6116, -0.731613) 
47   ( 1.62154, -0.749303)  ( 1.61657, -0.740458) 
47   ( 1.62667, -0.758098)  ( 1.62154, -0.749303) 
46   ( 1.61657, -0.740458)  ( 1.60945, -0.74783) 
47   ( 1.63181, -0.766893)  ( 1.62667, -0.758098) 
47   ( 1.63711, -0.775638)  ( 1.63181, -0.766893) 
47   ( 1.62667, -0.758098)  ( 1.61923, -0.761698) 
47   ( 1.64242, -0.784384)  ( 1.63711, -0.775638) 
47   ( 1.64792, -0.793082)  ( 1.64242, -0.784384) 
46   ( 1.65341, -0.80178)  ( 1.64792, -0.793082) 
45   ( 1.6591, -0.810433)  ( 1.65341, -0.80178) 
47   ( 1.64792, -0.793082)  ( 1.64123, -0.801791) 
45   ( 1.6648, -0.819087)  ( 1.6591, -0.810433) 
45   ( 1.6707, -0.827697)  ( 1.6648, -0.819087) 
46   ( 1.6591, -0.810433)  ( 1.64905, -0.813334) 
46   ( 1.67661, -0.836307)  ( 1.6707, -0.827697) 
47   ( 1.68274, -0.844876)  ( 1.67661, -0.836307) 
47   ( 1.68887, -0.853446)  ( 1.68274, -0.844876) 
47   ( 1.69523, -0.861978)  ( 1.68887, -0.853446) 
47   ( 1.68274, -0.844876)  ( 1.67562, -0.851203) 
45   ( 1.7016, -0.87051)  ( 1.69523, -0.861978) 
45   ( 1.70821, -0.879006)  ( 1.7016, -0.87051) 
46   ( 1.69523, -0.861978)  ( 1.69363, -0.86576) 
47   ( 1.71482, -0.887503)  ( 1.70821, -0.879006) 
46   ( 1.7217, -0.895968)  ( 1.71482, -0.887503) 
46   ( 1.72858, -0.904432)  ( 1.7217, -0.895968) 
47   ( 1.73573, -0.912868)  ( 1.72858, -0.904432) 
46   ( 1.7217, -0.895968)  ( 1.71535, -0.901125) 
47   ( 1.74289, -0.921305)  ( 1.73573, -0.912868) 
47   ( 1.75033, -0.929718)  ( 1.74289, -0.921305) 
47   ( 1.75778, -0.938131)  ( 1.75033, -0.929718) 
47   ( 1.76551, -0.946506)  ( 1.75778, -0.938131) 
46   ( 1.75033, -0.929718)  ( 1.74626, -0.93055) 
46   ( 1.77323, -0.95488)  ( 1.76551, -0.946506) 
46   ( 1.78124, -0.963194)  ( 1.77323, -0.95488) 
47   ( 1.76551, -0.946506)  ( 1.75768, -0.952752) 
47   ( 1.78924, -0.971508)  ( 1.78124, -0.963194) 
47   ( 1.79751, -0.979741)  ( 1.78924, -0.971508) 
47   ( 1.80577, -0.987975)  ( 1.79751, -0.979741) 
47   ( 1.81429, -0.996106)  ( 1.80577, -0.987975) 
47   ( 1.79751, -0.979741)  ( 1.79208, -0.985191) 
46   ( 1.82281, -1.00424)  ( 1.81429, -0.996106) 
45   ( 1.83157, -1.01225)  ( 1.82281, -1.00424) 
45   ( 1.84032, -1.02026)  ( 1.83157, -1.01225) 
45   ( 1.84931, -1.02813)  ( 1.84032, -1.02026) 
45   ( 1.83157, -1.01225)  ( 1.82802, -1.02304) 
44   ( 1.8583, -1.03599)  ( 1.84931, -1.02813) 
42   ( 1.8675, -1.0437)  ( 1.8583, -1.03599) 
45   ( 1.84931, -1.02813)  ( 1.83964, -1.03304) 
43   ( 1.87671, -1.05141)  ( 1.8675, -1.0437) 
45   ( 1.88612, -1.05893)  ( 1.87671, -1.05141) 
45   ( 1.89552, -1.06646)  ( 1.88612, -1.05893) 
45   ( 1.90513, -1.07378)  ( 1.89552, -1.06646) 
45   ( 1.88612, -1.05893)  ( 1.88189, -1.06422) 
45   ( 1.91473, -1.08111)  ( 1.90513, -1.07378) 
45   ( 1.92451, -1.08821)  ( 1.91473, -1.08111) 
45   ( 1.93429, -1.09532)  ( 1.92451, -1.08821) 
45   ( 1.94424, -1.10219)  ( 1.93429, -1.09532) 
45   ( 1.92451, -1.08821)  ( 1.92012, -1.09477) 
45   ( 1.95419, -1.10905)  ( 1.94424, -1.10219) 
45   ( 1.96429, -1.11567)  ( 1.95419, -1.10905) 
45   ( 1.94424, -1.10219)  ( 1.94746, -1.10723) 
44   ( 1.9744, -1.12228)  ( 1.96429, -1.11567) 
44   ( 1.98464, -1.12862)  ( 1.9744, -1.12228) 
44   ( 1.96429, -1.11567)  ( 1.9582, -1.11466) 
45   ( 1.99489, -1.13495)  ( 1.98464, -1.12862) 
43   ( 2.00526, -1.141)  ( 1.99489, -1.13495) 
45   ( 1.98464, -1.12862)  ( 1.98051, -1.13527) 
43   ( 2.01563, -1.14705)  ( 2.00526, -1.141) 
45   ( 2.02612, -1.15278)  ( 2.01563, -1.14705) 
45   ( 2.03661, -1.15852)  ( 2.02612, -1.15278) 
45   ( 2.04719, -1.16394)  ( 2.03661, -1.15852) 
45   ( 2.02612, -1.15278)  ( 2.02322, -1.15808) 
45   ( 2.05778, -1.16935)  ( 2.04719, -1.16394) 
45   ( 2.06845, -1.17442)  ( 2.05778, -1.16935) 
44   ( 2.07913, -1.1795)  ( 2.06845, -1.17442) 
44   ( 2.08987, -1.18422)  ( 2.07913, -1.1795) 
45   ( 2.06845, -1.17442)  ( 2.06581, -1.18222) 
45   ( 2.10062, -1.18893)  ( 2.08987, -1.18422) 
45   ( 2.11142, -1.19328)  ( 2.10062, -1.18893) 
45   ( 2.08987, -1.18422)  ( 2.09052, -1.18711) 
45   ( 2.12222, -1.19763)  ( 2.11142, -1.19328) 
44   ( 2.13307, -1.2016)  ( 2.12222, -1.19763) 
45   ( 2.11142, -1.19328)  ( 2.10993, -1.19356) 
44   ( 2.14392, -1.20556)  ( 2.13307, -1.2016) 
44   ( 2.1548, -1.20914)  ( 2.14392, -1.20556) 
43   ( 2.13307, -1.2016)  ( 2.1304, -1.20887) 
44   ( 2.16567, -1.21271)  ( 2.1548, -1.20914) 
45   ( 2.17657, -1.21587)  ( 2.16567, -1.21271) 
45   ( 2.18747, -1.21904)  ( 2.17657, -1.21587) 
45   ( 2.19837, -1.22179)  ( 2.18747, -1.21904) 
45   ( 2.17657, -1.21587)  ( 2.17458, -1.22274) 
45   ( 2.20927, -1.22454)  ( 2.19837, -1.22179) 
45   ( 2.22016, -1.22686)  ( 2.20927, -1.22454) 
45   ( 2.23106, -1.22918)  ( 2.22016, -1.22686) 
45   ( 2.24193, -1.23107)  ( 2.23106, -1.22918) 
45   ( 2.22016, -1.22686)  ( 2.22253, -1.23792) 
45   ( 2.25281, -1.23296)  ( 2.24193, -1.23107) 
44   ( 2.26367, -1.2344)  ( 2.25281, -1.23296) 
45   ( 2.24193, -1.23107)  ( 2.24277, -1.23503) 
44   ( 2.27452, -1.23585)  ( 2.26367, -1.2344) 
45   ( 2.28534, -1.23684)  ( 2.27452, -1.23585) 
44   ( 2.26367, -1.2344)  ( 2.26346, -1.23508) 
45   ( 2.29616, -1.23784)  ( 2.28534, -1.23684) 
45   ( 2.30694, -1.23838)  ( 2.29616, -1.23784) 
45   ( 2.28534, -1.23684)  ( 2.28447, -1.24621) 
45   ( 2.31772, -1.23892)  ( 2.30694, -1.23838) 
43   ( 2.32846, -1.239)  ( 2.31772, -1.23892) 
42   ( 2.3392, -1.23907)  ( 2.32846, -1.239) 
43   ( 2.3499, -1.23868)  ( 2.3392, -1.23907) 
43   ( 2.32846, -1.239)  ( 2.32839, -1.24907) 
44   ( 2.36059, -1.23829)  ( 2.3499, -1.23868) 
45   ( 2.37125, -1.23741)  ( 2.36059, -1.23829) 
43   ( 2.3499, -1.23868)  ( 2.35207, -1.2414) 
45   ( 2.38191, -1.23654)  ( 2.37125, -1.23741) 
45   ( 2.39251, -1.23498)  ( 2.38191, -1.23654) 
45   ( 2.37125, -1.23741)  ( 2.36758, -1.24275) 
44   ( 2.4031, -1.23343)  ( 2.39251, -1.23498) 
43   ( 2.41364, -1.2309)  ( 2.4031, -1.23343) 
45   ( 2.39251, -1.23498)  ( 2.39545, -1.24117) 
44   ( 2.42418, -1.22836)  ( 2.41364, -1.2309) 
45   ( 2.43465, -1.22487)  ( 2.42418, -1.22836) 
44   ( 2.41364, -1.2309)  ( 2.41446, -1.23613) 
45   ( 2.44512, -1.22137)  ( 2.43465, -1.22487) 
45   ( 2.45547, -1.21701)  ( 2.44512, -1.22137) 
45   ( 2.46583, -1.21265)  ( 2.45547, -1.21701) 
45   ( 2.47603, -1.20753)  ( 2.46583, -1.21265) 
45   ( 2.45547, -1.21701)  ( 2.45842, -1.22401) 
45   ( 2.48624, -1.20241)  ( 2.47603, -1.20753) 
44   ( 2.4963, -1.19663)  ( 2.48624, -1.20241) 
44   ( 2.50635, -1.19085)  ( 2.4963, -1.19663) 
45   ( 2.51624, -1.18451)  ( 2.50635, -1.19085) 
45   ( 2.52613, -1.17816)  ( 2.51624, -1.18451) 
45   ( 2.53589, -1.17136)  ( 2.52613, -1.17816) 
43   ( 2.51624, -1.18451)  ( 2.52042, -1.191) 
45   ( 2.54564, -1.16455)  ( 2.53589, -1.17136) 
45   ( 2.55527, -1.15735)  ( 2.54564, -1.16455) 
45   ( 2.53589, -1.17136)  ( 2.53874, -1.17267) 
44   ( 2.5649, -1.15015)  ( 2.55527, -1.15735) 
44   ( 2.57441, -1.14259)  ( 2.5649, -1.15015) 
45   ( 2.58393, -1.13502)  ( 2.57441, -1.14259) 
44   ( 2.59332, -1.1271)  ( 2.58393, -1.13502) 
45   ( 2.57441, -1.14259)  ( 2.58042, -1.14912) 
44   ( 2.60272, -1.11917)  ( 2.59332, -1.1271) 
43   ( 2.612, -1.11089)  ( 2.60272, -1.11917) 
43   ( 2.62127, -1.10261)  ( 2.612, -1.11089) 
45   ( 2.63043, -1.09399)  ( 2.62127, -1.10261) 
42   ( 2.612, -1.11089)  ( 2.61942, -1.1192) 
45   ( 2.63958, -1.08536)  ( 2.63043, -1.09399) 
45   ( 2.64627, -1.07872)  ( 2.63958, -1.08536) 
45   ( 2.65295, -1.07208)  ( 2.64627, -1.07872) 
44   ( 2.6538, -1.05423)  ( 2.65295, -1.07208) 
45   ( 2.64627, -1.07872)  ( 2.65407, -1.08634) 
44   ( 2.65466, -1.03639)  ( 2.6538, -1.05423) 
45   ( 2.65594, -1.01339)  ( 2.65466, -1.03639) 
44   ( 2.6538, -1.05423)  ( 2.65764, -1.05442) 
44   ( 2.65722, -0.9904)  ( 2.65594, -1.01339) 
45   ( 2.65855, -0.969853)  ( 2.65722, -0.9904) 
47   ( 2.65988, -0.949306)  ( 2.65855, -0.969853) 
46   ( 2.66123, -0.93106)  ( 2.65988, -0.949306) 
46   ( 2.66259, -0.912813)  ( 2.66123, -0.93106) 
47   ( 2.66396, -0.896722)  ( 2.66259, -0.912813) 
46   ( 2.66123, -0.93106)  ( 2.66653, -0.931398) 
46   ( 2.66532, -0.88063)  ( 2.66396, -0.896722) 
46   ( 2.66668, -0.866548)  ( 2.66532, -0.88063) 
47   ( 2.66804, -0.852465)  ( 2.66668, -0.866548) 
47   ( 2.66938, -0.840246)  ( 2.66804, -0.852465) 
47   ( 2.66668, -0.866548)  ( 2.67221, -0.866153) 
47   ( 2.67072, -0.828027)  ( 2.66938, -0.840246) 
47   ( 2.67202, -0.817526)  ( 2.67072, -0.828027) 
47   ( 2.66938, -0.840246)  ( 2.67634, -0.842884) 
47   ( 2.67332, -0.807024)  ( 2.67202, -0.817526) 
47   ( 2.67456, -0.798095)  ( 2.67332, -0.807024) 
46   ( 2.67202, -0.817526)  ( 2.6834, -0.820645) 
46   ( 2.6758, -0.789165)  ( 2.67456, -0.798095) 
46   ( 2.67697, -0.781661)  ( 2.6758, -0.789165) 
47   ( 2.67814, -0.774157)  ( 2.67697, -0.781661) 
47   ( 2.67922, -0.767934)  ( 2.67814, -0.774157) 
45   ( 2.67697, -0.781661)  ( 2.684, -0.778833) 
46   ( 2.68031, -0.76171)  ( 2.67922, -0.767934) 
46   ( 2.68128, -0.756621)  ( 2.68031, -0.76171) 
45   ( 2.67922, -0.767934)  ( 2.68459, -0.7715) 
47   ( 2.68226, -0.751532)  ( 2.68128, -0.756621) 
47   ( 2.68311, -0.747431)  ( 2.68226, -0.751532) 
47   ( 2.68128, -0.756621)  ( 2.68908, -0.754517) 
47   ( 2.68396, -0.743331)  ( 2.68311, -0.747431) 
47   ( 2.68468, -0.740073)  ( 2.68396, -0.743331) 
47   ( 2.68311, -0.747431)  ( 2.68961, -0.749766) 
47   ( 2.68539, -0.736816)  ( 2.68468, -0.740073) 
47   ( 2.68595, -0.734255)  ( 2.68539, -0.736816) 
47   ( 2.68468, -0.740073)  ( 2.69152, -0.743015) 
47   ( 2.68651, -0.731694)  ( 2.68595, -0.734255) 
46   ( 2.6869, -0.729685)  ( 2.68651, -0.731694) 
47   ( 2.68595, -0.734255)  ( 2.69207, -0.740503) 
46   ( 2.68728, -0.727676)  ( 2.6869, -0.729685) 
47   ( 2.68746, -0.726081)  ( 2.68728, -0.727676) 
46   ( 2.6869, -0.729685)  ( 2.68965, -0.726864) 
47   ( 2.68765, -0.724485)  ( 2.68746, -0.726081) 
46   ( 2.6874, -0.723276)  ( 2.68765, -0.724485) 
47   ( 2.68746, -0.726081)  ( 2.69001, -0.724597) 
46   ( 2.68715, -0.722066)  ( 2.6874, -0.723276) 
45   ( 2.6861, -0.72129)  ( 2.68715, -0.722066) 
46   ( 2.6874, -0.723276)  ( 2.68996, -0.723102) 
45   ( 2.68506, -0.720514)  ( 2.6861, -0.72129) 
46   ( 2.68285, -0.72022)  ( 2.68506, -0.720514) 
45   ( 2.6861, -0.72129)  ( 2.68891, -0.721323) 
46   ( 2.68064, -0.719926)  ( 2.68285, -0.72022) 
47   ( 2.67691, -0.720163)  ( 2.68064, -0.719926) 
46   ( 2.68285, -0.72022)  ( 2.67946, -0.707501) 
45   ( 2.67318, -0.7204)  ( 2.67691, -0.720163) 
45   ( 2.66755, -0.721217)  ( 2.67318, -0.7204) 
47   ( 2.67691, -0.720163)  ( 2.67509, -0.707558) 
47   ( 2.66193, -0.722034)  ( 2.66755, -0.721217) 
46   ( 2.65404, -0.72348)  ( 2.66193, -0.722034) 
46   ( 2.64616, -0.724927)  ( 2.65404, -0.72348) 
46   ( 2.63574, -0.72683)  ( 2.64616, -0.724927) 
46   ( 2.65404, -0.72348)  ( 2.65449, -0.722777) 
46   ( 2.62531, -0.728733)  ( 2.63574, -0.72683) 
47   ( 2.61252, -0.729833)  ( 2.62531, -0.728733) 
47   ( 2.59972, -0.730932)  ( 2.61252, -0.729833) 
47   ( 2.58489, -0.729682)  ( 2.59972, -0.730932) 
47   ( 2.61252, -0.729833)  ( 2.61165, -0.719708) 
47   ( 2.57006, -0.728432)  ( 2.58489, -0.729682) 
47   ( 2.55871, -0.725531)  ( 2.57006, -0.728432) 
47   ( 2.58489, -0.729682)  ( 2.58521, -0.725823) 
47   ( 2.53982, -0.721577)  ( 2.54359, -0.722103) 
46   ( 2.5279, -0.718254)  ( 2.53982, -0.721577) 
46   ( 2.51598, -0.714931)  ( 2.5279, -0.718254) 
47   ( 2.50933, -0.713562)  ( 2.51598, -0.714931) 
44   ( 2.5279, -0.718254)  ( 2.529, -0.714272) 
47   ( 2.50269, -0.712193)  ( 2.50933, -0.713562) 
46   ( 2.4995, -0.713174)  ( 2.50269, -0.712193) 
47   ( 2.50933, -0.713562)  ( 2.51119, -0.708675) 
45   ( 2.4963, -0.714155)  ( 2.4995, -0.713174) 
46   ( 2.49409, -0.717649)  ( 2.4963, -0.714155) 
46   ( 2.4995, -0.713174)  ( 2.49573, -0.700903) 
47   ( 2.49189, -0.721143)  ( 2.49409, -0.717649) 
47   ( 2.48873, -0.727263)  ( 2.49189, -0.721143) 
47   ( 2.49409, -0.717649)  ( 2.49161, -0.704766) 
47   ( 2.48557, -0.733382)  ( 2.48873, -0.727263) 
46   ( 2.48244, -0.74194)  ( 2.48557, -0.733382) 
47   ( 2.48873, -0.727263)  ( 2.46898, -0.728913) 
46   ( 2.47931, -0.750499)  ( 2.48244, -0.74194) 
47   ( 2.47822, -0.761207)  ( 2.47931, -0.750499) 
44   ( 2.48244, -0.74194)  ( 2.46591, -0.7359) 
47   ( 2.47712, -0.771915)  ( 2.47822, -0.761207) 
46   ( 2.47989, -0.78446)  ( 2.47712, -0.771915) 
47   ( 2.47822, -0.761207)  ( 2.46548, -0.768299) 
46   ( 2.48266, -0.797005)  ( 2.47989, -0.78446) 
47   ( 2.48851, -0.810735)  ( 2.48266, -0.797005) 
46   ( 2.47989, -0.78446)  ( 2.46649, -0.782343) 
47   ( 2.49436, -0.824464)  ( 2.48851, -0.810735) 
47   ( 2.50049, -0.838458)  ( 2.49436, -0.824464) 
47   ( 2.48851, -0.810735)  ( 2.47601, -0.816066) 
47   ( 2.50661, -0.852451)  ( 2.50049, -0.838458) 
47   ( 2.51014, -0.865782)  ( 2.50661, -0.852451) 
47   ( 2.50049, -0.838458)  ( 2.48338, -0.849176) 
47   ( 2.51367, -0.879114)  ( 2.51014, -0.865782) 
47   ( 2.51297, -0.890954)  ( 2.51367, -0.879114) 
47   ( 2.51014, -0.865782)  ( 2.48659, -0.865139) 
47   ( 2.51226, -0.902794)  ( 2.51297, -0.890954) 
47   ( 2.50804, -0.912502)  ( 2.51226, -0.902794) 
47   ( 2.51297, -0.890954)  ( 2.49015, -0.889599) 
46   ( 2.50381, -0.92221)  ( 2.50804, -0.912502) 
46   ( 2.49704, -0.929167)  ( 2.50381, -0.92221) 
47   ( 2.50804, -0.912502)  ( 2.48844, -0.903955) 
47   ( 2.49027, -0.936125)  ( 2.49704, -0.929167) 
47   ( 2.48194, -0.939713)  ( 2.49027, -0.936125) 
47   ( 2.49704, -0.929167)  ( 2.48172, -0.914258) 
47   ( 2.47361, -0.943301)  ( 2.48194, -0.939713) 
46   ( 2.4647, -0.943011)  ( 2.47361, -0.943301) 
47   ( 2.48194, -0.939713)  ( 2.47328, -0.919614) 
46   ( 2.45579, -0.942722)  ( 2.4647, -0.943011) 
47   ( 2.44732, -0.938743)  ( 2.45579, -0.942722) 
46   ( 2.4647, -0.943011)  ( 2.46542, -0.920988) 
47   ( 2.43885, -0.934764)  ( 2.44732, -0.938743) 
47   ( 2.43184, -0.927551)  ( 2.43885, -0.934764) 
47   ( 2.44732, -0.938743)  ( 2.45655, -0.919085) 
47   ( 2.42482, -0.920339)  ( 2.43184, -0.927551) 
47   ( 2.42029, -0.910347)  ( 2.42482, -0.920339) 
47   ( 2.43184, -0.927551)  ( 2.44731, -0.912506) 
47   ( 2.41575, -0.900356)  ( 2.42029, -0.910347) 
47   ( 2.41465, -0.888062)  ( 2.41575, -0.900356) 
47   ( 2.42029, -0.910347)  ( 2.44052, -0.897808) 
47   ( 2.41354, -0.875768)  ( 2.41465, -0.888062) 
47   ( 2.41538, -0.862034)  ( 2.41354, -0.875768) 
47   ( 2.41465, -0.888062)  ( 2.43983, -0.889724) 
45   ( 2.41723, -0.8483)  ( 2.41538, -0.862034) 
45   ( 2.42028, -0.834331)  ( 2.41723, -0.8483) 
46   ( 2.41538, -0.862034)  ( 2.4365, -0.864875) 
47   ( 2.42333, -0.820363)  ( 2.42028, -0.834331) 
46   ( 2.4258, -0.807379)  ( 2.42333, -0.820363) 
47   ( 2.42028, -0.834331)  ( 2.43654, -0.832585) 
46   ( 2.42827, -0.794395)  ( 2.4258, -0.807379) 
47   ( 2.42862, -0.783486)  ( 2.42827, -0.794395) 
46   ( 2.4258, -0.807379)  ( 2.43866, -0.809892) 
47   ( 2.42896, -0.772577)  ( 2.42862, -0.783486) 
47   ( 2.42708, -0.764061)  ( 2.42896, -0.772577) 
47   ( 2.42862, -0.783486)  ( 2.43819, -0.782581) 
46   ( 2.4252, -0.755546)  ( 2.42708, -0.764061) 
46   ( 2.42154, -0.749456)  ( 2.4252, -0.755546) 
46   ( 2.42708, -0.764061)  ( 2.4381, -0.767424) 
47   ( 2.41789, -0.743366)  ( 2.42154, -0.749456) 
47   ( 2.41291, -0.739732)  ( 2.41789, -0.743366) 
47   ( 2.42154, -0.749456)  ( 2.43264, -0.742798) 
47   ( 2.40793, -0.736098)  ( 2.41291, -0.739732) 
47   ( 2.40206, -0.734989)  ( 2.40793, -0.736098) 
46   ( 2.41291, -0.739732)  ( 2.42704, -0.73577) 
47   ( 2.39619, -0.733881)  ( 2.40206, -0.734989) 
47   ( 2.38977, -0.735544)  ( 2.39619, -0.733881) 
47   ( 2.40206, -0.734989)  ( 2.40687, -0.709509) 
47   ( 2.38336, -0.737208)  ( 2.38977, -0.735544) 
47   ( 2.37672, -0.741938)  ( 2.38336, -0.737208) 
47   ( 2.38977, -0.735544)  ( 2.39027, -0.719118) 
47   ( 2.37008, -0.746669)  ( 2.37672, -0.741938) 
47   ( 2.36354, -0.754762)  ( 2.37008, -0.746669) 
46   ( 2.37672, -0.741938)  ( 2.36609, -0.73782) 
47   ( 2.35701, -0.762854)  ( 2.36354, -0.754762) 
47   ( 2.35069, -0.774061)  ( 2.35701, -0.762854) 
47   ( 2.36354, -0.754762)  ( 2.35745, -0.747434) 
47   ( 2.34438, -0.785268)  ( 2.35069, -0.774061) 
46   ( 2.3378, -0.797682)  ( 2.34438, -0.785268) 
47   ( 2.35069, -0.774061)  ( 2.33477, -0.772629) 
46   ( 2.33123, -0.810097)  ( 2.3378, -0.797682) 
47   ( 2.32377, -0.821498)  ( 2.33123, -0.810097) 
46   ( 2.3378, -0.797682)  ( 2.31982, -0.787715) 
45   ( 2.31632, -0.8329)  ( 2.32377, -0.821498) 
45   ( 2.30743, -0.841129)  ( 2.31632, -0.8329) 
47   ( 2.32377, -0.821498)  ( 2.30643, -0.810161) 
47   ( 2.29854, -0.849358)  ( 2.30743, -0.841129) 
47   ( 2.28853, -0.853517)  ( 2.29854, -0.849358) 
47   ( 2.30743, -0.841129)  ( 2.28856, -0.826341) 
47   ( 2.27853, -0.857676)  ( 2.28853, -0.853517) 
47   ( 2.26858, -0.858048)  ( 2.27853, -0.857676) 
47   ( 2.28853, -0.853517)  ( 2.28311, -0.831392) 
46   ( 2.25863, -0.85842)  ( 2.26858, -0.858048) 
46   ( 2.24992, -0.855335)  ( 2.25863, -0.85842) 
47   ( 2.26858, -0.858048)  ( 2.26781, -0.837514) 
46   ( 2.24122, -0.85225)  ( 2.24992, -0.855335) 
46   ( 2.23494, -0.846047)  ( 2.24122, -0.85225) 
47   ( 2.24992, -0.855335)  ( 2.25691, -0.835614) 
47   ( 2.22866, -0.839844)  ( 2.23494, -0.846047) 
47   ( 2.22561, -0.831236)  ( 2.22866, -0.839844) 
47   ( 2.23494, -0.846047)  ( 2.24988, -0.830926) 
47   ( 2.22255, -0.822627)  ( 2.22561, -0.831236) 
45   ( 2.223, -0.812796)  ( 2.22255, -0.822627) 
47   ( 2.22561, -0.831236)  ( 2.24539, -0.824208) 
45   ( 2.22346, -0.802965)  ( 2.223, -0.812796) 
47   ( 2.22768, -0.793126)  ( 2.22346, -0.802965) 
44   ( 2.223, -0.812796)  ( 2.2435, -0.813744) 
47   ( 2.23191, -0.783287)  ( 2.22768, -0.793126) 
47   ( 2.24016, -0.774646)  ( 2.23191, -0.783287) 
47   ( 2.22768, -0.793126)  ( 2.24821, -0.799956) 
47   ( 2.24841, -0.766005)  ( 2.24016, -0.774646) 
47   ( 2.26011, -0.759094)  ( 2.24841, -0.766005) 
47   ( 2.24016, -0.774646)  ( 2.25552, -0.791981) 
46   ( 2.2718, -0.752183)  ( 2.26011, -0.759094) 
46   ( 2.28488, -0.746323)  ( 2.2718, -0.752183) 
46   ( 2.26011, -0.759094)  ( 2.2716, -0.777131) 
47   ( 2.29796, -0.740464)  ( 2.28488, -0.746323) 
47   ( 2.31021, -0.734852)  ( 2.29796, -0.740464) 
47   ( 2.28488, -0.746323)  ( 2.29279, -0.764237) 
46   ( 2.32245, -0.72924)  ( 2.31021, -0.734852) 
46   ( 2.33181, -0.723158)  ( 2.32245, -0.72924) 
47   ( 2.31021, -0.734852)  ( 2.31399, -0.747146) 
47   ( 2.34118, -0.717076)  ( 2.33181, -0.723158) 
47   ( 2.34714, -0.710557)  ( 2.34118, -0.717076) 
47   ( 2.33181, -0.723158)  ( 2.33858, -0.730235) 
47   ( 2.35311, -0.704038)  ( 2.34714, -0.710557) 
47   ( 2.35593, -0.697496)  ( 2.35311, -0.704038) 
47   ( 2.34714, -0.710557)  ( 2.35076, -0.720951) 
47   ( 2.35875, -0.690955)  ( 2.35593, -0.697496) 
47   ( 2.35869, -0.684807)  ( 2.35875, -0.690955) 
47   ( 2.35593, -0.697496)  ( 2.36724, -0.702374) 
46   ( 2.35863, -0.67866)  ( 2.35869, -0.684807) 
46   ( 2.35589, -0.673335)  ( 2.35863, -0.67866) 
47   ( 2.35869, -0.684807)  ( 2.36956, -0.693694) 
46   ( 2.35315, -0.66801)  ( 2.35589, -0.673335) 
46   ( 2.34772, -0.663973)  ( 2.35315, -0.66801) 
46   ( 2.35589, -0.673335)  ( 2.3644, -0.660938) 
46   ( 2.3423, -0.659936)  ( 2.34772, -0.663973) 
46   ( 2.33414, -0.657661)  ( 2.3423, -0.659936) 
47   ( 2.34772, -0.663973)  ( 2.35525, -0.653858) 
47   ( 2.32598, -0.655387)  ( 2.33414, -0.657661) 
47   ( 2.31504, -0.655338)  ( 2.32598, -0.655387) 
45   ( 2.33414, -0.657661)  ( 2.332, -0.647218) 
46   ( 2.3041, -0.655289)  ( 2.31504, -0.655338) 
45   ( 2.2909, -0.657061)  ( 2.3041, -0.655289) 
47   ( 2.31504, -0.655338)  ( 2.31856, -0.645584) 
46   ( 2.27771, -0.658833)  ( 2.2909, -0.657061) 
47   ( 2.26375, -0.660596)  ( 2.27771, -0.658833) 
46   ( 2.2909, -0.657061)  ( 2.28932, -0.645591) 
47   ( 2.24979, -0.662359)  ( 2.26375, -0.660596) 
46   ( 2.23664, -0.66215)  ( 2.24979, -0.662359) 
46   ( 2.26375, -0.660596)  ( 2.26059, -0.64269) 
46   ( 2.22349, -0.661941)  ( 2.23664, -0.66215) 
46   ( 2.21258, -0.65819)  ( 2.22349, -0.661941) 
46   ( 2.23664, -0.66215)  ( 2.23999, -0.641494) 
46   ( 2.20168, -0.654438)  ( 2.21258, -0.65819) 
47   ( 2.19374, -0.647695)  ( 2.20168, -0.654438) 
46   ( 2.21258, -0.65819)  ( 2.21945, -0.637998) 
46   ( 2.1858, -0.640952)  ( 2.19374, -0.647695) 
45   ( 2.1813, -0.632484)  ( 2.1858, -0.640952) 
47   ( 2.19374, -0.647695)  ( 2.20656, -0.632717) 
46   ( 2.17681, -0.624016)  ( 2.1813, -0.632484) 
47   ( 2.17623, -0.615091)  ( 2.17681, -0.624016) 
46   ( 2.1813, -0.632484)  ( 2.19864, -0.623279) 
47   ( 2.17566, -0.606166)  ( 2.17623, -0.615091) 
47   ( 2.17927, -0.598013)  ( 2.17566, -0.606166) 
47   ( 2.17623, -0.615091)  ( 2.19631, -0.613795) 
46   ( 2.18288, -0.58986)  ( 2.17927, -0.598013) 
46   ( 2.19004, -0.583538)  ( 2.18288, -0.58986) 
47   ( 2.17927, -0.598013)  ( 2.19768, -0.606173) 
47   ( 2.19719, -0.577215)  ( 2.19004, -0.583538) 
47   ( 2.20699, -0.573733)  ( 2.19719, -0.577215) 
47   ( 2.19004, -0.583538)  ( 2.20304, -0.598246) 
47   ( 2.21678, -0.570252)  ( 2.20699, -0.573733) 
45   ( 2.2283, -0.57062)  ( 2.21678, -0.570252) 
47   ( 2.20699, -0.573733)  ( 2.21357, -0.592177) 
45   ( 2.23982, -0.570989)  ( 2.2283, -0.57062) 
47   ( 2.25219, -0.575617)  ( 2.23982, -0.570989) 
44   ( 2.2283, -0.57062)  ( 2.2276, -0.591678) 
47   ( 2.26457, -0.580244)  ( 2.25219, -0.575617) 
47   ( 2.27706, -0.587211)  ( 2.26457, -0.580244) 
47   ( 2.25219, -0.575617)  ( 2.24863, -0.596409) 
47   ( 2.28955, -0.594178)  ( 2.27706, -0.587211) 
47   ( 2.30144, -0.601005)  ( 2.28955, -0.594178) 
47   ( 2.27706, -0.587211)  ( 2.26702, -0.602285) 
47   ( 2.31332, -0.607832)  ( 2.30144, -0.601005) 
46   ( 2.32392, -0.61217)  ( 2.31332, -0.607832) 
47   ( 2.30144, -0.601005)  ( 2.29574, -0.610886) 
46   ( 2.33451, -0.616508)  ( 2.32392, -0.61217) 
47   ( 2.34341, -0.617677)  ( 2.33451, -0.616508) 
46   ( 2.32392, -0.61217)  ( 2.32283, -0.622215) 
46   ( 2.3523, -0.618847)  ( 2.34341, -0.617677) 
46   ( 2.35929, -0.617324)  ( 2.3523, -0.618847) 
47   ( 2.34341, -0.617677)  ( 2.33734, -0.626315) 
47   ( 2.36628, -0.615802)  ( 2.35929, -0.617324) 
47   ( 2.37116, -0.612087)  ( 2.36628, -0.615802) 
47   ( 2.35929, -0.617324)  ( 2.36702, -0.629695) 
47   ( 2.37604, -0.608372)  ( 2.37116, -0.612087) 
47   ( 2.37855, -0.602915)  ( 2.37604, -0.608372) 
47   ( 2.37116, -0.612087)  ( 2.38522, -0.630555) 
47   ( 2.38106, -0.597458)  ( 2.37855, -0.602915) 
47   ( 2.38079, -0.590547)  ( 2.38106, -0.597458) 
47   ( 2.37855, -0.602915)  ( 2.39291, -0.603452) 
47   ( 2.38052, -0.583637)  ( 2.38079, -0.590547) 
44   ( 2.377, -0.57553)  ( 2.38052, -0.583637) 
47   ( 2.38079, -0.590547)  ( 2.39288, -0.590069) 
44   ( 2.37348, -0.567423)  ( 2.377, -0.57553) 
47   ( 2.36635, -0.558372)  ( 2.37348, -0.567423) 
43   ( 2.377, -0.57553)  ( 2.38483, -0.57041) 
47   ( 2.35921, -0.549321)  ( 2.36635, -0.558372) 
47   ( 2.34967, -0.539517)  ( 2.35921, -0.549321) 
47   ( 2.36635, -0.558372)  ( 2.37629, -0.556214) 
47   ( 2.34014, -0.529713)  ( 2.34967, -0.539517) 
46   ( 2.3309, -0.519289)  ( 2.34014, -0.529713) 
47   ( 2.34967, -0.539517)  ( 2.35856, -0.530875) 
46   ( 2.32166, -0.508865)  ( 2.3309, -0.519289) 
47   ( 2.31547, -0.497955)  ( 2.32166, -0.508865) 
46   ( 2.3309, -0.519289)  ( 2.34326, -0.507194) 
47   ( 2.30927, -0.487045)  ( 2.31547, -0.497955) 
47   ( 2.30769, -0.476149)  ( 2.30927, -0.487045) 
47   ( 2.31547, -0.497955)  ( 2.33346, -0.484958) 
46   ( 2.3061, -0.465253)  ( 2.30769, -0.476149) 
45   ( 2.30854, -0.45554)  ( 2.3061, -0.465253) 
46   ( 2.30769, -0.476149)  ( 2.3277, -0.474933) 
46   ( 2.31098, -0.445828)  ( 2.30854, -0.45554) 
46   ( 2.31663, -0.43854)  ( 2.31098, -0.445828) 
45   ( 2.30854, -0.45554)  ( 2.32646, -0.46004) 
46   ( 2.32227, -0.431252)  ( 2.31663, -0.43854) 
47   ( 2.33029, -0.427599)  ( 2.32227, -0.431252) 
45   ( 2.31663, -0.43854)  ( 2.33152, -0.45008) 
47   ( 2.33831, -0.423945)  ( 2.33029, -0.427599) 
47   ( 2.34755, -0.424455)  ( 2.33831, -0.423945) 
46   ( 2.33029, -0.427599)  ( 2.33823, -0.44503) 
47   ( 2.35679, -0.424965)  ( 2.34755, -0.424455) 
47   ( 2.36577, -0.429513)  ( 2.35679, -0.424965) 
46   ( 2.34755, -0.424455)  ( 2.34651, -0.44323) 
47   ( 2.37476, -0.434061)  ( 2.36577, -0.429513) 
47   ( 2.38201, -0.442496)  ( 2.37476, -0.434061) 
47   ( 2.36577, -0.429513)  ( 2.35745, -0.445945) 
46   ( 2.38926, -0.45093)  ( 2.38201, -0.442496) 
46   ( 2.39352, -0.462957)  ( 2.38926, -0.45093) 
46   ( 2.38201, -0.442496)  ( 2.36784, -0.45639) 
47   ( 2.39777, -0.474984)  ( 2.39352, -0.462957) 
47   ( 2.39974, -0.489041)  ( 2.39777, -0.474984) 
47   ( 2.39352, -0.462957)  ( 2.37196, -0.468267) 
46   ( 2.4017, -0.503099)  ( 2.39974, -0.489041) 
45   ( 2.4031, -0.516958)  ( 2.4017, -0.503099) 
47   ( 2.39974, -0.489041)  ( 2.38222, -0.489592) 
46   ( 2.40451, -0.530818)  ( 2.4031, -0.516958) 
47   ( 2.40704, -0.542302)  ( 2.40451, -0.530818) 
46   ( 2.4031, -0.516958)  ( 2.39171, -0.518112) 
47   ( 2.40957, -0.553786)  ( 2.40704, -0.542302) 
47   ( 2.41376, -0.561892)  ( 2.40957, -0.553786) 
47   ( 2.40704, -0.542302)  ( 2.39869, -0.547252) 
47   ( 2.41796, -0.569998)  ( 2.41376, -0.561892) 
47   ( 2.42328, -0.574823)  ( 2.41796, -0.569998) 
47   ( 2.41376, -0.561892)  ( 2.40427, -0.563527) 
47   ( 2.42861, -0.579649)  ( 2.42328, -0.574823) 
47   ( 2.43449, -0.581335)  ( 2.42861, -0.579649) 
47   ( 2.42328, -0.574823)  ( 2.41811, -0.587679) 
47   ( 2.44037, -0.583021)  ( 2.43449, -0.581335) 
47   ( 2.44624, -0.581619)  ( 2.44037, -0.583021) 
47   ( 2.43449, -0.581335)  ( 2.42839, -0.602602) 
46   ( 2.4521, -0.580217)  ( 2.44624, -0.581619) 
46   ( 2.45743, -0.575529)  ( 2.4521, -0.580217) 
47   ( 2.44624, -0.581619)  ( 2.45314, -0.593519) 
47   ( 2.46276, -0.570841)  ( 2.45743, -0.575529) 
47   ( 2.46703, -0.562626)  ( 2.46276, -0.570841) 
46   ( 2.45743, -0.575529)  ( 2.46527, -0.58444) 
45   ( 2.4713, -0.55441)  ( 2.46703, -0.562626) 
45   ( 2.47414, -0.542616)  ( 2.4713, -0.55441) 
47   ( 2.46703, -0.562626)  ( 2.47375, -0.566111) 
47   ( 2.47697, -0.530822)  ( 2.47414, -0.542616) 
47   ( 2.47934, -0.517095)  ( 2.47697, -0.530822) 
47   ( 2.47414, -0.542616)  ( 2.48599, -0.545463) 
47   ( 2.48171, -0.503368)  ( 2.47934, -0.517095) 
47   ( 2.48528, -0.490239)  ( 2.48171, -0.503368) 
47   ( 2.47934, -0.517095)  ( 2.49179, -0.521125) 
47   ( 2.48885, -0.477111)  ( 2.48528, -0.490239) 
47   ( 2.49514, -0.467015)  ( 2.48885, -0.477111) 
47   ( 2.48528, -0.490239)  ( 2.50192, -0.494761) 
46   ( 2.50144, -0.45692)  ( 2.49514, -0.467015) 
46   ( 2.51013, -0.450933)  ( 2.50144, -0.45692) 
45   ( 2.49514, -0.467015)  ( 2.5126, -0.47627) 
47   ( 2.51882, -0.444947)  ( 2.51013, -0.450933) 
47   ( 2.52829, -0.443206)  ( 2.51882, -0.444947) 
47   ( 2.51013, -0.450933)  ( 2.51934, -0.466585) 
47   ( 2.53777, -0.441464)  ( 2.52829, -0.443206) 
46   ( 2.5464, -0.444086)  ( 2.53777, -0.441464) 
47   ( 2.52829, -0.443206)  ( 2.53145, -0.460359) 
46   ( 2.55503, -0.446707)  ( 2.5464, -0.444086) 
47   ( 2.56129, -0.453495)  ( 2.55503, -0.446707) 
46   ( 2.5464, -0.444086)  ( 2.54121, -0.461159) 
47   ( 2.56755, -0.460283)  ( 2.56129, -0.453495) 
47   ( 2.57031, -0.469999)  ( 2.56755, -0.460283) 
46   ( 2.56129, -0.453495)  ( 2.54828, -0.46549) 
47   ( 2.57308, -0.479716)  ( 2.57031, -0.469999) 
47   ( 2.57131, -0.490909)  ( 2.57308, -0.479716) 
47   ( 2.57031, -0.469999)  ( 2.55381, -0.474702) 
47   ( 2.56954, -0.502101)  ( 2.57131, -0.490909) 
47   ( 2.56231, -0.513346)  ( 2.56954, -0.502101) 
47   ( 2.57131, -0.490909)  ( 2.55225, -0.490795) 
47   ( 2.55508, -0.524591)  ( 2.56231, -0.513346) 
47   ( 2.54413, -0.535104)  ( 2.55508, -0.524591) 
47   ( 2.56231, -0.513346)  ( 2.54669, -0.499593) 
47   ( 2.53318, -0.545617)  ( 2.54413, -0.535104) 
47   ( 2.52292, -0.555253)  ( 2.53318, -0.545617) 
47   ( 2.54413, -0.535104)  ( 2.53421, -0.522997) 
47   ( 2.51266, -0.564888)  ( 2.52292, -0.555253) 
47   ( 2.50708, -0.573492)  ( 2.51266, -0.564888) 
47   ( 2.52292, -0.555253)  ( 2.51625, -0.548155) 
46   ( 2.5015, -0.582095)  ( 2.50708, -0.573492) 
46   ( 2.50027, -0.589211)  ( 2.5015, -0.582095) 
47   ( 2.50708, -0.573492)  ( 2.49781, -0.571418) 
47   ( 2.49904, -0.596327)  ( 2.50027, -0.589211) 
47   ( 2.49973, -0.601354)  ( 2.49904, -0.596327) 
47   ( 2.50027, -0.589211)  ( 2.49378, -0.579351) 
47   ( 2.50042, -0.606381)  ( 2.49973, -0.601354) 
47   ( 2.50108, -0.608887)  ( 2.50042, -0.606381) 
46   ( 2.49973, -0.601354)  ( 2.48478, -0.60205) 
47   ( 2.50174, -0.611394)  ( 2.50108, -0.608887) 
47   ( 2.50289, -0.611755)  ( 2.50174, -0.611394) 
47   ( 2.50108, -0.608887)  ( 2.48541, -0.604643) 
47   ( 2.50403, -0.612116)  ( 2.50289, -0.611755) 
46   ( 2.50688, -0.61094)  ( 2.50403, -0.612116) 
46   ( 2.50289, -0.611755)  ( 2.49966, -0.62134) 
46   ( 2.50972, -0.609765)  ( 2.50688, -0.61094) 
47   ( 2.51549, -0.607662)  ( 2.50972, -0.609765) 
46   ( 2.50688, -0.61094)  ( 2.51578, -0.615338) 
46   ( 2.52125, -0.60556)  ( 2.51549, -0.607662) 
45   ( 2.5307, -0.603147)  ( 2.52125, -0.60556) 
47   ( 2.51549, -0.607662)  ( 2.51862, -0.614163) 
46   ( 2.54014, -0.600735)  ( 2.5307, -0.603147) 
47   ( 2.55291, -0.598642)  ( 2.54014, -0.600735) 
46   ( 2.5307, -0.603147)  ( 2.53203, -0.608373) 
47   ( 2.56568, -0.596549)  ( 2.55291, -0.598642) 
47   ( 2.58125, -0.595408)  ( 2.56568, -0.596549) 
47   ( 2.59682, -0.594267)  ( 2.58125, -0.595408) 
47   ( 2.61441, -0.594417)  ( 2.59682, -0.594267) 
47   ( 2.58125, -0.595408)  ( 2.58937, -0.595657) 
45   ( 2.632, -0.594568)  ( 2.61441, -0.594417) 
44   ( 2.65028, -0.59568)  ( 2.632, -0.594568) 
47   ( 2.61441, -0.594417)  ( 2.60623, -0.596037) 
46   ( 2.66855, -0.596792)  ( 2.65028, -0.59568) 
46   ( 2.68608, -0.59844)  ( 2.66855, -0.596792) 
46   ( 2.65028, -0.59568)  ( 2.65844, -0.604776) 
46   ( 2.70361, -0.600089)  ( 2.68608, -0.59844) 
46   ( 2.71897, -0.60185)  ( 2.70361, -0.600089) 
46   ( 2.68608, -0.59844)  ( 2.67676, -0.605777) 
46   ( 2.73433, -0.603612)  ( 2.71897, -0.60185) 
47   ( 2.74637, -0.605145)  ( 2.73433, -0.603612) 
47   ( 2.75841, -0.606677)  ( 2.74637, -0.605145) 
47   ( 2.76726, -0.608034)  ( 2.75841, -0.606677) 
47   ( 2.74637, -0.605145)  ( 2.75009, -0.617872) 
47   ( 2.77611, -0.609391)  ( 2.76726, -0.608034) 
46   ( 2.7823, -0.610742)  ( 2.77611, -0.609391) 
47   ( 2.76726, -0.608034)  ( 2.76568, -0.618367) 
46   ( 2.78849, -0.612094)  ( 2.7823, -0.610742) 
47   ( 2.79254, -0.613611)  ( 2.78849, -0.612094) 
46   ( 2.7823, -0.610742)  ( 2.77717, -0.622113) 
47   ( 2.79659, -0.615127)  ( 2.79254, -0.613611) 
46   ( 2.79901, -0.61698)  ( 2.79659, -0.615127) 
46   ( 2.79254, -0.613611)  ( 2.78122, -0.62363) 
46   ( 2.80143, -0.618833)  ( 2.79901, -0.61698) 
47   ( 2.80276, -0.621192)  ( 2.80143, -0.618833) 
45   ( 2.79901, -0.61698)  ( 2.80033, -0.61934) 
47   ( 2.80408, -0.623551)  ( 2.80276, -0.621192) 
47   ( 2.80482, -0.626587)  ( 2.80408, -0.623551) 
46   ( 2.80033, -0.61934)  ( 2.80108, -0.622375) 
46   ( 2.80276, -0.621192)  ( 2.80033, -0.61934) 
47   ( 2.80556, -0.629623)  ( 2.80482, -0.626587) 
47   ( 2.80621, -0.633498)  ( 2.80556, -0.629623) 
47   ( 2.80108, -0.622375)  ( 2.78571, -0.630896) 
47   ( 2.80482, -0.626587)  ( 2.80108, -0.622375) 
47   ( 2.80685, -0.637373)  ( 2.80621, -0.633498) 
47   ( 2.80753, -0.642176)  ( 2.80685, -0.637373) 
47   ( 2.80621, -0.633498)  ( 2.78635, -0.634788) 
47   ( 2.80821, -0.646979)  ( 2.80753, -0.642176) 
47   ( 2.80891, -0.652766)  ( 2.80821, -0.646979) 
47   ( 2.80753, -0.642176)  ( 2.78704, -0.639627) 
47   ( 2.80962, -0.658552)  ( 2.80891, -0.652766) 
47   ( 2.81032, -0.665377)  ( 2.80962, -0.658552) 
47   ( 2.80891, -0.652766)  ( 2.78772, -0.645218) 
47   ( 2.81103, -0.672201)  ( 2.81032, -0.665377) 
47   ( 2.81171, -0.680118)  ( 2.81103, -0.672201) 
47   ( 2.81032, -0.665377)  ( 2.80334, -0.674295) 
46   ( 2.8124, -0.688036)  ( 2.81171, -0.680118) 
46   ( 2.81305, -0.697101)  ( 2.8124, -0.688036) 
47   ( 2.81171, -0.680118)  ( 2.80407, -0.681437) 
46   ( 2.8137, -0.706166)  ( 2.81305, -0.697101) 
46   ( 2.81429, -0.716433)  ( 2.8137, -0.706166) 
46   ( 2.81305, -0.697101)  ( 2.8055, -0.696823) 
47   ( 2.81488, -0.726701)  ( 2.81429, -0.716433) 
47   ( 2.81539, -0.738226)  ( 2.81488, -0.726701) 
46   ( 2.81429, -0.716433)  ( 2.79346, -0.71452) 
46   ( 2.8159, -0.749751)  ( 2.81539, -0.738226) 
46   ( 2.81631, -0.762588)  ( 2.8159, -0.749751) 
47   ( 2.81539, -0.738226)  ( 2.81281, -0.741354) 
47   ( 2.81673, -0.775425)  ( 2.81631, -0.762588) 
47   ( 2.81702, -0.789629)  ( 2.81673, -0.775425) 
47   ( 2.81631, -0.762588)  ( 2.81092, -0.757761) 
47   ( 2.81731, -0.803833)  ( 2.81702, -0.789629) 
47   ( 2.81509, -0.814231)  ( 2.81731, -0.803833) 
47   ( 2.81702, -0.789629)  ( 2.81176, -0.789738) 
47   ( 2.81763, -0.835085)  ( 2.81524, -0.829857) 
47   ( 2.81982, -0.844316)  ( 2.81763, -0.835085) 
47   ( 2.82202, -0.853547)  ( 2.81982, -0.844316) 
47   ( 2.82931, -0.841251)  ( 2.82202, -0.853547) 
47   ( 2.81011, -0.855844)  ( 2.82762, -0.858074) 
46   ( 2.81982, -0.844316)  ( 2.8084, -0.847051) 
46   ( 2.8366, -0.828955)  ( 2.82931, -0.841251) 
45   ( 2.8437, -0.816388)  ( 2.8366, -0.828955) 
47   ( 2.82931, -0.841251)  ( 2.83135, -0.842458) 
46   ( 2.85079, -0.803821)  ( 2.8437, -0.816388) 
47   ( 2.85769, -0.790987)  ( 2.85079, -0.803821) 
47   ( 2.86459, -0.778152)  ( 2.85769, -0.790987) 
47   ( 2.87128, -0.765053)  ( 2.86459, -0.778152) 
47   ( 2.85769, -0.790987)  ( 2.86204, -0.793285) 
47   ( 2.87797, -0.751954)  ( 2.87128, -0.765053) 
47   ( 2.88445, -0.738593)  ( 2.87797, -0.751954) 
47   ( 2.89094, -0.725232)  ( 2.88445, -0.738593) 
47   ( 2.89725, -0.711535)  ( 2.89094, -0.725232) 
46   ( 2.88445, -0.738593)  ( 2.88528, -0.73899) 
47   ( 2.90356, -0.697839)  ( 2.89725, -0.711535) 
47   ( 2.90984, -0.683575)  ( 2.90356, -0.697839) 
47   ( 2.89725, -0.711535)  ( 2.90239, -0.713906) 
47   ( 2.91612, -0.669311)  ( 2.90984, -0.683575) 
47   ( 2.92238, -0.654515)  ( 2.91612, -0.669311) 
47   ( 2.92865, -0.639718)  ( 2.92238, -0.654515) 
46   ( 2.9349, -0.624448)  ( 2.92865, -0.639718) 
46   ( 2.92238, -0.654515)  ( 2.92294, -0.65475) 
46   ( 2.94115, -0.609178)  ( 2.9349, -0.624448) 
47   ( 2.94369, -0.602819)  ( 2.94115, -0.609178) 
46   ( 2.9349, -0.624448)  ( 2.94305, -0.627785) 
46   ( 2.94622, -0.59646)  ( 2.94369, -0.602819) 
46   ( 2.94377, -0.594457)  ( 2.94622, -0.59646) 
47   ( 2.94369, -0.602819)  ( 2.94745, -0.603947) 
47   ( 2.94131, -0.592454)  ( 2.94377, -0.594457) 
46   ( 2.93887, -0.58741)  ( 2.94131, -0.592454) 
47   ( 2.94377, -0.594457)  ( 2.94132, -0.589413) 
45   ( 2.9081, -0.565173)  ( 2.92226, -0.57377) 
45   ( 2.89569, -0.55433)  ( 2.9081, -0.565173) 
47   ( 2.87757, -0.539894)  ( 2.88043, -0.541691) 
47   ( 2.86359, -0.528218)  ( 2.87757, -0.539894) 
46   ( 2.8496, -0.516542)  ( 2.86359, -0.528218) 
46   ( 2.83684, -0.505792)  ( 2.8496, -0.516542) 
47   ( 2.82408, -0.495041)  ( 2.83684, -0.505792) 
46   ( 2.81249, -0.48518)  ( 2.82408, -0.495041) 
47   ( 2.83684, -0.505792)  ( 2.84303, -0.498443) 
45   ( 2.8009, -0.475318)  ( 2.81249, -0.48518) 
46   ( 2.79042, -0.466307)  ( 2.8009, -0.475318) 
47   ( 2.77994, -0.457296)  ( 2.79042, -0.466307) 
47   ( 2.77051, -0.449099)  ( 2.77994, -0.457296) 
47   ( 2.79042, -0.466307)  ( 2.79541, -0.452653) 
47   ( 2.76109, -0.440901)  ( 2.77051, -0.449099) 
46   ( 2.75266, -0.43348)  ( 2.76109, -0.440901) 
47   ( 2.77051, -0.449099)  ( 2.78406, -0.442305) 
46   ( 2.74423, -0.426058)  ( 2.75266, -0.43348) 
47   ( 2.73674, -0.419375)  ( 2.74423, -0.426058) 
46   ( 2.75266, -0.43348)  ( 2.75541, -0.430358) 
47   ( 2.72925, -0.412692)  ( 2.73674, -0.419375) 
47   ( 2.72264, -0.406709)  ( 2.72925, -0.412692) 
47   ( 2.73674, -0.419375)  ( 2.74586, -0.403962) 
47   ( 2.71603, -0.400727)  ( 2.72264, -0.406709) 
47   ( 2.71025, -0.395408)  ( 2.71603, -0.400727) 
47   ( 2.70447, -0.390089)  ( 2.71025, -0.395408) 
47   ( 2.69946, -0.385395)  ( 2.70447, -0.390089) 
47   ( 2.71025, -0.395408)  ( 2.71453, -0.379649) 
47   ( 2.69444, -0.380702)  ( 2.69946, -0.385395) 
47   ( 2.69014, -0.376597)  ( 2.69444, -0.380702) 
47   ( 2.69946, -0.385395)  ( 2.71049, -0.376271) 
47   ( 2.68584, -0.372492)  ( 2.69014, -0.376597) 
47   ( 2.68219, -0.368938)  ( 2.68584, -0.372492) 
47   ( 2.67855, -0.365384)  ( 2.68219, -0.368938) 
46   ( 2.6755, -0.362343)  ( 2.67855, -0.365384) 
47   ( 2.68219, -0.368938)  ( 2.69818, -0.364022) 
46   ( 2.67245, -0.359302)  ( 2.6755, -0.362343) 
47   ( 2.66994, -0.356737)  ( 2.67245, -0.359302) 
46   ( 2.6755, -0.362343)  ( 2.68133, -0.349182) 
47   ( 2.66743, -0.354172)  ( 2.66994, -0.356737) 
47   ( 2.66541, -0.352031)  ( 2.66743, -0.354172) 
46   ( 2.66994, -0.356737)  ( 2.6784, -0.346274) 
46   ( 2.66338, -0.34989)  ( 2.66541, -0.352031) 
46   ( 2.66176, -0.347901)  ( 2.66338, -0.34989) 
46   ( 2.66541, -0.352031)  ( 2.6755, -0.343456) 
47   ( 2.66014, -0.345912)  ( 2.66176, -0.347901) 
47   ( 2.65883, -0.343633)  ( 2.66014, -0.345912) 
45   ( 2.66176, -0.347901)  ( 2.67247, -0.3398) 
47   ( 2.65752, -0.341355)  ( 2.65883, -0.343633) 
47   ( 2.65643, -0.338341)  ( 2.65752, -0.341355) 
47   ( 2.65883, -0.343633)  ( 2.67114, -0.337493) 
47   ( 2.65535, -0.335327)  ( 2.65643, -0.338341) 
47   ( 2.65439, -0.331132)  ( 2.65535, -0.335327) 
47   ( 2.65643, -0.338341)  ( 2.67005, -0.334479) 
47   ( 2.65343, -0.326936)  ( 2.65439, -0.331132) 
47   ( 2.65252, -0.321113)  ( 2.65343, -0.326936) 
46   ( 2.65439, -0.331132)  ( 2.6691, -0.330284) 
46   ( 2.6516, -0.315291)  ( 2.65252, -0.321113) 
46   ( 2.65062, -0.307394)  ( 2.6516, -0.315291) 
47   ( 2.65252, -0.321113)  ( 2.66818, -0.324461) 
47   ( 2.64965, -0.299498)  ( 2.65062, -0.307394) 
47   ( 2.64853, -0.289082)  ( 2.64965, -0.299498) 
47   ( 2.64741, -0.278666)  ( 2.64853, -0.289082) 
47   ( 2.64609, -0.265418)  ( 2.64741, -0.278666) 
47   ( 2.64853, -0.289082)  ( 2.65162, -0.290848) 
46   ( 2.64477, -0.25217)  ( 2.64609, -0.265418) 
46   ( 2.64346, -0.236742)  ( 2.64477, -0.25217) 
47   ( 2.64215, -0.221314)  ( 2.64346, -0.236742) 
47   ( 2.64119, -0.204783)  ( 2.64215, -0.221314) 
47   ( 2.64346, -0.236742)  ( 2.64967, -0.236209) 
47   ( 2.64024, -0.188251)  ( 2.64119, -0.204783) 
47   ( 2.63996, -0.171695)  ( 2.64024, -0.188251) 
46   ( 2.64119, -0.204783)  ( 2.65415, -0.20155) 
47   ( 2.63969, -0.155139)  ( 2.63996, -0.171695) 
46   ( 2.6404, -0.139629)  ( 2.63969, -0.155139) 
46   ( 2.64111, -0.124119)  ( 2.6404, -0.139629) 
47   ( 2.64273, -0.110636)  ( 2.64111, -0.124119) 
46   ( 2.6404, -0.139629)  ( 2.64811, -0.137205) 
47   ( 2.64435, -0.097153)  ( 2.64273, -0.110636) 
48   ( 2.64651, -0.0866122)  ( 2.64435, -0.097153) 
47   ( 2.64273, -0.110636)  ( 2.64844, -0.113552) 
49   ( 2.64868, -0.0760714)  ( 2.64651, -0.0866122) 
47   ( 2.651, -0.0692988)  ( 2.64868, -0.0760714) 
49   ( 2.64651, -0.0866122)  ( 2.65338, -0.0880353) 
47   ( 2.65333, -0.0625262)  ( 2.651, -0.0692988) 
49   ( 2.65525, -0.0592071)  ( 2.65333, -0.0625262) 
47   ( 2.651, -0.0692988)  ( 2.65972, -0.0760641) 
48   ( 2.65717, -0.055888)  ( 2.65525, -0.0592071) 
46   ( 2.658, -0.0549121)  ( 2.65717, -0.055888) 
48   ( 2.65525, -0.0592071)  ( 2.6649, -0.0594243) 
47   ( 2.65883, -0.0539363)  ( 2.658, -0.0549121) 
48   ( 2.65787, -0.054177)  ( 2.65883, -0.0539363) 
47   ( 2.658, -0.0549121)  ( 2.66678, -0.0559753) 
48   ( 2.65692, -0.0544177)  ( 2.65787, -0.054177) 
48   ( 2.6536, -0.0549783)  ( 2.65692, -0.0544177) 
48   ( 2.65787, -0.054177)  ( 2.65801, -0.0435768) 
48   ( 2.65028, -0.0555388)  ( 2.6536, -0.0549783) 
49   ( 2.64501, -0.0573868)  ( 2.65028, -0.0555388) 
48   ( 2.6536, -0.0549783)  ( 2.65469, -0.0441374) 
49   ( 2.63973, -0.0592348)  ( 2.64501, -0.0573868) 
49   ( 2.63336, -0.0642427)  ( 2.63973, -0.0592348) 
49   ( 2.64501, -0.0573868)  ( 2.64207, -0.0429754) 
47   ( 2.627, -0.0692506)  ( 2.63336, -0.0642427) 
47   ( 2.62033, -0.0789613)  ( 2.627, -0.0692506) 
49   ( 2.63336, -0.0642427)  ( 2.62776, -0.0571304) 
48   ( 2.61367, -0.088672)  ( 2.62033, -0.0789613) 
46   ( 2.6066, -0.101328)  ( 2.61367, -0.088672) 
49   ( 2.62033, -0.0789613)  ( 2.60919, -0.0713237) 
46   ( 2.59953, -0.113984)  ( 2.6066, -0.101328) 
47   ( 2.59144, -0.125952)  ( 2.59953, -0.113984) 
47   ( 2.6066, -0.101328)  ( 2.59545, -0.0936877) 
46   ( 2.58335, -0.13792)  ( 2.59144, -0.125952) 
46   ( 2.57377, -0.145845)  ( 2.58335, -0.13792) 
47   ( 2.59144, -0.125952)  ( 2.57685, -0.116096) 
46   ( 2.56419, -0.15377)  ( 2.57377, -0.145845) 
44   ( 2.55386, -0.1569)  ( 2.56419, -0.15377) 
46   ( 2.57377, -0.145845)  ( 2.5587, -0.131226) 
45   ( 2.54354, -0.160031)  ( 2.55386, -0.1569) 
47   ( 2.53385, -0.158958)  ( 2.54354, -0.160031) 
45   ( 2.55386, -0.1569)  ( 2.55028, -0.137684) 
47   ( 2.52417, -0.157885)  ( 2.53385, -0.158958) 
45   ( 2.5165, -0.15321)  ( 2.52417, -0.157885) 
46   ( 2.53385, -0.158958)  ( 2.53587, -0.14071) 
45   ( 2.50883, -0.148536)  ( 2.5165, -0.15321) 
47   ( 2.50441, -0.140967)  ( 2.50883, -0.148536) 
44   ( 2.5165, -0.15321)  ( 2.52631, -0.13712) 
47   ( 2.49998, -0.133397)  ( 2.50441, -0.140967) 
47   ( 2.49923, -0.124135)  ( 2.49998, -0.133397) 
47   ( 2.50441, -0.140967)  ( 2.52079, -0.131391) 
47   ( 2.49847, -0.114873)  ( 2.49923, -0.124135) 
47   ( 2.50158, -0.105269)  ( 2.49847, -0.114873) 
47   ( 2.49923, -0.124135)  ( 2.51775, -0.122626) 
48   ( 2.50469, -0.0956636)  ( 2.50158, -0.105269) 
49   ( 2.51186, -0.0870655)  ( 2.50469, -0.0956636) 
47   ( 2.50158, -0.105269)  ( 2.51928, -0.110966) 
49   ( 2.51903, -0.0784674)  ( 2.51186, -0.0870655) 
49   ( 2.52994, -0.0717752)  ( 2.51903, -0.0784674) 
47   ( 2.51186, -0.0870655)  ( 2.52727, -0.09995) 
48   ( 2.54086, -0.065083)  ( 2.52994, -0.0717752) 
46   ( 2.5535, -0.059684)  ( 2.54086, -0.065083) 
49   ( 2.52994, -0.0717752)  ( 2.54272, -0.0870824) 
47   ( 2.56615, -0.0542849)  ( 2.5535, -0.059684) 
49   ( 2.57815, -0.0492497)  ( 2.56615, -0.0542849) 
47   ( 2.5535, -0.059684)  ( 2.55942, -0.0758677) 
49   ( 2.59015, -0.0442145)  ( 2.57815, -0.0492497) 
48   ( 2.5993, -0.0386977)  ( 2.59015, -0.0442145) 
49   ( 2.57815, -0.0492497)  ( 2.58224, -0.0592491) 
47   ( 2.60846, -0.033181)  ( 2.5993, -0.0386977) 
48   ( 2.61414, -0.0271466)  ( 2.60846, -0.033181) 
48   ( 2.5993, -0.0386977)  ( 2.60607, -0.0452142) 
49   ( 2.61983, -0.0211122)  ( 2.61414, -0.0271466) 
49   ( 2.62231, -0.0149772)  ( 2.61983, -0.0211122) 
48   ( 2.61414, -0.0271466)  ( 2.61691, -0.037053) 
49   ( 2.6248, -0.00884221)  ( 2.62231, -0.0149772) 
50   ( 2.62437, -0.00302875)  ( 2.6248, -0.00884221) 
48   ( 2.62231, -0.0149772)  ( 2.6368, -0.0160789) 
50   ( 2.62393, 0.00278471)  ( 2.62437, -0.00302875) 
49   ( 2.62078, 0.00783456)  ( 2.62393, 0.00278471) 
51   ( 2.62437, -0.00302875)  ( 2.64729, -0.00131863) 
48   ( 2.61763, 0.0128844)  ( 2.62078, 0.00783456) 
47   ( 2.61175, 0.0166751)  ( 2.61763, 0.0128844) 
47   ( 2.62078, 0.00783456)  ( 2.6283, 0.0188116) 
47   ( 2.60587, 0.0204659)  ( 2.61175, 0.0166751) 
47   ( 2.59722, 0.0224931)  ( 2.60587, 0.0204659) 
47   ( 2.61175, 0.0166751)  ( 2.61811, 0.0265416) 
47   ( 2.58857, 0.0245204)  ( 2.59722, 0.0224931) 
47   ( 2.57716, 0.0243496)  ( 2.58857, 0.0245204) 
47   ( 2.59722, 0.0224931)  ( 2.59784, 0.0316512) 
47   ( 2.56575, 0.0241788)  ( 2.57716, 0.0243496) 
47   ( 2.55244, 0.0226324)  ( 2.56575, 0.0241788) 
47   ( 2.57716, 0.0243496)  ( 2.58139, 0.0334974) 
46   ( 2.53914, 0.021086)  ( 2.55244, 0.0226324) 
46   ( 2.52554, 0.0200768)  ( 2.53914, 0.021086) 
47   ( 2.55244, 0.0226324)  ( 2.55103, 0.0348356) 
47   ( 2.51195, 0.0190675)  ( 2.52554, 0.0200768) 
47   ( 2.49971, 0.0205389)  ( 2.51195, 0.0190675) 
47   ( 2.52554, 0.0200768)  ( 2.52241, 0.0375477) 
47   ( 2.48747, 0.0220103)  ( 2.49971, 0.0205389) 
47   ( 2.47786, 0.0269611)  ( 2.48747, 0.0220103) 
45   ( 2.49971, 0.0205389)  ( 2.50017, 0.04283) 
47   ( 2.46825, 0.0319119)  ( 2.47786, 0.0269611) 
47   ( 2.46181, 0.0393193)  ( 2.46825, 0.0319119) 
47   ( 2.47786, 0.0269611)  ( 2.48794, 0.0442088) 
47   ( 2.45537, 0.0467267)  ( 2.46181, 0.0393193) 
47   ( 2.45252, 0.0553072)  ( 2.45537, 0.0467267) 
46   ( 2.46181, 0.0393193)  ( 2.4758, 0.0514943) 
47   ( 2.44967, 0.0638876)  ( 2.45252, 0.0553072) 
47   ( 2.45084, 0.0723596)  ( 2.44967, 0.0638876) 
47   ( 2.45252, 0.0553072)  ( 2.47039, 0.0612408) 
47   ( 2.45201, 0.0808315)  ( 2.45084, 0.0723596) 
47   ( 2.45711, 0.0880269)  ( 2.45201, 0.0808315) 
47   ( 2.45084, 0.0723596)  ( 2.46988, 0.0697312) 
47   ( 2.46222, 0.0952223)  ( 2.45711, 0.0880269) 
45   ( 2.47039, 0.10015)  ( 2.46222, 0.0952223) 
47   ( 2.45711, 0.0880269)  ( 2.47261, 0.0770271) 
44   ( 2.47856, 0.105077)  ( 2.47039, 0.10015) 
45   ( 2.48886, 0.106761)  ( 2.47856, 0.105077) 
45   ( 2.47039, 0.10015)  ( 2.47997, 0.0842639) 
45   ( 2.49915, 0.108444)  ( 2.48886, 0.106761) 
45   ( 2.51064, 0.105959)  ( 2.49915, 0.108444) 
46   ( 2.48886, 0.106761)  ( 2.49532, 0.0873059) 
45   ( 2.52213, 0.103475)  ( 2.51064, 0.105959) 
46   ( 2.53401, 0.0974325)  ( 2.52213, 0.103475) 
46   ( 2.51064, 0.105959)  ( 2.50274, 0.0858064) 
47   ( 2.54589, 0.0913904)  ( 2.53401, 0.0974325) 
46   ( 2.5575, 0.0841565)  ( 2.54589, 0.0913904) 
46   ( 2.53401, 0.0974325)  ( 2.52574, 0.081183) 
45   ( 2.5691, 0.0769226)  ( 2.5575, 0.0841565) 
45   ( 2.5798, 0.0709577)  ( 2.5691, 0.0769226) 
46   ( 2.5575, 0.0841565)  ( 2.55274, 0.0711291) 
46   ( 2.59049, 0.0649927)  ( 2.5798, 0.0709577) 
47   ( 2.59972, 0.0620924)  ( 2.59049, 0.0649927) 
46   ( 2.5798, 0.0709577)  ( 2.57389, 0.0604041) 
47   ( 2.60896, 0.0591921)  ( 2.59972, 0.0620924) 
46   ( 2.6165, 0.0592282)  ( 2.60896, 0.0591921) 
46   ( 2.59972, 0.0620924)  ( 2.59747, 0.054917) 
46   ( 2.62404, 0.0592642)  ( 2.6165, 0.0592282) 
47   ( 2.62972, 0.0617626)  ( 2.62404, 0.0592642) 
46   ( 2.6165, 0.0592282)  ( 2.61873, 0.0473067) 
46   ( 2.63539, 0.064261)  ( 2.62972, 0.0617626) 
46   ( 2.63902, 0.0687529)  ( 2.63539, 0.064261) 
47   ( 2.62972, 0.0617626)  ( 2.63611, 0.0488463) 
47   ( 2.64264, 0.0732447)  ( 2.63902, 0.0687529) 
46   ( 2.6439, 0.0793662)  ( 2.64264, 0.0732447) 
47   ( 2.63902, 0.0687529)  ( 2.65941, 0.0583245) 
46   ( 2.64516, 0.0854876)  ( 2.6439, 0.0793662) 
47   ( 2.64364, 0.0929725)  ( 2.64516, 0.0854876) 
45   ( 2.6439, 0.0793662)  ( 2.65778, 0.074977) 
46   ( 2.64211, 0.100457)  ( 2.64364, 0.0929725) 
45   ( 2.63736, 0.109043)  ( 2.64211, 0.100457) 
47   ( 2.64364, 0.0929725)  ( 2.65576, 0.0926346) 
44   ( 2.63261, 0.11763)  ( 2.63736, 0.109043) 
44   ( 2.62462, 0.127066)  ( 2.63261, 0.11763) 
44   ( 2.63736, 0.109043)  ( 2.64393, 0.11268) 
45   ( 2.61663, 0.136502)  ( 2.62462, 0.127066) 
45   ( 2.60736, 0.146594)  ( 2.61663, 0.136502) 
44   ( 2.62462, 0.127066)  ( 2.6335, 0.134631) 
45   ( 2.59809, 0.156686)  ( 2.60736, 0.146594) 
45   ( 2.59007, 0.167253)  ( 2.59809, 0.156686) 
44   ( 2.60736, 0.146594)  ( 2.61977, 0.15315) 
45   ( 2.58206, 0.177821)  ( 2.59007, 0.167253) 
45   ( 2.57772, 0.188651)  ( 2.58206, 0.177821) 
45   ( 2.59007, 0.167253)  ( 2.60487, 0.178476) 
45   ( 2.57338, 0.199481)  ( 2.57772, 0.188651) 
44   ( 2.57333, 0.20986)  ( 2.57338, 0.199481) 
44   ( 2.57772, 0.188651)  ( 2.59633, 0.19917) 
44   ( 2.57328, 0.220239)  ( 2.57333, 0.20986) 
45   ( 2.57677, 0.229073)  ( 2.57328, 0.220239) 
44   ( 2.57333, 0.20986)  ( 2.59328, 0.207288) 
45   ( 2.58027, 0.237906)  ( 2.57677, 0.229073) 
45   ( 2.58651, 0.244091)  ( 2.58027, 0.237906) 
45   ( 2.57677, 0.229073)  ( 2.59404, 0.222249) 
45   ( 2.59276, 0.250275)  ( 2.58651, 0.244091) 
45   ( 2.60095, 0.252787)  ( 2.59276, 0.250275) 
44   ( 2.58651, 0.244091)  ( 2.5999, 0.230562) 
45   ( 2.60913, 0.255299)  ( 2.60095, 0.252787) 
44   ( 2.6181, 0.253889)  ( 2.60913, 0.255299) 
45   ( 2.60095, 0.252787)  ( 2.60658, 0.234418) 
44   ( 2.62707, 0.252479)  ( 2.6181, 0.253889) 
45   ( 2.63548, 0.247329)  ( 2.62707, 0.252479) 
44   ( 2.6181, 0.253889)  ( 2.61518, 0.235318) 
44   ( 2.6439, 0.242178)  ( 2.63548, 0.247329) 
44   ( 2.65041, 0.233473)  ( 2.6439, 0.242178) 
45   ( 2.63548, 0.247329)  ( 2.62579, 0.231497) 
45   ( 2.65693, 0.224768)  ( 2.65041, 0.233473) 
45   ( 2.66049, 0.212869)  ( 2.65693, 0.224768) 
45   ( 2.65041, 0.233473)  ( 2.63489, 0.220965) 
44   ( 2.66406, 0.20097)  ( 2.66049, 0.212869) 
44   ( 2.66552, 0.187387)  ( 2.66406, 0.20097) 
45   ( 2.66049, 0.212869)  ( 2.63854, 0.208379) 
45   ( 2.66699, 0.173804)  ( 2.66552, 0.187387) 
45   ( 2.66796, 0.160506)  ( 2.66699, 0.173804) 
45   ( 2.66552, 0.187387)  ( 2.64714, 0.188807) 
45   ( 2.66893, 0.147208)  ( 2.66796, 0.160506) 
45   ( 2.67097, 0.136122)  ( 2.66893, 0.147208) 
45   ( 2.66796, 0.160506)  ( 2.65617, 0.159646) 
45   ( 2.67301, 0.125037)  ( 2.67097, 0.136122) 
45   ( 2.67669, 0.117084)  ( 2.67301, 0.125037) 
45   ( 2.67097, 0.136122)  ( 2.66255, 0.130971) 
45   ( 2.68037, 0.109132)  ( 2.67669, 0.117084) 
44   ( 2.68524, 0.10422)  ( 2.68037, 0.109132) 
45   ( 2.67669, 0.117084)  ( 2.66752, 0.114438) 
44   ( 2.69011, 0.099308)  ( 2.68524, 0.10422) 
46   ( 2.69568, 0.0973022)  ( 2.69011, 0.099308) 
45   ( 2.68524, 0.10422)  ( 2.67698, 0.0960329) 
47   ( 2.70126, 0.0952963)  ( 2.69568, 0.0973022) 
47   ( 2.70705, 0.0961038)  ( 2.70126, 0.0952963) 
47   ( 2.69568, 0.0973022)  ( 2.68591, 0.0883252) 
47   ( 2.71284, 0.0969112)  ( 2.70705, 0.0961038) 
46   ( 2.71838, 0.100658)  ( 2.71284, 0.0969112) 
47   ( 2.70705, 0.0961038)  ( 2.71021, 0.0734131) 
45   ( 2.72392, 0.104404)  ( 2.71838, 0.100658) 
45   ( 2.72874, 0.111286)  ( 2.72392, 0.104404) 
46   ( 2.71838, 0.100658)  ( 2.72228, 0.0868321) 
45   ( 2.73356, 0.118167)  ( 2.72874, 0.111286) 
45   ( 2.73721, 0.128365)  ( 2.73356, 0.118167) 
45   ( 2.72874, 0.111286)  ( 2.73889, 0.110222) 
45   ( 2.74086, 0.138563)  ( 2.73721, 0.128365) 
45   ( 2.74355, 0.151385)  ( 2.74086, 0.138563) 
45   ( 2.73721, 0.128365)  ( 2.74493, 0.122392) 
45   ( 2.74624, 0.164206)  ( 2.74355, 0.151385) 
45   ( 2.74923, 0.177607)  ( 2.74624, 0.164206) 
45   ( 2.74355, 0.151385)  ( 2.75422, 0.149161) 
45   ( 2.75222, 0.191009)  ( 2.74923, 0.177607) 
45   ( 2.75687, 0.202831)  ( 2.75222, 0.191009) 
45   ( 2.74923, 0.177607)  ( 2.76638, 0.175337) 
45   ( 2.76151, 0.214652)  ( 2.75687, 0.202831) 
45   ( 2.76871, 0.223087)  ( 2.76151, 0.214652) 
45   ( 2.75687, 0.202831)  ( 2.77383, 0.191864) 
44   ( 2.7759, 0.231522)  ( 2.76871, 0.223087) 
44   ( 2.78476, 0.236193)  ( 2.7759, 0.231522) 
45   ( 2.76871, 0.223087)  ( 2.78394, 0.210102) 
45   ( 2.79361, 0.240864)  ( 2.78476, 0.236193) 
45   ( 2.80277, 0.241756)  ( 2.79361, 0.240864) 
45   ( 2.78476, 0.236193)  ( 2.79344, 0.219711) 
45   ( 2.81192, 0.242648)  ( 2.80277, 0.241756) 
45   ( 2.82003, 0.239748)  ( 2.81192, 0.242648) 
45   ( 2.80277, 0.241756)  ( 2.80458, 0.223132) 
45   ( 2.82813, 0.236848)  ( 2.82003, 0.239748) 
45   ( 2.83399, 0.230417)  ( 2.82813, 0.236848) 
45   ( 2.82003, 0.239748)  ( 2.81356, 0.221688) 
45   ( 2.83986, 0.223986)  ( 2.83399, 0.230417) 
45   ( 2.84276, 0.215077)  ( 2.83986, 0.223986) 
45   ( 2.83399, 0.230417)  ( 2.81987, 0.217542) 
45   ( 2.84566, 0.206169)  ( 2.84276, 0.215077) 
45   ( 2.84496, 0.195977)  ( 2.84566, 0.206169) 
45   ( 2.84276, 0.215077)  ( 2.82506, 0.209316) 
45   ( 2.84425, 0.185785)  ( 2.84496, 0.195977) 
45   ( 2.83932, 0.175502)  ( 2.84425, 0.185785) 
45   ( 2.84496, 0.195977)  ( 2.82598, 0.196708) 
44   ( 2.83438, 0.16522)  ( 2.83932, 0.175502) 
44   ( 2.82554, 0.155634)  ( 2.83438, 0.16522) 
45   ( 2.83932, 0.175502)  ( 2.82099, 0.184975) 
45   ( 2.81669, 0.146048)  ( 2.82554, 0.155634) 
45   ( 2.80624, 0.137118)  ( 2.81669, 0.146048) 
45   ( 2.82554, 0.155634)  ( 2.81083, 0.168479) 
45   ( 2.79579, 0.128188)  ( 2.80624, 0.137118) 
45   ( 2.78626, 0.119769)  ( 2.79579, 0.128188) 
45   ( 2.80624, 0.137118)  ( 2.79477, 0.150721) 
44   ( 2.77674, 0.11135)  ( 2.78626, 0.119769) 
44   ( 2.77035, 0.103352)  ( 2.77674, 0.11135) 
45   ( 2.78626, 0.119769)  ( 2.78087, 0.131408) 
46   ( 2.76395, 0.0953542)  ( 2.77035, 0.103352) 
47   ( 2.76096, 0.0879876)  ( 2.76395, 0.0953542) 
45   ( 2.77035, 0.103352)  ( 2.76344, 0.107446) 
47   ( 2.75797, 0.0806211)  ( 2.76096, 0.0879876) 
47   ( 2.75798, 0.0742009)  ( 2.75797, 0.0806211) 
47   ( 2.76096, 0.0879876)  ( 2.75537, 0.0967662) 
47   ( 2.75799, 0.0677808)  ( 2.75798, 0.0742009) 
47   ( 2.76062, 0.0626229)  ( 2.75799, 0.0677808) 
46   ( 2.75798, 0.0742009)  ( 2.74346, 0.070462) 
47   ( 2.76324, 0.0574651)  ( 2.76062, 0.0626229) 
47   ( 2.76818, 0.0539481)  ( 2.76324, 0.0574651) 
47   ( 2.76062, 0.0626229)  ( 2.73934, 0.0539082) 
47   ( 2.77313, 0.0504311)  ( 2.76818, 0.0539481) 
47   ( 2.78025, 0.0490379)  ( 2.77313, 0.0504311) 
47   ( 2.76818, 0.0539481)  ( 2.76224, 0.0415354) 
47   ( 2.78738, 0.0476446)  ( 2.78025, 0.0490379) 
47   ( 2.79657, 0.0488676)  ( 2.78738, 0.0476446) 
47   ( 2.78025, 0.0490379)  ( 2.77757, 0.0371022) 
47   ( 2.80576, 0.0500907)  ( 2.79657, 0.0488676) 
47   ( 2.81686, 0.0542426)  ( 2.80576, 0.0500907) 
47   ( 2.79657, 0.0488676)  ( 2.79765, 0.0409134) 
47   ( 2.82795, 0.0583946)  ( 2.81686, 0.0542426) 
47   ( 2.84026, 0.0640779)  ( 2.82795, 0.0583946) 
47   ( 2.81686, 0.0542426)  ( 2.82193, 0.0416245) 
47   ( 2.85258, 0.0697612)  ( 2.84026, 0.0640779) 
47   ( 2.86515, 0.0746338)  ( 2.85258, 0.0697612) 
47   ( 2.84026, 0.0640779)  ( 2.84533, 0.0514591) 
47   ( 2.87772, 0.0795064)  ( 2.86515, 0.0746338) 
47   ( 2.88959, 0.0812485)  ( 2.87772, 0.0795064) 
47   ( 2.86515, 0.0746338)  ( 2.87153, 0.0583919) 
47   ( 2.90146, 0.0829907)  ( 2.88959, 0.0812485) 
47   ( 2.91174, 0.0806675)  ( 2.90146, 0.0829907) 
45   ( 2.88959, 0.0812485)  ( 2.8958, 0.060038) 
47   ( 2.92202, 0.0783444)  ( 2.91174, 0.0806675) 
47   ( 2.92992, 0.0728941)  ( 2.92202, 0.0783444) 
47   ( 2.91174, 0.0806675)  ( 2.90474, 0.0613731) 
47   ( 2.93782, 0.0674437)  ( 2.92992, 0.0728941) 
47   ( 2.94257, 0.0599373)  ( 2.93782, 0.0674437) 
47   ( 2.92992, 0.0728941)  ( 2.91937, 0.0575905) 
47   ( 2.94732, 0.0524309)  ( 2.94257, 0.0599373) 
47   ( 2.94815, 0.0439427)  ( 2.94732, 0.0524309) 
47   ( 2.94257, 0.0599373)  ( 2.92664, 0.0498661) 
47   ( 2.94899, 0.0354546)  ( 2.94815, 0.0439427) 
47   ( 2.94578, 0.0271363)  ( 2.94899, 0.0354546) 
47   ( 2.94815, 0.0439427)  ( 2.92918, 0.0420703) 
46   ( 2.94257, 0.018818)  ( 2.94578, 0.0271363) 
46   ( 2.93579, 0.0118979)  ( 2.94257, 0.018818) 
47   ( 2.94578, 0.0271363)  ( 2.92831, 0.0338757) 
46   ( 2.929, 0.00497781)  ( 2.93579, 0.0118979) 
48   ( 2.91915, 0.000687642)  ( 2.929, 0.00497781) 
46   ( 2.93579, 0.0118979)  ( 2.9227, 0.0247259) 
51   ( 2.90929, -0.00360253)  ( 2.91915, 0.000687642) 
51   ( 2.89688, -0.00411312)  ( 2.90929, -0.00360253) 
49   ( 2.91915, 0.000687642)  ( 2.90886, 0.0180295) 
51   ( 2.88446, -0.00462371)  ( 2.89688, -0.00411312) 
51   ( 2.87059, -0.00217846)  ( 2.88446, -0.00462371) 
49   ( 2.89688, -0.00411312)  ( 2.89914, 0.0176664) 
51   ( 2.85672, 0.000266779)  ( 2.87059, -0.00217846) 
50   ( 2.84305, 0.00282095)  ( 2.85672, 0.000266779) 
49   ( 2.87059, -0.00217846)  ( 2.87379, 0.0145326) 
49   ( 2.82939, 0.00537512)  ( 2.84305, 0.00282095) 
49   ( 2.81762, 0.00514656)  ( 2.82939, 0.00537512) 
48   ( 2.84305, 0.00282095)  ( 2.84544, 0.0156018) 
49   ( 2.80585, 0.00491799)  ( 2.81762, 0.00514656) 
49   ( 2.79682, 0.00104072)  ( 2.80585, 0.00491799) 
48   ( 2.81762, 0.00514656)  ( 2.81422, 0.0172335) 
50   ( 2.78779, -0.00283655)  ( 2.79682, 0.00104072) 
50   ( 2.78123, -0.0084806)  ( 2.78779, -0.00283655) 
47   ( 2.79682, 0.00104072)  ( 2.7973, 0.0138945) 
49   ( 2.77467, -0.0141247)  ( 2.78123, -0.0084806) 
49   ( 2.77022, -0.0194618)  ( 2.77467, -0.0141247) 
49   ( 2.78123, -0.0084806)  ( 2.76879, 0.00580596) 
48   ( 2.76576, -0.024799)  ( 2.77022, -0.0194618) 
48   ( 2.76319, -0.0288357)  ( 2.76576, -0.024799) 
49   ( 2.77022, -0.0194618)  ( 2.76009, -0.0186441) 
49   ( 2.76061, -0.0328725)  ( 2.76319, -0.0288357) 
49   ( 2.75994, -0.0371391)  ( 2.76061, -0.0328725) 
49   ( 2.76319, -0.0288357)  ( 2.75564, -0.0240158) 
49   ( 2.75927, -0.0414056)  ( 2.75994, -0.0371391) 
49   ( 2.76058, -0.0477921)  ( 2.75927, -0.0414056) 
49   ( 2.75994, -0.0371391)  ( 2.75239, -0.0322846) 
48   ( 2.7619, -0.0541786)  ( 2.76058, -0.0477921) 
48   ( 2.76519, -0.0643792)  ( 2.7619, -0.0541786) 
49   ( 2.76058, -0.0477921)  ( 2.74813, -0.0502989) 
49   ( 2.76849, -0.0745798)  ( 2.76519, -0.0643792) 
49   ( 2.77286, -0.0881738)  ( 2.76849, -0.0745798) 
49   ( 2.76519, -0.0643792)  ( 2.75891, -0.0687488) 
48   ( 2.77723, -0.101768)  ( 2.77286, -0.0881738) 
47   ( 2.78124, -0.117044)  ( 2.77723, -0.101768) 
49   ( 2.77286, -0.0881738)  ( 2.76975, -0.0901701) 
47   ( 2.78525, -0.132321)  ( 2.78124, -0.117044) 
47   ( 2.78783, -0.147688)  ( 2.78525, -0.132321) 
47   ( 2.79042, -0.163054)  ( 2.78783, -0.147688) 
47   ( 2.79185, -0.177371)  ( 2.79042, -0.163054) 
47   ( 2.78783, -0.147688)  ( 2.78443, -0.153367) 
47   ( 2.79327, -0.191688)  ( 2.79185, -0.177371) 
47   ( 2.79406, -0.203908)  ( 2.79327, -0.191688) 
47   ( 2.79185, -0.177371)  ( 2.78747, -0.172755) 
47   ( 2.79485, -0.216127)  ( 2.79406, -0.203908) 
47   ( 2.79546, -0.225442)  ( 2.79485, -0.216127) 
47   ( 2.79406, -0.203908)  ( 2.78611, -0.203719) 
47   ( 2.79607, -0.234756)  ( 2.79546, -0.225442) 
47   ( 2.79668, -0.241419)  ( 2.79607, -0.234756) 
47   ( 2.79546, -0.225442)  ( 2.78331, -0.226238) 
47   ( 2.79729, -0.248082)  ( 2.79668, -0.241419) 
45   ( 2.798, -0.252642)  ( 2.79729, -0.248082) 
46   ( 2.79668, -0.241419)  ( 2.79373, -0.24341) 
45   ( 2.79872, -0.257202)  ( 2.798, -0.252642) 
47   ( 2.79963, -0.260207)  ( 2.79872, -0.257202) 
45   ( 2.798, -0.252642)  ( 2.79594, -0.253013) 
47   ( 2.80054, -0.263212)  ( 2.79963, -0.260207) 
47   ( 2.80176, -0.265209)  ( 2.80054, -0.263212) 
47   ( 2.79963, -0.260207)  ( 2.79589, -0.256912) 
47   ( 2.80298, -0.267206)  ( 2.80176, -0.265209) 
47   ( 2.80459, -0.268744)  ( 2.80298, -0.267206) 
47   ( 2.80176, -0.265209)  ( 2.79483, -0.273157) 
47   ( 2.80621, -0.270282)  ( 2.80459, -0.268744) 
47   ( 2.80833, -0.271889)  ( 2.80621, -0.270282) 
47   ( 2.80459, -0.268744)  ( 2.79797, -0.276803) 
47   ( 2.81045, -0.273497)  ( 2.80833, -0.271889) 
47   ( 2.81316, -0.275456)  ( 2.81045, -0.273497) 
47   ( 2.80833, -0.271889)  ( 2.79978, -0.278245) 
47   ( 2.81588, -0.277414)  ( 2.81316, -0.275456) 
47   ( 2.81928, -0.279829)  ( 2.81588, -0.277414) 
47   ( 2.81316, -0.275456)  ( 2.80187, -0.279788) 
47   ( 2.82268, -0.282244)  ( 2.81928, -0.279829) 
47   ( 2.82686, -0.285217)  ( 2.82268, -0.282244) 
47   ( 2.81928, -0.279829)  ( 2.81554, -0.288845) 
47   ( 2.83105, -0.288189)  ( 2.82686, -0.285217) 
46   ( 2.8361, -0.291821)  ( 2.83105, -0.288189) 
47   ( 2.82686, -0.285217)  ( 2.82323, -0.293728) 
46   ( 2.84116, -0.295453)  ( 2.8361, -0.291821) 
47   ( 2.84717, -0.299845)  ( 2.84116, -0.295453) 
46   ( 2.8361, -0.291821)  ( 2.82648, -0.296456) 
47   ( 2.85319, -0.304237)  ( 2.84717, -0.299845) 
47   ( 2.86026, -0.309491)  ( 2.85319, -0.304237) 
46   ( 2.84717, -0.299845)  ( 2.8459, -0.305727) 
47   ( 2.86734, -0.314746)  ( 2.86026, -0.309491) 
47   ( 2.87556, -0.320963)  ( 2.86734, -0.314746) 
47   ( 2.86026, -0.309491)  ( 2.85269, -0.312088) 
46   ( 2.88378, -0.32718)  ( 2.87556, -0.320963) 
46   ( 2.89324, -0.334462)  ( 2.88378, -0.32718) 
47   ( 2.90269, -0.341744)  ( 2.89324, -0.334462) 
47   ( 2.91348, -0.350192)  ( 2.90269, -0.341744) 
47   ( 2.89324, -0.334462)  ( 2.88814, -0.341084) 
46   ( 2.92427, -0.35864)  ( 2.91348, -0.350192) 
46   ( 2.93648, -0.368355)  ( 2.92427, -0.35864) 
47   ( 2.94869, -0.378071)  ( 2.93648, -0.368355) 
47   ( 2.96242, -0.389155)  ( 2.94869, -0.378071) 
47   ( 2.93648, -0.368355)  ( 2.93132, -0.374844) 
47   ( 2.97614, -0.400239)  ( 2.96242, -0.389155) 
47   ( 2.99148, -0.412793)  ( 2.97614, -0.400239) 
47   ( 3.00681, -0.425347)  ( 2.99148, -0.412793) 
47   ( 3.00894, -0.427118)  ( 3.00681, -0.425347) 
47   ( 2.99148, -0.412793)  ( 2.98813, -0.416874) 
47   ( 3.01107, -0.428888)  ( 3.00894, -0.427118) 
47   ( 3.01418, -0.420837)  ( 3.01107, -0.428888) 
47   ( 3.00894, -0.427118)  ( 3.00633, -0.430269) 
47   ( 3.01728, -0.412785)  ( 3.01418, -0.420837) 
47   ( 3.02389, -0.395863)  ( 3.01728, -0.412785) 
47   ( 3.01418, -0.420837)  ( 3.01788, -0.422546) 
46   ( 3.0305, -0.378941)  ( 3.02389, -0.395863) 
46   ( 3.03725, -0.362004)  ( 3.0305, -0.378941) 
47   ( 3.02389, -0.395863)  ( 3.03252, -0.399234) 
47   ( 3.04399, -0.345066)  ( 3.03725, -0.362004) 
47   ( 3.05091, -0.328162)  ( 3.04399, -0.345066) 
47   ( 3.03725, -0.362004)  ( 3.03879, -0.362618) 
47   ( 3.05783, -0.311257)  ( 3.05091, -0.328162) 
47   ( 3.06495, -0.294429)  ( 3.05783, -0.311257) 
47   ( 3.07208, -0.277602)  ( 3.06495, -0.294429) 
47   ( 3.07944, -0.260893)  ( 3.07208, -0.277602) 
46   ( 3.06495, -0.294429)  ( 3.06751, -0.29551) 
47   ( 3.08681, -0.244184)  ( 3.07944, -0.260893) 
46   ( 3.09448, -0.22763)  ( 3.08681, -0.244184) 
46   ( 3.10214, -0.211075)  ( 3.09448, -0.22763) 
47   ( 3.11016, -0.194707)  ( 3.10214, -0.211075) 
46   ( 3.09448, -0.22763)  ( 3.10357, -0.231837) 
47   ( 3.11817, -0.178339)  ( 3.11016, -0.194707) 
47   ( 3.12661, -0.162184)  ( 3.11817, -0.178339) 
47   ( 3.13504, -0.146028)  ( 3.12661, -0.162184) 
47   ( 3.14399, -0.130105)  ( 3.13504, -0.146028) 
46   ( 3.12661, -0.162184)  ( 3.1287, -0.165448) 
47   ( 3.15293, -0.114183)  ( 3.14399, -0.130105) 
48   ( 3.16248, -0.0985104)  ( 3.15293, -0.114183) 
49   ( 3.17203, -0.0828382)  ( 3.16248, -0.0985104) 
49   ( 3.18233, -0.0674328)  ( 3.17203, -0.0828382) 
49   ( 3.16248, -0.0985104)  ( 3.16464, -0.0998246) 
49   ( 3.19262, -0.0520274)  ( 3.18233, -0.0674328) 
49   ( 3.20383, -0.0369117)  ( 3.19262, -0.0520274) 
49   ( 3.18233, -0.0674328)  ( 3.18787, -0.0765092) 
48   ( 3.21504, -0.021796)  ( 3.20383, -0.0369117) 
47   ( 3.2194, -0.0165691)  ( 3.21504, -0.021796) 
49   ( 3.20383, -0.0369117)  ( 3.20823, -0.0401695) 
48   ( 3.22376, -0.0113421)  ( 3.2194, -0.0165691) 
50   ( 3.21467, -0.00285357)  ( 3.22376, -0.0113421) 
48   ( 3.2194, -0.0165691)  ( 3.22471, -0.0302298) 
50   ( 3.20557, 0.00563495)  ( 3.21467, -0.00285357) 
48   ( 3.19112, 0.0192631)  ( 3.20557, 0.00563495) 
48   ( 3.21467, -0.00285357)  ( 3.2191, 0.0112855) 
47   ( 3.17668, 0.0328913)  ( 3.19112, 0.0192631) 
47   ( 3.16341, 0.0455557)  ( 3.17668, 0.0328913) 
47   ( 3.15015, 0.0582201)  ( 3.16341, 0.0455557) 
47   ( 3.13801, 0.0699506)  ( 3.15015, 0.0582201) 
47   ( 3.16341, 0.0455557)  ( 3.16899, 0.0513992) 
47   ( 3.12587, 0.0816811)  ( 3.13801, 0.0699506) 
47   ( 3.11482, 0.0925076)  ( 3.12587, 0.0816811) 
46   ( 3.10376, 0.103334)  ( 3.11482, 0.0925076) 
45   ( 3.09374, 0.113286)  ( 3.10376, 0.103334) 
47   ( 3.11482, 0.0925076)  ( 3.12121, 0.0990323) 
45   ( 3.08372, 0.123238)  ( 3.09374, 0.113286) 
45   ( 3.07469, 0.132346)  ( 3.08372, 0.123238) 
44   ( 3.09374, 0.113286)  ( 3.0956, 0.115525) 
45   ( 3.06565, 0.141454)  ( 3.07469, 0.132346) 
45   ( 3.05756, 0.149748)  ( 3.06565, 0.141454) 
45   ( 3.07469, 0.132346)  ( 3.08091, 0.135376) 
45   ( 3.04947, 0.158041)  ( 3.05756, 0.149748) 
44   ( 3.04226, 0.16555)  ( 3.04947, 0.158041) 
44   ( 3.03506, 0.173059)  ( 3.04226, 0.16555) 
44   ( 3.0287, 0.179813)  ( 3.03506, 0.173059) 
44   ( 3.04226, 0.16555)  ( 3.04619, 0.177898) 
44   ( 3.02234, 0.186567)  ( 3.0287, 0.179813) 
45   ( 3.01677, 0.192596)  ( 3.02234, 0.186567) 
44   ( 3.0287, 0.179813)  ( 3.03906, 0.184553) 
45   ( 3.01121, 0.198625)  ( 3.01677, 0.192596) 
45   ( 3.00639, 0.203959)  ( 3.01121, 0.198625) 
43   ( 3.01677, 0.192596)  ( 3.03072, 0.1947) 
45   ( 3.00158, 0.209293)  ( 3.00639, 0.203959) 
45   ( 2.99746, 0.213961)  ( 3.00158, 0.209293) 
45   ( 3.00639, 0.203959)  ( 3.01258, 0.213821) 
44   ( 2.99334, 0.21863)  ( 2.99746, 0.213961) 
44   ( 2.98988, 0.222664)  ( 2.99334, 0.21863) 
45   ( 2.99746, 0.213961)  ( 3.00704, 0.219638) 
45   ( 2.98641, 0.226697)  ( 2.98988, 0.222664) 
45   ( 2.98355, 0.230125)  ( 2.98641, 0.226697) 
45   ( 2.98988, 0.222664)  ( 3.00202, 0.225899) 
45   ( 2.98069, 0.233553)  ( 2.98355, 0.230125) 
45   ( 2.97839, 0.236406)  ( 2.98069, 0.233553) 
44   ( 2.98355, 0.230125)  ( 2.9883, 0.246131) 
45   ( 2.97609, 0.239258)  ( 2.97839, 0.236406) 
45   ( 2.97431, 0.241683)  ( 2.97609, 0.239258) 
44   ( 2.97839, 0.236406)  ( 2.98568, 0.24928) 
45   ( 2.97254, 0.244108)  ( 2.97431, 0.241683) 
45   ( 2.97131, 0.246549)  ( 2.97254, 0.244108) 
45   ( 2.97431, 0.241683)  ( 2.98338, 0.252114) 
45   ( 2.97008, 0.248989)  ( 2.97131, 0.246549) 
45   ( 2.96942, 0.251932)  ( 2.97008, 0.248989) 
45   ( 2.97131, 0.246549)  ( 2.98155, 0.254612) 
45   ( 2.96877, 0.254876)  ( 2.96942, 0.251932) 
44   ( 2.96871, 0.25881)  ( 2.96877, 0.254876) 
44   ( 2.96942, 0.251932)  ( 2.9803, 0.257077) 
44   ( 2.96865, 0.262745)  ( 2.96871, 0.25881) 
45   ( 2.96922, 0.268159)  ( 2.96865, 0.262745) 
43   ( 2.96871, 0.25881)  ( 2.97964, 0.26002) 
45   ( 2.96979, 0.273573)  ( 2.96922, 0.268159) 
45   ( 2.97101, 0.280955)  ( 2.96979, 0.273573) 
45   ( 2.96922, 0.268159)  ( 2.97924, 0.267109) 
45   ( 2.97223, 0.288336)  ( 2.97101, 0.280955) 
45   ( 2.97412, 0.298173)  ( 2.97223, 0.288336) 
44   ( 2.97101, 0.280955)  ( 2.98137, 0.27675) 
44   ( 2.97602, 0.30801)  ( 2.97412, 0.298173) 
44   ( 2.97861, 0.320722)  ( 2.97602, 0.30801) 
45   ( 2.97412, 0.298173)  ( 2.98534, 0.299145) 
45   ( 2.98121, 0.333434)  ( 2.97861, 0.320722) 
45   ( 2.98449, 0.348524)  ( 2.98121, 0.333434) 
45   ( 2.97861, 0.320722)  ( 2.98658, 0.318782) 
45   ( 2.98778, 0.363613)  ( 2.98449, 0.348524) 
45   ( 2.99172, 0.379927)  ( 2.98778, 0.363613) 
44   ( 2.98449, 0.348524)  ( 2.99321, 0.34663) 
45   ( 2.99566, 0.396242)  ( 2.99172, 0.379927) 
45   ( 3.00022, 0.412614)  ( 2.99566, 0.396242) 
45   ( 3.00478, 0.428987)  ( 3.00022, 0.412614) 
45   ( 3.00993, 0.444251)  ( 3.00478, 0.428987) 
45   ( 3.01508, 0.459516)  ( 3.00993, 0.444251) 
45   ( 3.02062, 0.472692)  ( 3.01508, 0.459516) 
44   ( 3.00993, 0.444251)  ( 3.0175, 0.441854) 
45   ( 3.02617, 0.485869)  ( 3.02062, 0.472692) 
44   ( 3.03161, 0.49639)  ( 3.02617, 0.485869) 
45   ( 3.02062, 0.472692)  ( 3.02954, 0.468112) 
44   ( 3.03705, 0.506912)  ( 3.03161, 0.49639) 
45   ( 3.04017, 0.509942)  ( 3.03705, 0.506912) 
44   ( 3.03161, 0.49639)  ( 3.03992, 0.486896) 
45   ( 3.04661, 0.521621)  ( 3.04495, 0.517297) 
45   ( 3.05023, 0.525634)  ( 3.04661, 0.521621) 
45   ( 3.05385, 0.529647)  ( 3.05023, 0.525634) 
43   ( 3.056, 0.531236)  ( 3.05385, 0.529647) 
45   ( 3.05023, 0.525634)  ( 3.05988, 0.516787) 
43   ( 3.05815, 0.532826)  ( 3.056, 0.531236) 
45   ( 3.05853, 0.533131)  ( 3.05815, 0.532826) 
43   ( 3.056, 0.531236)  ( 3.06389, 0.520587) 
45   ( 3.05892, 0.533435)  ( 3.05853, 0.533131) 
45   ( 3.05727, 0.533595)  ( 3.05892, 0.533435) 
45   ( 3.05853, 0.533131)  ( 3.06557, 0.521686) 
45   ( 3.05562, 0.533755)  ( 3.05727, 0.533595) 
45   ( 3.05174, 0.534321)  ( 3.05562, 0.533755) 
45   ( 3.05727, 0.533595)  ( 3.05946, 0.536649) 
45   ( 3.04787, 0.534886)  ( 3.05174, 0.534321) 
45   ( 3.04189, 0.534364)  ( 3.04787, 0.534886) 
45   ( 3.05174, 0.534321)  ( 3.05558, 0.537214) 
45   ( 3.03591, 0.533841)  ( 3.04189, 0.534364) 
45   ( 3.02803, 0.530292)  ( 3.03591, 0.533841) 
45   ( 3.04189, 0.534364)  ( 3.04501, 0.548818) 
45   ( 3.02015, 0.526743)  ( 3.02803, 0.530292) 
45   ( 3.01061, 0.518957)  ( 3.02015, 0.526743) 
45   ( 3.02803, 0.530292)  ( 3.02446, 0.538221) 
45   ( 3.00107, 0.511171)  ( 3.01061, 0.518957) 
45   ( 2.99036, 0.501509)  ( 3.00107, 0.511171) 
45   ( 3.01061, 0.518957)  ( 2.99733, 0.525158) 
45   ( 2.97964, 0.491847)  ( 2.99036, 0.501509) 
45   ( 2.96831, 0.483767)  ( 2.97964, 0.491847) 
45   ( 2.99036, 0.501509)  ( 2.97821, 0.514977) 
45   ( 2.95697, 0.475687)  ( 2.96831, 0.483767) 
45   ( 2.94563, 0.472091)  ( 2.95697, 0.475687) 
45   ( 2.96831, 0.483767)  ( 2.95729, 0.499257) 
45   ( 2.93429, 0.468495)  ( 2.94563, 0.472091) 
44   ( 2.9239, 0.469375)  ( 2.93429, 0.468495) 
45   ( 2.94563, 0.472091)  ( 2.93909, 0.491391) 
44   ( 2.91351, 0.470254)  ( 2.9239, 0.469375) 
45   ( 2.90513, 0.474652)  ( 2.91351, 0.470254) 
44   ( 2.9239, 0.469375)  ( 2.92586, 0.487983) 
45   ( 2.89674, 0.479051)  ( 2.90513, 0.474652) 
45   ( 2.89143, 0.486012)  ( 2.89674, 0.479051) 
45   ( 2.90513, 0.474652)  ( 2.91371, 0.491003) 
45   ( 2.88611, 0.492973)  ( 2.89143, 0.486012) 
45   ( 2.88469, 0.501482)  ( 2.88611, 0.492973) 
44   ( 2.89143, 0.486012)  ( 2.90648, 0.49751) 
45   ( 2.88326, 0.509991)  ( 2.88469, 0.501482) 
45   ( 2.88569, 0.518829)  ( 2.88326, 0.509991) 
45   ( 2.88469, 0.501482)  ( 2.90344, 0.504624) 
45   ( 2.88812, 0.527666)  ( 2.88569, 0.518829) 
45   ( 2.89416, 0.535563)  ( 2.88812, 0.527666) 
45   ( 2.88569, 0.518829)  ( 2.90364, 0.513898) 
44   ( 2.90021, 0.54346)  ( 2.89416, 0.535563) 
44   ( 2.90965, 0.549149)  ( 2.90021, 0.54346) 
45   ( 2.89416, 0.535563)  ( 2.90904, 0.524241) 
45   ( 2.91909, 0.554838)  ( 2.90965, 0.549149) 
45   ( 2.93135, 0.557633)  ( 2.91909, 0.554838) 
45   ( 2.90965, 0.549149)  ( 2.92004, 0.531802) 
45   ( 2.94361, 0.560428)  ( 2.93135, 0.557633) 
45   ( 2.95706, 0.561505)  ( 2.94361, 0.560428) 
45   ( 2.93135, 0.557633)  ( 2.93861, 0.539052) 
45   ( 2.97051, 0.562581)  ( 2.95706, 0.561505) 
44   ( 2.9833, 0.563486)  ( 2.97051, 0.562581) 
45   ( 2.95706, 0.561505)  ( 2.95754, 0.544229) 
43   ( 2.9961, 0.564391)  ( 2.9833, 0.563486) 
44   ( 3.00649, 0.566571)  ( 2.9961, 0.564391) 
44   ( 2.9833, 0.563486)  ( 2.98403, 0.552553) 
44   ( 3.01689, 0.56875)  ( 3.00649, 0.566571) 
44   ( 3.02428, 0.572491)  ( 3.01689, 0.56875) 
45   ( 3.00649, 0.566571)  ( 3.01119, 0.558049) 
45   ( 3.03166, 0.576232)  ( 3.02428, 0.572491) 
45   ( 3.03615, 0.581085)  ( 3.03166, 0.576232) 
45   ( 3.02428, 0.572491)  ( 3.02422, 0.562388) 
45   ( 3.04063, 0.585937)  ( 3.03615, 0.581085) 
45   ( 3.04234, 0.591439)  ( 3.04063, 0.585937) 
45   ( 3.03615, 0.581085)  ( 3.04466, 0.573218) 
44   ( 3.04405, 0.59694)  ( 3.04234, 0.591439) 
44   ( 3.04305, 0.602632)  ( 3.04405, 0.59694) 
45   ( 3.04234, 0.591439)  ( 3.05031, 0.580742) 
45   ( 3.04206, 0.608324)  ( 3.04305, 0.602632) 
45   ( 3.03821, 0.613764)  ( 3.04206, 0.608324) 
45   ( 3.04305, 0.602632)  ( 3.05284, 0.611683) 
45   ( 3.03436, 0.619204)  ( 3.03821, 0.613764) 
45   ( 3.02747, 0.623953)  ( 3.03436, 0.619204) 
45   ( 3.03821, 0.613764)  ( 3.04766, 0.620449) 
45   ( 3.02058, 0.628703)  ( 3.02747, 0.623953) 
45   ( 3.01048, 0.632336)  ( 3.02058, 0.628703) 
44   ( 3.02747, 0.623953)  ( 3.02949, 0.63363) 
45   ( 3.00039, 0.635969)  ( 3.01048, 0.632336) 
45   ( 2.98779, 0.638731)  ( 3.00039, 0.635969) 
45   ( 3.01048, 0.632336)  ( 3.01652, 0.640032) 
44   ( 2.9752, 0.641492)  ( 2.98779, 0.638731) 
44   ( 2.96208, 0.644565)  ( 2.9752, 0.641492) 
45   ( 2.98779, 0.638731)  ( 2.99016, 0.649551) 
45   ( 2.94896, 0.647638)  ( 2.96208, 0.644565) 
45   ( 2.93736, 0.652274)  ( 2.94896, 0.647638) 
45   ( 2.96208, 0.644565)  ( 2.96471, 0.661695) 
44   ( 2.92575, 0.65691)  ( 2.93736, 0.652274) 
44   ( 2.91742, 0.663979)  ( 2.92575, 0.65691) 
45   ( 2.93736, 0.652274)  ( 2.94824, 0.669235) 
45   ( 2.90908, 0.671049)  ( 2.91742, 0.663979) 
45   ( 2.90439, 0.679735)  ( 2.90908, 0.671049) 
45   ( 2.91742, 0.663979)  ( 2.93045, 0.679378) 
43   ( 2.8997, 0.68842)  ( 2.90439, 0.679735) 
43   ( 2.89864, 0.697443)  ( 2.8997, 0.68842) 
45   ( 2.90439, 0.679735)  ( 2.92088, 0.688618) 
45   ( 2.89759, 0.706465)  ( 2.89864, 0.697443) 
45   ( 2.90018, 0.714544)  ( 2.89759, 0.706465) 
45   ( 2.89864, 0.697443)  ( 2.91725, 0.699612) 
45   ( 2.90277, 0.722623)  ( 2.90018, 0.714544) 
45   ( 2.90881, 0.728597)  ( 2.90277, 0.722623) 
45   ( 2.90018, 0.714544)  ( 2.91847, 0.708679) 
45   ( 2.91485, 0.734571)  ( 2.90881, 0.728597) 
45   ( 2.92338, 0.737738)  ( 2.91485, 0.734571) 
45   ( 2.90881, 0.728597)  ( 2.92232, 0.714948) 
45   ( 2.93191, 0.740905)  ( 2.92338, 0.737738) 
44   ( 2.9418, 0.740673)  ( 2.93191, 0.740905) 
45   ( 2.92338, 0.737738)  ( 2.92989, 0.720183) 
44   ( 2.95169, 0.740442)  ( 2.9418, 0.740673) 
43   ( 2.9618, 0.73622)  ( 2.95169, 0.740442) 
43   ( 2.9418, 0.740673)  ( 2.9414, 0.721928) 
43   ( 2.97192, 0.731998)  ( 2.9618, 0.73622) 
45   ( 2.98138, 0.723779)  ( 2.97192, 0.731998) 
43   ( 2.9618, 0.73622)  ( 2.95398, 0.717569) 
44   ( 2.99083, 0.71556)  ( 2.98138, 0.723779) 
44   ( 2.99961, 0.705324)  ( 2.99083, 0.71556) 
45   ( 2.98138, 0.723779)  ( 2.97097, 0.706644) 
45   ( 3.00839, 0.695089)  ( 2.99961, 0.705324) 
45   ( 3.01665, 0.685236)  ( 3.00839, 0.695089) 
44   ( 2.99961, 0.705324)  ( 2.98577, 0.69493) 
45   ( 3.02491, 0.675384)  ( 3.01665, 0.685236) 
45   ( 3.03279, 0.668187)  ( 3.02491, 0.675384) 
44   ( 3.01665, 0.685236)  ( 3.0082, 0.678184) 
44   ( 3.04067, 0.66099)  ( 3.03279, 0.668187) 
44   ( 3.04805, 0.657152)  ( 3.04067, 0.66099) 
45   ( 3.03279, 0.668187)  ( 3.02875, 0.659294) 
45   ( 3.05543, 0.653313)  ( 3.04805, 0.657152) 
44   ( 3.06201, 0.65248)  ( 3.05543, 0.653313) 
45   ( 3.04805, 0.657152)  ( 3.04005, 0.651129) 
44   ( 3.06859, 0.651648)  ( 3.06201, 0.65248) 
44   ( 3.07407, 0.65345)  ( 3.06859, 0.651648) 
44   ( 3.06201, 0.65248)  ( 3.06056, 0.640993) 
44   ( 3.07955, 0.655252)  ( 3.07407, 0.65345) 
44   ( 3.0836, 0.659362)  ( 3.07955, 0.655252) 
44   ( 3.07407, 0.65345)  ( 3.07036, 0.640631) 
44   ( 3.08765, 0.663473)  ( 3.0836, 0.659362) 
45   ( 3.08983, 0.669742)  ( 3.08765, 0.663473) 
44   ( 3.0836, 0.659362)  ( 3.09673, 0.656948) 
45   ( 3.09202, 0.676012)  ( 3.08983, 0.669742) 
45   ( 3.09186, 0.684337)  ( 3.09202, 0.676012) 
45   ( 3.08983, 0.669742)  ( 3.10077, 0.665939) 
44   ( 3.0917, 0.692661)  ( 3.09186, 0.684337) 
43   ( 3.08876, 0.70293)  ( 3.0917, 0.692661) 
45   ( 3.09186, 0.684337)  ( 3.10083, 0.688755) 
44   ( 3.08582, 0.713199)  ( 3.08876, 0.70293) 
45   ( 3.08068, 0.724987)  ( 3.08582, 0.713199) 
44   ( 3.08876, 0.70293)  ( 3.09852, 0.702578) 
45   ( 3.07554, 0.736776)  ( 3.08068, 0.724987) 
45   ( 3.07029, 0.749196)  ( 3.07554, 0.736776) 
45   ( 3.08068, 0.724987)  ( 3.09077, 0.729408) 
45   ( 3.06504, 0.761616)  ( 3.07029, 0.749196) 
45   ( 3.06191, 0.773742)  ( 3.06504, 0.761616) 
45   ( 3.07029, 0.749196)  ( 3.08575, 0.756977) 
45   ( 3.05878, 0.785867)  ( 3.06191, 0.773742) 
45   ( 3.05952, 0.796798)  ( 3.05878, 0.785867) 
45   ( 3.06191, 0.773742)  ( 3.08191, 0.775349) 
45   ( 3.06026, 0.807729)  ( 3.05952, 0.796798) 
45   ( 3.06447, 0.816678)  ( 3.06026, 0.807729) 
45   ( 3.05952, 0.796798)  ( 3.07969, 0.795467) 
45   ( 3.06868, 0.825627)  ( 3.06447, 0.816678) 
45   ( 3.07532, 0.831843)  ( 3.06868, 0.825627) 
45   ( 3.06447, 0.816678)  ( 3.08142, 0.808665) 
45   ( 3.08197, 0.838058)  ( 3.07532, 0.831843) 
45   ( 3.09001, 0.840787)  ( 3.08197, 0.838058) 
45   ( 3.07532, 0.831843)  ( 3.08812, 0.818168) 
45   ( 3.09805, 0.843517)  ( 3.09001, 0.840787) 
45   ( 3.10644, 0.842222)  ( 3.09805, 0.843517) 
45   ( 3.09001, 0.840787)  ( 3.09618, 0.822603) 
45   ( 3.11482, 0.840927)  ( 3.10644, 0.842222) 
45   ( 3.12243, 0.835953)  ( 3.11482, 0.840927) 
45   ( 3.10644, 0.842222)  ( 3.10351, 0.823238) 
44   ( 3.13003, 0.83098)  ( 3.12243, 0.835953) 
43   ( 3.1357, 0.822897)  ( 3.13003, 0.83098) 
45   ( 3.12243, 0.835953)  ( 3.11217, 0.820276) 
44   ( 3.14138, 0.814815)  ( 3.1357, 0.822897) 
45   ( 3.14398, 0.804195)  ( 3.14138, 0.814815) 
44   ( 3.1357, 0.822897)  ( 3.12039, 0.812111) 
45   ( 3.14658, 0.793575)  ( 3.14398, 0.804195) 
45   ( 3.14555, 0.781119)  ( 3.14658, 0.793575) 
45   ( 3.14398, 0.804195)  ( 3.12438, 0.799419) 
45   ( 3.14452, 0.768663)  ( 3.14555, 0.781119) 
45   ( 3.14142, 0.755545)  ( 3.14452, 0.768663) 
45   ( 3.14555, 0.781119)  ( 3.12553, 0.779012) 
45   ( 3.13832, 0.742428)  ( 3.14142, 0.755545) 
44   ( 3.13518, 0.72993)  ( 3.13832, 0.742428) 
45   ( 3.14142, 0.755545)  ( 3.12491, 0.760797) 
44   ( 3.13205, 0.717431)  ( 3.13518, 0.72993) 
44   ( 3.13081, 0.70678)  ( 3.13205, 0.717431) 
44   ( 3.13518, 0.72993)  ( 3.12446, 0.732633) 
44   ( 3.12957, 0.696128)  ( 3.13081, 0.70678) 
45   ( 3.13076, 0.687854)  ( 3.12957, 0.696128) 
44   ( 3.13081, 0.70678)  ( 3.12123, 0.704812) 
45   ( 3.13195, 0.679579)  ( 3.13076, 0.687854) 
45   ( 3.13511, 0.673718)  ( 3.13195, 0.679579) 
44   ( 3.13076, 0.687854)  ( 3.1212, 0.690422) 
45   ( 3.13827, 0.667856)  ( 3.13511, 0.673718) 
45   ( 3.14292, 0.664433)  ( 3.13827, 0.667856) 
45   ( 3.13511, 0.673718)  ( 3.12492, 0.668224) 
45   ( 3.14758, 0.661011)  ( 3.14292, 0.664433) 
45   ( 3.15327, 0.660098)  ( 3.14758, 0.661011) 
44   ( 3.14292, 0.664433)  ( 3.13045, 0.65974) 
45   ( 3.15896, 0.659186)  ( 3.15327, 0.660098) 
43   ( 3.1653, 0.66105)  ( 3.15896, 0.659186) 
43   ( 3.15327, 0.660098)  ( 3.1592, 0.64812) 
43   ( 3.17165, 0.662913)  ( 3.1653, 0.66105) 
45   ( 3.17829, 0.667868)  ( 3.17165, 0.662913) 
43   ( 3.1653, 0.66105)  ( 3.16857, 0.649933) 
45   ( 3.18493, 0.672823)  ( 3.17829, 0.667868) 
44   ( 3.19151, 0.68117)  ( 3.18493, 0.672823) 
44   ( 3.17829, 0.667868)  ( 3.1874, 0.663465) 
43   ( 3.1981, 0.689517)  ( 3.19151, 0.68117) 
44   ( 3.20461, 0.700575)  ( 3.1981, 0.689517) 
44   ( 3.19151, 0.68117)  ( 3.19696, 0.673075) 
45   ( 3.21112, 0.711632)  ( 3.20461, 0.700575) 
45   ( 3.21807, 0.723192)  ( 3.21112, 0.711632) 
45   ( 3.20461, 0.700575)  ( 3.21407, 0.695044) 
45   ( 3.22502, 0.734751)  ( 3.21807, 0.723192) 
45   ( 3.23296, 0.744473)  ( 3.22502, 0.734751) 
45   ( 3.21807, 0.723192)  ( 3.23337, 0.715122) 
44   ( 3.2409, 0.754194)  ( 3.23296, 0.744473) 
44   ( 3.25016, 0.760101)  ( 3.2409, 0.754194) 
45   ( 3.23296, 0.744473)  ( 3.24629, 0.729588) 
45   ( 3.25942, 0.766008)  ( 3.25016, 0.760101) 
45   ( 3.26914, 0.767937)  ( 3.25942, 0.766008) 
45   ( 3.25016, 0.760101)  ( 3.26111, 0.743045) 
45   ( 3.27886, 0.769865)  ( 3.26914, 0.767937) 
45   ( 3.28782, 0.768211)  ( 3.27886, 0.769865) 
45   ( 3.26914, 0.767937)  ( 3.27274, 0.749521) 
45   ( 3.29678, 0.766556)  ( 3.28782, 0.768211) 
45   ( 3.30376, 0.761713)  ( 3.29678, 0.766556) 
45   ( 3.28782, 0.768211)  ( 3.28442, 0.749804) 
44   ( 3.31075, 0.75687)  ( 3.30376, 0.761713) 
43   ( 3.3147, 0.749368)  ( 3.31075, 0.75687) 
45   ( 3.30376, 0.761713)  ( 3.29283, 0.745936) 
44   ( 3.31864, 0.741865)  ( 3.3147, 0.749368) 
45   ( 3.31916, 0.732808)  ( 3.31864, 0.741865) 
44   ( 3.3147, 0.749368)  ( 3.29769, 0.740421) 
45   ( 3.31967, 0.723751)  ( 3.31916, 0.732808) 
45   ( 3.31654, 0.714402)  ( 3.31967, 0.723751) 
45   ( 3.31916, 0.732808)  ( 3.30044, 0.731744) 
45   ( 3.31341, 0.705053)  ( 3.31654, 0.714402) 
45   ( 3.30643, 0.696674)  ( 3.31341, 0.705053) 
45   ( 3.31654, 0.714402)  ( 3.29879, 0.720326) 
45   ( 3.29945, 0.688295)  ( 3.30643, 0.696674) 
45   ( 3.28882, 0.681773)  ( 3.29945, 0.688295) 
45   ( 3.30643, 0.696674)  ( 3.29098, 0.709576) 
45   ( 3.27819, 0.675251)  ( 3.28882, 0.681773) 
45   ( 3.26577, 0.670033)  ( 3.27819, 0.675251) 
45   ( 3.28882, 0.681773)  ( 3.27494, 0.696495) 
45   ( 3.25335, 0.664815)  ( 3.26577, 0.670033) 
45   ( 3.24136, 0.660006)  ( 3.25335, 0.664815) 
45   ( 3.26577, 0.670033)  ( 3.26048, 0.686565) 
45   ( 3.22938, 0.655197)  ( 3.24136, 0.660006) 
45   ( 3.21997, 0.649953)  ( 3.22938, 0.655197) 
45   ( 3.24136, 0.660006)  ( 3.23722, 0.670346) 
45   ( 3.21056, 0.644708)  ( 3.21997, 0.649953) 
43   ( 3.2045, 0.63889)  ( 3.21056, 0.644708) 
45   ( 3.21997, 0.649953)  ( 3.21273, 0.656544) 
43   ( 3.19844, 0.633072)  ( 3.2045, 0.63889) 
45   ( 3.19549, 0.627069)  ( 3.19844, 0.633072) 
43   ( 3.2045, 0.63889)  ( 3.20067, 0.647915) 
45   ( 3.19255, 0.621066)  ( 3.19549, 0.627069) 
45   ( 3.19247, 0.615281)  ( 3.19255, 0.621066) 
44   ( 3.19549, 0.627069)  ( 3.1851, 0.632166) 
45   ( 3.19238, 0.609495)  ( 3.19247, 0.615281) 
45   ( 3.19493, 0.604339)  ( 3.19238, 0.609495) 
45   ( 3.19247, 0.615281)  ( 3.18124, 0.622448) 
45   ( 3.19749, 0.599182)  ( 3.19493, 0.604339) 
45   ( 3.20267, 0.595118)  ( 3.19749, 0.599182) 
45   ( 3.19493, 0.604339)  ( 3.17174, 0.606689) 
45   ( 3.20786, 0.591054)  ( 3.20267, 0.595118) 
45   ( 3.21572, 0.588559)  ( 3.20786, 0.591054) 
45   ( 3.20267, 0.595118)  ( 3.19427, 0.569176) 
45   ( 3.22358, 0.586063)  ( 3.21572, 0.588559) 
45   ( 3.23415, 0.585601)  ( 3.22358, 0.586063) 
45   ( 3.21572, 0.588559)  ( 3.21192, 0.565998) 
45   ( 3.24472, 0.585138)  ( 3.23415, 0.585601) 
45   ( 3.25746, 0.586356)  ( 3.24472, 0.585138) 
45   ( 3.23415, 0.585601)  ( 3.23334, 0.563153) 
44   ( 3.2702, 0.587575)  ( 3.25746, 0.586356) 
44   ( 3.28363, 0.588782)  ( 3.2702, 0.587575) 
43   ( 3.25746, 0.586356)  ( 3.2602, 0.55773) 
45   ( 3.29706, 0.589989)  ( 3.28363, 0.588782) 
44   ( 3.3096, 0.589368)  ( 3.29706, 0.589989) 
45   ( 3.28363, 0.588782)  ( 3.29787, 0.565098) 
44   ( 3.32214, 0.588747)  ( 3.3096, 0.589368) 
45   ( 3.33238, 0.584858)  ( 3.32214, 0.588747) 
44   ( 3.3096, 0.589368)  ( 3.31139, 0.566302) 
45   ( 3.34262, 0.580969)  ( 3.33238, 0.584858) 
45   ( 3.34991, 0.574356)  ( 3.34262, 0.580969) 
45   ( 3.33238, 0.584858)  ( 3.32513, 0.565741) 
45   ( 3.35721, 0.567743)  ( 3.34991, 0.574356) 
43   ( 3.36118, 0.5596)  ( 3.35721, 0.567743) 
45   ( 3.34991, 0.574356)  ( 3.33715, 0.560425) 
43   ( 3.36516, 0.551458)  ( 3.36118, 0.5596) 
44   ( 3.36545, 0.54298)  ( 3.36516, 0.551458) 
42   ( 3.36118, 0.5596)  ( 3.34438, 0.55139) 
44   ( 3.36573, 0.534501)  ( 3.36545, 0.54298) 
45   ( 3.36212, 0.526847)  ( 3.36573, 0.534501) 
43   ( 3.36545, 0.54298)  ( 3.3464, 0.542338) 
45   ( 3.35851, 0.519193)  ( 3.36212, 0.526847) 
44   ( 3.3516, 0.513363)  ( 3.35851, 0.519193) 
45   ( 3.36212, 0.526847)  ( 3.34491, 0.534968) 
44   ( 3.34468, 0.507532)  ( 3.3516, 0.513363) 
45   ( 3.33527, 0.504478)  ( 3.34468, 0.507532) 
44   ( 3.3516, 0.513363)  ( 3.33964, 0.527549) 
45   ( 3.32587, 0.501424)  ( 3.33527, 0.504478) 
42   ( 3.3148, 0.5021)  ( 3.32587, 0.501424) 
45   ( 3.33527, 0.504478)  ( 3.32955, 0.522055) 
42   ( 3.30372, 0.502776)  ( 3.3148, 0.5021) 
45   ( 3.29178, 0.507691)  ( 3.30372, 0.502776) 
42   ( 3.3148, 0.5021)  ( 3.31585, 0.522018) 
45   ( 3.27983, 0.512607)  ( 3.29178, 0.507691) 
45   ( 3.26769, 0.519607)  ( 3.27983, 0.512607) 
42   ( 3.28692, 0.55162)  ( 3.275, 0.550096) 
45   ( 3.29178, 0.507691)  ( 3.30285, 0.527541) 
45   ( 3.25555, 0.526607)  ( 3.26769, 0.519607) 
45   ( 3.24384, 0.532544)  ( 3.25555, 0.526607) 
43   ( 3.2602, 0.55773)  ( 3.24996, 0.555947) 
41   ( 3.275, 0.550096)  ( 3.2602, 0.55773) 
43   ( 3.26769, 0.519607)  ( 3.275, 0.550096) 
45   ( 3.23213, 0.538481)  ( 3.24384, 0.532544) 
45   ( 3.22147, 0.540499)  ( 3.23213, 0.538481) 
44   ( 3.23334, 0.563153)  ( 3.22293, 0.56264) 
45   ( 3.24996, 0.555947)  ( 3.23334, 0.563153) 
45   ( 3.24384, 0.532544)  ( 3.24996, 0.555947) 
45   ( 3.21082, 0.542517)  ( 3.22147, 0.540499) 
45   ( 3.20164, 0.540784)  ( 3.21082, 0.542517) 
45   ( 3.21192, 0.565998)  ( 3.20016, 0.565053) 
44   ( 3.22293, 0.56264)  ( 3.21192, 0.565998) 
44   ( 3.22147, 0.540499)  ( 3.22293, 0.56264) 
45   ( 3.19246, 0.539051)  ( 3.20164, 0.540784) 
45   ( 3.18509, 0.535524)  ( 3.19246, 0.539051) 
45   ( 3.19427, 0.569176)  ( 3.17264, 0.570984) 
45   ( 3.20016, 0.565053)  ( 3.19427, 0.569176) 
45   ( 3.20164, 0.540784)  ( 3.20016, 0.565053) 
45   ( 3.17772, 0.531996)  ( 3.18509, 0.535524) 
45   ( 3.17248, 0.528598)  ( 3.17772, 0.531996) 
45   ( 3.18509, 0.535524)  ( 3.16612, 0.544918) 
43   ( 3.16723, 0.5252)  ( 3.17248, 0.528598) 
43   ( 3.16405, 0.522178)  ( 3.16723, 0.5252) 
44   ( 3.17248, 0.528598)  ( 3.15875, 0.54139) 
45   ( 3.16087, 0.519155)  ( 3.16405, 0.522178) 
45   ( 3.15927, 0.514781)  ( 3.16087, 0.519155) 
45   ( 3.16405, 0.522178)  ( 3.15785, 0.523608) 
45   ( 3.15766, 0.510407)  ( 3.15927, 0.514781) 
45   ( 3.15711, 0.502843)  ( 3.15766, 0.510407) 
45   ( 3.15927, 0.514781)  ( 3.15379, 0.516792) 
45   ( 3.15656, 0.495279)  ( 3.15711, 0.502843) 
45   ( 3.15648, 0.483281)  ( 3.15656, 0.495279) 
44   ( 3.15711, 0.502843)  ( 3.1435, 0.501735) 
45   ( 3.15641, 0.471284)  ( 3.15648, 0.483281) 
45   ( 3.15598, 0.456372)  ( 3.15641, 0.471284) 
45   ( 3.15648, 0.483281)  ( 3.14731, 0.480895) 
45   ( 3.15556, 0.441461)  ( 3.15598, 0.456372) 
45   ( 3.15387, 0.425945)  ( 3.15556, 0.441461) 
45   ( 3.15598, 0.456372)  ( 3.15045, 0.456531) 
44   ( 3.15218, 0.41043)  ( 3.15387, 0.425945) 
44   ( 3.14905, 0.395985)  ( 3.15218, 0.41043) 
44   ( 3.14592, 0.38154)  ( 3.14905, 0.395985) 
44   ( 3.14225, 0.368905)  ( 3.14592, 0.38154) 
45   ( 3.14905, 0.395985)  ( 3.14276, 0.397345) 
45   ( 3.13858, 0.356269)  ( 3.14225, 0.368905) 
43   ( 3.13533, 0.3461)  ( 3.13858, 0.356269) 
43   ( 3.13208, 0.335931)  ( 3.13533, 0.3461) 
45   ( 3.12983, 0.328445)  ( 3.13208, 0.335931) 
44   ( 3.12758, 0.32096)  ( 3.12983, 0.328445) 
44   ( 3.12629, 0.315698)  ( 3.12758, 0.32096) 
45   ( 3.12983, 0.328445)  ( 3.12253, 0.325864) 
43   ( 3.125, 0.310436)  ( 3.12629, 0.315698) 
43   ( 3.12458, 0.306881)  ( 3.125, 0.310436) 
45   ( 3.12629, 0.315698)  ( 3.12093, 0.318101) 
45   ( 3.12416, 0.303326)  ( 3.12458, 0.306881) 
45   ( 3.12454, 0.300961)  ( 3.12416, 0.303326) 
45   ( 3.12458, 0.306881)  ( 3.11935, 0.312989) 
45   ( 3.12491, 0.298595)  ( 3.12454, 0.300961) 
45   ( 3.12598, 0.296902)  ( 3.12491, 0.298595) 
43   ( 3.12454, 0.300961)  ( 3.114, 0.296479) 
45   ( 3.12705, 0.295208)  ( 3.12598, 0.296902) 
44   ( 3.12874, 0.29367)  ( 3.12705, 0.295208) 
45   ( 3.12598, 0.296902)  ( 3.11586, 0.292044) 
44   ( 3.13043, 0.292132)  ( 3.12874, 0.29367) 
45   ( 3.13268, 0.290334)  ( 3.13043, 0.292132) 
44   ( 3.12874, 0.29367)  ( 3.11672, 0.291259) 
45   ( 3.13494, 0.288536)  ( 3.13268, 0.290334) 
45   ( 3.13783, 0.286319)  ( 3.13494, 0.288536) 
45   ( 3.13268, 0.290334)  ( 3.12812, 0.279393) 
45   ( 3.14073, 0.284103)  ( 3.13783, 0.286319) 
44   ( 3.14435, 0.28135)  ( 3.14073, 0.284103) 
45   ( 3.13783, 0.286319)  ( 3.13166, 0.276812) 
44   ( 3.14798, 0.278598)  ( 3.14435, 0.28135) 
45   ( 3.15242, 0.275192)  ( 3.14798, 0.278598) 
41   ( 3.14435, 0.28135)  ( 3.136, 0.27334) 
45   ( 3.15686, 0.271786)  ( 3.15242, 0.275192) 
44   ( 3.1622, 0.267609)  ( 3.15686, 0.271786) 
45   ( 3.15242, 0.275192)  ( 3.14881, 0.264316) 
44   ( 3.16754, 0.263432)  ( 3.1622, 0.267609) 
45   ( 3.17387, 0.258366)  ( 3.16754, 0.263432) 
44   ( 3.1622, 0.267609)  ( 3.15629, 0.259802) 
45   ( 3.18021, 0.253301)  ( 3.17387, 0.258366) 
45   ( 3.18762, 0.247229)  ( 3.18021, 0.253301) 
45   ( 3.17387, 0.258366)  ( 3.17156, 0.250485) 
45   ( 3.19503, 0.241157)  ( 3.18762, 0.247229) 
44   ( 3.2036, 0.233961)  ( 3.19503, 0.241157) 
44   ( 3.18762, 0.247229)  ( 3.18453, 0.24347) 
44   ( 3.21218, 0.226765)  ( 3.2036, 0.233961) 
43   ( 3.222, 0.218328)  ( 3.21218, 0.226765) 
42   ( 3.23183, 0.20989)  ( 3.222, 0.218328) 
42   ( 3.243, 0.200094)  ( 3.23183, 0.20989) 
42   ( 3.222, 0.218328)  ( 3.21627, 0.21153) 
43   ( 3.25417, 0.190297)  ( 3.243, 0.200094) 
45   ( 3.26677, 0.179024)  ( 3.25417, 0.190297) 
45   ( 3.27936, 0.167751)  ( 3.26677, 0.179024) 
45   ( 3.29347, 0.154883)  ( 3.27936, 0.167751) 
45   ( 3.26677, 0.179024)  ( 3.26105, 0.172631) 
45   ( 3.30758, 0.142016)  ( 3.29347, 0.154883) 
44   ( 3.3233, 0.127436)  ( 3.30758, 0.142016) 
44   ( 3.33901, 0.112856)  ( 3.3233, 0.127436) 
45   ( 3.34527, 0.106958)  ( 3.33901, 0.112856) 
44   ( 3.3233, 0.127436)  ( 3.32002, 0.123904) 
44   ( 3.35152, 0.10106)  ( 3.34527, 0.106958) 
44   ( 3.35623, 0.103986)  ( 3.35152, 0.10106) 
45   ( 3.34527, 0.106958)  ( 3.34301, 0.104561) 
45   ( 3.36093, 0.106912)  ( 3.35623, 0.103986) 
45   ( 3.37784, 0.115435)  ( 3.36093, 0.106912) 
46   ( 3.35623, 0.103986)  ( 3.35852, 0.0794565) 
45   ( 3.39475, 0.123957)  ( 3.37784, 0.115435) 
45   ( 3.41188, 0.130737)  ( 3.39475, 0.123957) 
45   ( 3.37784, 0.115435)  ( 3.39456, 0.105214) 
43   ( 3.429, 0.137517)  ( 3.41188, 0.130737) 
42   ( 3.44608, 0.14259)  ( 3.429, 0.137517) 
44   ( 3.46315, 0.147662)  ( 3.44608, 0.14259) 
45   ( 3.47993, 0.151136)  ( 3.46315, 0.147662) 
43   ( 3.44608, 0.14259)  ( 3.44274, 0.12419) 
44   ( 3.4967, 0.154611)  ( 3.47993, 0.151136) 
44   ( 3.51302, 0.156655)  ( 3.4967, 0.154611) 
45   ( 3.47993, 0.151136)  ( 3.48032, 0.149233) 
45   ( 3.52933, 0.158698)  ( 3.51302, 0.156655) 
45   ( 3.54507, 0.159506)  ( 3.52933, 0.158698) 
44   ( 3.51302, 0.156655)  ( 3.5086, 0.146216) 
45   ( 3.56081, 0.160314)  ( 3.54507, 0.159506) 
45   ( 3.57595, 0.160085)  ( 3.56081, 0.160314) 
45   ( 3.59108, 0.159857)  ( 3.57595, 0.160085) 
44   ( 3.60562, 0.15878)  ( 3.59108, 0.159857) 
45   ( 3.57595, 0.160085)  ( 3.58116, 0.150551) 
44   ( 3.62016, 0.157703)  ( 3.60562, 0.15878) 
45   ( 3.63416, 0.155954)  ( 3.62016, 0.157703) 
43   ( 3.60562, 0.15878)  ( 3.6011, 0.151535) 
45   ( 3.64816, 0.154205)  ( 3.63416, 0.155954) 
45   ( 3.66169, 0.151981)  ( 3.64816, 0.154205) 
45   ( 3.67522, 0.149757)  ( 3.66169, 0.151981) 
45   ( 3.68837, 0.147244)  ( 3.67522, 0.149757) 
45   ( 3.66169, 0.151981)  ( 3.66094, 0.147409) 
45   ( 3.70151, 0.144732)  ( 3.68837, 0.147244) 
45   ( 3.71437, 0.142098)  ( 3.70151, 0.144732) 
45   ( 3.68837, 0.147244)  ( 3.68502, 0.139906) 
45   ( 3.72722, 0.139464)  ( 3.71437, 0.142098) 
45   ( 3.73988, 0.136859)  ( 3.72722, 0.139464) 
44   ( 3.71437, 0.142098)  ( 3.7211, 0.137457) 
45   ( 3.75253, 0.134254)  ( 3.73988, 0.136859) 
45   ( 3.76506, 0.131818)  ( 3.75253, 0.134254) 
45   ( 3.73988, 0.136859)  ( 3.73369, 0.136931) 
45   ( 3.77759, 0.129382)  ( 3.76506, 0.131818) 
45   ( 3.79008, 0.127245)  ( 3.77759, 0.129382) 
45   ( 3.76506, 0.131818)  ( 3.76379, 0.126041) 
45   ( 3.80256, 0.125109)  ( 3.79008, 0.127245) 
43   ( 3.8152, 0.12338)  ( 3.80256, 0.125109) 
45   ( 3.79008, 0.127245)  ( 3.78797, 0.116326) 
43   ( 3.82784, 0.121652)  ( 3.8152, 0.12338) 
45   ( 3.84088, 0.120401)  ( 3.82784, 0.121652) 
43   ( 3.8152, 0.12338)  ( 3.81328, 0.109505) 
44   ( 3.85391, 0.11915)  ( 3.84088, 0.120401) 
43   ( 3.86744, 0.11928)  ( 3.85391, 0.11915) 
45   ( 3.84088, 0.120401)  ( 3.83949, 0.105907) 
44   ( 3.88096, 0.119411)  ( 3.86744, 0.11928) 
45   ( 3.89521, 0.124254)  ( 3.88096, 0.119411) 
44   ( 3.86744, 0.11928)  ( 3.86828, 0.102504) 
45   ( 3.90946, 0.129097)  ( 3.89521, 0.124254) 
45   ( 3.92446, 0.138082)  ( 3.90946, 0.129097) 
45   ( 3.89521, 0.124254)  ( 3.89597, 0.107464) 
45   ( 3.93947, 0.147067)  ( 3.92446, 0.138082) 
45   ( 3.95518, 0.158334)  ( 3.93947, 0.147067) 
45   ( 3.92446, 0.138082)  ( 3.94615, 0.113792) 
45   ( 3.97089, 0.169601)  ( 3.95518, 0.158334) 
45   ( 3.98727, 0.181288)  ( 3.97089, 0.169601) 
45   ( 3.95518, 0.158334)  ( 3.97385, 0.146428) 
45   ( 4.00364, 0.192975)  ( 3.98727, 0.181288) 
45   ( 4.02065, 0.203222)  ( 4.00364, 0.192975) 
45   ( 3.98727, 0.181288)  ( 3.99642, 0.168456) 
45   ( 4.03765, 0.213469)  ( 4.02065, 0.203222) 
45   ( 4.05525, 0.220485)  ( 4.03765, 0.213469) 
45   ( 4.02065, 0.203222)  ( 4.02294, 0.179629) 
45   ( 4.07284, 0.227501)  ( 4.05525, 0.220485) 
45   ( 4.08877, 0.231964)  ( 4.07284, 0.227501) 
45   ( 4.05525, 0.220485)  ( 4.06731, 0.215137) 
45   ( 4.10469, 0.236428)  ( 4.08877, 0.231964) 
45   ( 4.11606, 0.243531)  ( 4.10469, 0.236428) 
45   ( 4.08877, 0.231964)  ( 4.08896, 0.231294) 
45   ( 4.12742, 0.250633)  ( 4.11606, 0.243531) 
45   ( 4.13119, 0.233464)  ( 4.12742, 0.250633) 
45   ( 4.11606, 0.243531)  ( 4.12342, 0.231753) 
45   ( 4.13497, 0.216294)  ( 4.13119, 0.233464) 
43   ( 4.1413, 0.20209)  ( 4.13497, 0.216294) 
44   ( 4.12342, 0.231753)  ( 4.11602, 0.22063) 
45   ( 4.13119, 0.233464)  ( 4.12342, 0.231753) 
43   ( 4.14764, 0.187887)  ( 4.1413, 0.20209) 
45   ( 4.15652, 0.176628)  ( 4.14764, 0.187887) 
42   ( 4.1413, 0.20209)  ( 4.1223, 0.202346) 
45   ( 4.16541, 0.165368)  ( 4.15652, 0.176628) 
45   ( 4.17686, 0.157054)  ( 4.16541, 0.165368) 
45   ( 4.15652, 0.176628)  ( 4.12594, 0.152483) 
44   ( 4.1883, 0.148739)  ( 4.17686, 0.157054) 
44   ( 4.20199, 0.143489)  ( 4.1883, 0.148739) 
45   ( 4.17686, 0.157054)  ( 4.14465, 0.134014) 
45   ( 4.21568, 0.138238)  ( 4.20199, 0.143489) 
45   ( 4.22975, 0.136767)  ( 4.21568, 0.138238) 
45   ( 4.20199, 0.143489)  ( 4.19583, 0.109385) 
45   ( 4.24382, 0.135296)  ( 4.22975, 0.136767) 
45   ( 4.25796, 0.137724)  ( 4.24382, 0.135296) 
45   ( 4.22975, 0.136767)  ( 4.22524, 0.102425) 
44   ( 4.2721, 0.140152)  ( 4.25796, 0.137724) 
44   ( 4.28631, 0.146479)  ( 4.2721, 0.140152) 
45   ( 4.25796, 0.137724)  ( 4.27743, 0.129514) 
45   ( 4.30051, 0.152806)  ( 4.28631, 0.146479) 
44   ( 4.3148, 0.163046)  ( 4.30051, 0.152806) 
45   ( 4.28631, 0.146479)  ( 4.29216, 0.133335) 
44   ( 4.32909, 0.173285)  ( 4.3148, 0.163046) 
45   ( 4.34535, 0.158618)  ( 4.32909, 0.173285) 
44   ( 4.3148, 0.163046)  ( 4.32007, 0.148508) 
44   ( 4.36161, 0.14395)  ( 4.34535, 0.158618) 
44   ( 4.38614, 0.128851)  ( 4.36161, 0.14395) 
45   ( 4.34535, 0.158618)  ( 4.33223, 0.144078) 
45   ( 4.41068, 0.113751)  ( 4.38614, 0.128851) 
46   ( 4.43641, 0.0973387)  ( 4.41068, 0.113751) 
45   ( 4.38614, 0.128851)  ( 4.38774, 0.102718) 
47   ( 4.46214, 0.0809263)  ( 4.43641, 0.0973387) 
47   ( 4.48914, 0.0635243)  ( 4.46214, 0.0809263) 
47   ( 4.43641, 0.0973387)  ( 4.43092, 0.0887622) 
47   ( 4.51614, 0.0461222)  ( 4.48914, 0.0635243) 
47   ( 4.54449, 0.0280538)  ( 4.51614, 0.0461222) 
47   ( 4.48914, 0.0635243)  ( 4.48348, 0.0398046) 
48   ( 4.57283, 0.00998544)  ( 4.54449, 0.0280538) 
49   ( 4.57607, 0.00666177)  ( 4.57283, 0.00998544) 
47   ( 4.54449, 0.0280538)  ( 4.53687, 0.0161048) 
48   ( 4.5793, 0.00333809)  ( 4.57607, 0.00666177) 
49   ( 4.58166, -0.00200473)  ( 4.5793, 0.00333809) 
49   ( 4.57607, 0.00666177)  ( 4.57843, 0.00131895) 
51   ( 4.58403, -0.00734755)  ( 4.58166, -0.00200473) 
50   ( 4.58553, -0.0147162)  ( 4.58403, -0.00734755) 
50   ( 4.57843, 0.00131895)  ( 4.54442, -0.00433237) 
50   ( 4.58166, -0.00200473)  ( 4.57843, 0.00131895) 
49   ( 4.58703, -0.0220849)  ( 4.58553, -0.0147162) 
49   ( 4.58767, -0.0314794)  ( 4.58703, -0.0220849) 
48   ( 4.58553, -0.0147162)  ( 4.54592, -0.011701) 
49   ( 4.58831, -0.0408739)  ( 4.58767, -0.0314794) 
49   ( 4.58809, -0.0522942)  ( 4.58831, -0.0408739) 
48   ( 4.58767, -0.0314794)  ( 4.57875, -0.042444) 
49   ( 4.58786, -0.0637146)  ( 4.58809, -0.0522942) 
49   ( 4.58689, -0.0750954)  ( 4.58786, -0.0637146) 
49   ( 4.58809, -0.0522942)  ( 4.57975, -0.0521329) 
49   ( 4.58592, -0.0864763)  ( 4.58689, -0.0750954) 
48   ( 4.5843, -0.0957525)  ( 4.58592, -0.0864763) 
49   ( 4.58689, -0.0750954)  ( 4.57859, -0.0743848) 
47   ( 4.58268, -0.105029)  ( 4.5843, -0.0957525) 
45   ( 4.58042, -0.1122)  ( 4.58268, -0.105029) 
48   ( 4.5843, -0.0957525)  ( 4.57658, -0.0839159) 
45   ( 4.57815, -0.119371)  ( 4.58042, -0.1122) 
47   ( 4.57525, -0.124438)  ( 4.57815, -0.119371) 
45   ( 4.58042, -0.1122)  ( 4.54072, -0.111059) 
47   ( 4.57234, -0.129505)  ( 4.57525, -0.124438) 
47   ( 4.56878, -0.132472)  ( 4.57234, -0.129505) 
47   ( 4.57525, -0.124438)  ( 4.57168, -0.127405) 
46   ( 4.56521, -0.13544)  ( 4.56878, -0.132472) 
46   ( 4.53513, -0.150446)  ( 4.56521, -0.13544) 
47   ( 4.57168, -0.127405)  ( 4.53845, -0.118231) 
47   ( 4.56878, -0.132472)  ( 4.57168, -0.127405) 
47   ( 4.50505, -0.165453)  ( 4.53513, -0.150446) 
47   ( 4.47638, -0.179937)  ( 4.50505, -0.165453) 
47   ( 4.53513, -0.150446)  ( 4.52881, -0.137766) 
47   ( 4.44771, -0.194421)  ( 4.47638, -0.179937) 
46   ( 4.4204, -0.208054)  ( 4.44771, -0.194421) 
47   ( 4.47638, -0.179937)  ( 4.47323, -0.155755) 
45   ( 4.3931, -0.221687)  ( 4.4204, -0.208054) 
46   ( 4.36712, -0.234139)  ( 4.3931, -0.221687) 
46   ( 4.4204, -0.208054)  ( 4.41584, -0.198951) 
47   ( 4.34114, -0.246591)  ( 4.36712, -0.234139) 
47   ( 4.32344, -0.259479)  ( 4.34114, -0.246591) 
47   ( 4.36712, -0.234139)  ( 4.37144, -0.208317) 
47   ( 4.30574, -0.272367)  ( 4.32344, -0.259479) 
46   ( 4.29259, -0.26069)  ( 4.30574, -0.272367) 
47   ( 4.32344, -0.259479)  ( 4.31191, -0.243648) 
46   ( 4.27945, -0.249012)  ( 4.29259, -0.26069) 
47   ( 4.26599, -0.241235)  ( 4.27945, -0.249012) 
46   ( 4.29259, -0.26069)  ( 4.29935, -0.246782) 
47   ( 4.25252, -0.233458)  ( 4.26599, -0.241235) 
47   ( 4.23871, -0.229565)  ( 4.25252, -0.233458) 
47   ( 4.26599, -0.241235)  ( 4.27318, -0.228775) 
47   ( 4.22491, -0.225673)  ( 4.23871, -0.229565) 
47   ( 4.21076, -0.225665)  ( 4.22491, -0.225673) 
47   ( 4.23871, -0.229565)  ( 4.25894, -0.223435) 
47   ( 4.19661, -0.225657)  ( 4.21076, -0.225665) 
47   ( 4.18245, -0.229448)  ( 4.19661, -0.225657) 
47   ( 4.21076, -0.225665)  ( 4.20981, -0.191047) 
47   ( 4.16828, -0.233239)  ( 4.18245, -0.229448) 
47   ( 4.15603, -0.240312)  ( 4.16828, -0.233239) 
47   ( 4.18245, -0.229448)  ( 4.17993, -0.194878) 
47   ( 4.14378, -0.247384)  ( 4.15603, -0.240312) 
47   ( 4.13376, -0.257653)  ( 4.14378, -0.247384) 
47   ( 4.15603, -0.240312)  ( 4.12641, -0.214031) 
47   ( 4.12375, -0.267921)  ( 4.13376, -0.257653) 
47   ( 4.11597, -0.281385)  ( 4.12375, -0.267921) 
47   ( 4.13376, -0.257653)  ( 4.10587, -0.230443) 
47   ( 4.10818, -0.294849)  ( 4.11597, -0.281385) 
46   ( 4.10263, -0.31153)  ( 4.10818, -0.294849) 
47   ( 4.08889, -0.297181)  ( 4.09508, -0.309016) 
47   ( 4.11597, -0.281385)  ( 4.09704, -0.279653) 
45   ( 4.09708, -0.32821)  ( 4.10263, -0.31153) 
46   ( 4.08652, -0.319959)  ( 4.09708, -0.32821) 
47   ( 4.09508, -0.309016)  ( 4.08652, -0.319959) 
46   ( 4.10263, -0.31153)  ( 4.09508, -0.309016) 
45   ( 3.44757, -1.58014)  ( 3.45999, -1.58873) 
44   ( 3.4194, -1.55113)  ( 3.40574, -1.56254) 
44   ( 3.42739, -1.54792)  ( 3.4194, -1.55113) 
45   ( 3.43718, -1.54766)  ( 3.42739, -1.54792) 
45   ( 3.44757, -1.58014)  ( 3.44551, -1.55461) 
43   ( 3.43194, -1.584)  ( 3.44757, -1.58014) 
43   ( 3.42167, -1.58033)  ( 3.43194, -1.584) 
45   ( 3.40678, -1.57116)  ( 3.42167, -1.58033) 
45   ( 3.38105, -1.55787)  ( 3.36571, -1.56805) 
44   ( 3.3912, -1.55681)  ( 3.38105, -1.55787) 
44   ( 3.40574, -1.56254)  ( 3.3912, -1.55681) 
45   ( 3.40678, -1.57116)  ( 3.40574, -1.56254) 
45   ( 3.39674, -1.58157)  ( 3.40678, -1.57116) 
45   ( 3.38199, -1.58467)  ( 3.39674, -1.58157) 
45   ( 3.36697, -1.57844)  ( 3.38199, -1.58467) 
45   ( 3.34743, -1.55694)  ( 3.32471, -1.56419) 
45   ( 3.36571, -1.56805)  ( 3.34743, -1.55694) 
45   ( 3.36697, -1.57844)  ( 3.36571, -1.56805) 
44   ( 3.3506, -1.59282)  ( 3.36697, -1.57844) 
44   ( 3.33224, -1.59373)  ( 3.3506, -1.59282) 
45   ( 3.29217, -1.55763)  ( 3.28364, -1.56251) 
45   ( 3.31562, -1.55817)  ( 3.29217, -1.55763) 
45   ( 3.32471, -1.56419)  ( 3.31562, -1.55817) 
45   ( 3.33224, -1.59373)  ( 3.32471, -1.56419) 
45   ( 3.32592, -1.59713)  ( 3.33224, -1.59373) 
45   ( 3.30179, -1.60651)  ( 3.32592, -1.59713) 
45   ( 3.28867, -1.60405)  ( 3.30179, -1.60651) 
45   ( 3.27773, -1.60931)  ( 3.28867, -1.60405) 
45   ( 3.27043, -1.61018)  ( 3.27773, -1.60931) 
45   ( 3.25438, -1.60644)  ( 3.27043, -1.61018) 
44   ( 3.2463, -1.59874)  ( 3.25438, -1.60644) 
44   ( 3.24282, -1.59061)  ( 3.2463, -1.59874) 
45   ( 3.24266, -1.58245)  ( 3.24282, -1.59061) 
45   ( 3.24653, -1.57277)  ( 3.24266, -1.58245) 
43   ( 3.25599, -1.564)  ( 3.24653, -1.57277) 
43   ( 3.26993, -1.55988)  ( 3.25599, -1.564) 
45   ( 3.28364, -1.56251)  ( 3.26993, -1.55988) 
45   ( 3.28867, -1.60405)  ( 3.28364, -1.56251) 
44   ( 3.46166, -1.5963)  ( 3.46208, -1.60578) 
44   ( 3.45999, -1.58873)  ( 3.46166, -1.5963) 
45   ( 3.48666, -1.56937)  ( 3.45999, -1.58873) 
45   ( 3.49149, -1.61582)  ( 3.50531, -1.61099) 
45   ( 3.45272, -1.63236)  ( 3.45608, -1.63923) 
45   ( 3.45738, -1.61423)  ( 3.45272, -1.63236) 
45   ( 3.46208, -1.60578)  ( 3.45738, -1.61423) 
45   ( 3.49149, -1.61582)  ( 3.46208, -1.60578) 
44   ( 3.4857, -1.62998)  ( 3.49149, -1.61582) 
44   ( 3.47587, -1.63708)  ( 3.4857, -1.62998) 
45   ( 3.46132, -1.64214)  ( 3.47587, -1.63708) 
45   ( 3.43772, -1.65368)  ( 3.43666, -1.67273) 
45   ( 3.45608, -1.63923)  ( 3.43772, -1.65368) 
45   ( 3.46132, -1.64214)  ( 3.45608, -1.63923) 
45   ( 3.46375, -1.65624)  ( 3.46132, -1.64214) 
45   ( 3.45697, -1.67223)  ( 3.46375, -1.65624) 
45   ( 3.44581, -1.67782)  ( 3.45697, -1.67223) 
44   ( 3.40867, -1.6923)  ( 3.40879, -1.70154) 
44   ( 3.42493, -1.67499)  ( 3.40867, -1.6923) 
45   ( 3.43666, -1.67273)  ( 3.42493, -1.67499) 
45   ( 3.44581, -1.67782)  ( 3.43666, -1.67273) 
45   ( 3.44776, -1.70068)  ( 3.44581, -1.67782) 
44   ( 3.4339, -1.71549)  ( 3.44776, -1.70068) 
44   ( 3.39047, -1.71635)  ( 3.38559, -1.7329) 
45   ( 3.40879, -1.70154)  ( 3.39047, -1.71635) 
44   ( 3.4339, -1.71549)  ( 3.40879, -1.70154) 
44   ( 3.43593, -1.72765)  ( 3.4339, -1.71549) 
45   ( 3.42842, -1.74678)  ( 3.43593, -1.72765) 
45   ( 3.42102, -1.75265)  ( 3.42842, -1.74678) 
45   ( 3.41831, -1.76582)  ( 3.42102, -1.75265) 
44   ( 3.40973, -1.7766)  ( 3.41831, -1.76582) 
44   ( 3.39826, -1.78198)  ( 3.40973, -1.7766) 
44   ( 3.3881, -1.78188)  ( 3.39826, -1.78198) 
44   ( 3.38096, -1.77875)  ( 3.3881, -1.78188) 
45   ( 3.37486, -1.77238)  ( 3.38096, -1.77875) 
45   ( 3.37101, -1.76164)  ( 3.37486, -1.77238) 
45   ( 3.37399, -1.74602)  ( 3.37101, -1.76164) 
45   ( 3.37875, -1.73839)  ( 3.37399, -1.74602) 
44   ( 3.38559, -1.7329)  ( 3.37875, -1.73839) 
44   ( 3.42102, -1.75265)  ( 3.38559, -1.7329) 
45   ( 3.51192, -1.61391)  ( 3.51984, -1.61906) 
45   ( 3.50531, -1.61099)  ( 3.51192, -1.61391) 
45   ( 3.50507, -1.57787)  ( 3.50531, -1.61099) 
43   ( 3.54389, -1.60185)  ( 3.548, -1.58832) 
45   ( 3.52393, -1.62778)  ( 3.54235, -1.64223) 
45   ( 3.51984, -1.61906)  ( 3.52393, -1.62778) 
45   ( 3.54389, -1.60185)  ( 3.51984, -1.61906) 
45   ( 3.55152, -1.61425)  ( 3.54389, -1.60185) 
44   ( 3.55167, -1.6276)  ( 3.55152, -1.61425) 
44   ( 3.54716, -1.63999)  ( 3.55167, -1.6276) 
45   ( 3.54362, -1.66565)  ( 3.55742, -1.67606) 
45   ( 3.53934, -1.65362)  ( 3.54362, -1.66565) 
45   ( 3.54235, -1.64223)  ( 3.53934, -1.65362) 
45   ( 3.54716, -1.63999)  ( 3.54235, -1.64223) 
45   ( 3.56132, -1.64759)  ( 3.54716, -1.63999) 
43   ( 3.56993, -1.662)  ( 3.56132, -1.64759) 
43   ( 3.56814, -1.67108)  ( 3.56993, -1.662) 
45   ( 3.55424, -1.69564)  ( 3.56141, -1.70937) 
45   ( 3.55742, -1.67606)  ( 3.55424, -1.69564) 
45   ( 3.56814, -1.67108)  ( 3.55742, -1.67606) 
45   ( 3.58831, -1.68881)  ( 3.56814, -1.67108) 
45   ( 3.58881, -1.70232)  ( 3.58831, -1.68881) 
45   ( 3.56759, -1.74195)  ( 3.57518, -1.74948) 
44   ( 3.56231, -1.7173)  ( 3.56759, -1.74195) 
44   ( 3.56141, -1.70937)  ( 3.56231, -1.7173) 
45   ( 3.58881, -1.70232)  ( 3.56141, -1.70937) 
45   ( 3.60415, -1.71349)  ( 3.58881, -1.70232) 
45   ( 3.61017, -1.73149)  ( 3.60415, -1.71349) 
45   ( 3.61399, -1.73554)  ( 3.61017, -1.73149) 
44   ( 3.6204, -1.74625)  ( 3.61399, -1.73554) 
44   ( 3.62218, -1.76085)  ( 3.6204, -1.74625) 
45   ( 3.61772, -1.77151)  ( 3.62218, -1.76085) 
45   ( 3.61113, -1.77744)  ( 3.61772, -1.77151) 
45   ( 3.60364, -1.77994)  ( 3.61113, -1.77744) 
45   ( 3.59331, -1.77888)  ( 3.60364, -1.77994) 
45   ( 3.58171, -1.77053)  ( 3.59331, -1.77888) 
45   ( 3.57633, -1.76109)  ( 3.58171, -1.77053) 
45   ( 3.57518, -1.74948)  ( 3.57633, -1.76109) 
45   ( 3.61017, -1.73149)  ( 3.57518, -1.74948) 
45   ( 3.55383, -1.58497)  ( 3.56256, -1.58155) 
43   ( 3.548, -1.58832)  ( 3.55383, -1.58497) 
43   ( 3.52219, -1.56992)  ( 3.548, -1.58832) 
45   ( 3.56254, -1.55347)  ( 3.55434, -1.54256) 
45   ( 3.57202, -1.58331)  ( 3.59288, -1.57684) 
45   ( 3.56256, -1.58155)  ( 3.57202, -1.58331) 
45   ( 3.56254, -1.55347)  ( 3.56256, -1.58155) 
45   ( 3.57631, -1.55457)  ( 3.56254, -1.55347) 
45   ( 3.58828, -1.56295)  ( 3.57631, -1.55457) 
45   ( 3.59379, -1.57221)  ( 3.58828, -1.56295) 
44   ( 3.61362, -1.58937)  ( 3.62733, -1.5849) 
45   ( 3.60159, -1.58614)  ( 3.61362, -1.58937) 
45   ( 3.59288, -1.57684)  ( 3.60159, -1.58614) 
45   ( 3.59379, -1.57221)  ( 3.59288, -1.57684) 
45   ( 3.60924, -1.56469)  ( 3.59379, -1.57221) 
45   ( 3.62932, -1.57472)  ( 3.60924, -1.56469) 
44   ( 3.63989, -1.59987)  ( 3.6604, -1.59958) 
44   ( 3.62733, -1.5849)  ( 3.63989, -1.59987) 
44   ( 3.62932, -1.57472)  ( 3.62733, -1.5849) 
44   ( 3.6337, -1.57032)  ( 3.62932, -1.57472) 
44   ( 3.65941, -1.56815)  ( 3.6337, -1.57032) 
45   ( 3.66557, -1.57358)  ( 3.65941, -1.56815) 
45   ( 3.68623, -1.61419)  ( 3.69394, -1.61265) 
45   ( 3.66777, -1.60822)  ( 3.68623, -1.61419) 
44   ( 3.6604, -1.59958)  ( 3.66777, -1.60822) 
44   ( 3.66557, -1.57358)  ( 3.6604, -1.59958) 
45   ( 3.68816, -1.56948)  ( 3.66557, -1.57358) 
45   ( 3.70108, -1.57618)  ( 3.68816, -1.56948) 
45   ( 3.71167, -1.57472)  ( 3.70108, -1.57618) 
45   ( 3.71982, -1.57662)  ( 3.71167, -1.57472) 
45   ( 3.73244, -1.58607)  ( 3.71982, -1.57662) 
45   ( 3.73588, -1.59587)  ( 3.73244, -1.58607) 
45   ( 3.73505, -1.60372)  ( 3.73588, -1.59587) 
45   ( 3.73036, -1.61159)  ( 3.73505, -1.60372) 
45   ( 3.72034, -1.61796)  ( 3.73036, -1.61159) 
45   ( 3.70653, -1.61882)  ( 3.72034, -1.61796) 
45   ( 3.69394, -1.61265)  ( 3.70653, -1.61882) 
45   ( 3.70108, -1.57618)  ( 3.69394, -1.61265) 
45   ( 3.55504, -1.53639)  ( 3.55728, -1.52738) 
45   ( 3.55434, -1.54256)  ( 3.55504, -1.53639) 
45   ( 3.52565, -1.55224)  ( 3.55434, -1.54256) 
44   ( 3.56427, -1.52068)  ( 3.5703, -1.50137) 
45   ( 3.55728, -1.52738)  ( 3.56427, -1.52068) 
45   ( 3.52773, -1.50993)  ( 3.55728, -1.52738) 
45   ( 3.54649, -1.49552)  ( 3.53079, -1.50567) 
45   ( 3.56288, -1.49339)  ( 3.54649, -1.49552) 
45   ( 3.59379, -1.49106)  ( 3.59676, -1.48038) 
45   ( 3.58272, -1.49981)  ( 3.59379, -1.49106) 
44   ( 3.5703, -1.50137)  ( 3.58272, -1.49981) 
44   ( 3.56288, -1.49339)  ( 3.5703, -1.50137) 
45   ( 3.56649, -1.48297)  ( 3.56288, -1.49339) 
44   ( 3.5873, -1.47035)  ( 3.56649, -1.48297) 
45   ( 3.61888, -1.47576)  ( 3.62575, -1.46212) 
45   ( 3.59676, -1.48038)  ( 3.61888, -1.47576) 
44   ( 3.5873, -1.47035)  ( 3.59676, -1.48038) 
44   ( 3.58704, -1.46682)  ( 3.5873, -1.47035) 
43   ( 3.60192, -1.444)  ( 3.58704, -1.46682) 
43   ( 3.60797, -1.44298)  ( 3.60192, -1.444) 
45   ( 3.64203, -1.45887)  ( 3.65391, -1.44492) 
45   ( 3.62575, -1.46212)  ( 3.64203, -1.45887) 
45   ( 3.60797, -1.44298)  ( 3.62575, -1.46212) 
45   ( 3.62103, -1.42129)  ( 3.60797, -1.44298) 
45   ( 3.63057, -1.41785)  ( 3.62103, -1.42129) 
45   ( 3.63561, -1.40764)  ( 3.63057, -1.41785) 
45   ( 3.64807, -1.40008)  ( 3.63561, -1.40764) 
45   ( 3.66025, -1.40009)  ( 3.64807, -1.40008) 
45   ( 3.66841, -1.40459)  ( 3.66025, -1.40009) 
45   ( 3.67314, -1.41141)  ( 3.66841, -1.40459) 
45   ( 3.67455, -1.42207)  ( 3.67314, -1.41141) 
45   ( 3.66824, -1.43528)  ( 3.67455, -1.42207) 
45   ( 3.65909, -1.44242)  ( 3.66824, -1.43528) 
45   ( 3.65391, -1.44492)  ( 3.65909, -1.44242) 
45   ( 3.63057, -1.41785)  ( 3.65391, -1.44492) 
44   ( 3.15658, -1.37027)  ( 3.18057, -1.3595) 
45   ( 3.15129, -1.35743)  ( 3.15658, -1.37027) 
44   ( 3.09733, -1.36956)  ( 3.1207, -1.35594) 
45   ( 3.08918, -1.35447)  ( 3.09733, -1.36956) 
45   ( 3.02229, -1.36779)  ( 3.05843, -1.35742) 
45   ( 3.02079, -1.36058)  ( 3.02229, -1.36779) 
45   ( 2.97821, -1.36642)  ( 2.99494, -1.35093) 
45   ( 2.96753, -1.34602)  ( 2.97821, -1.36642) 
45   ( 3.36359, -1.46818)  ( 3.37946, -1.46787) 
45   ( 3.36028, -1.44496)  ( 3.36359, -1.46818) 
44   ( 3.24788, -1.36818)  ( 3.25888, -1.3613) 
43   ( 3.238, -1.36678)  ( 3.24788, -1.36818) 
43   ( 3.23268, -1.35565)  ( 3.238, -1.36678) 
45   ( 3.19778, -1.36308)  ( 3.21177, -1.35362) 
45   ( 3.18666, -1.36225)  ( 3.19778, -1.36308) 
44   ( 3.18057, -1.3595)  ( 3.18666, -1.36225) 
44   ( 3.17235, -1.35138)  ( 3.18057, -1.3595) 
45   ( 3.15129, -1.35743)  ( 3.16032, -1.35058) 
45   ( 3.12888, -1.36351)  ( 3.15129, -1.35743) 
44   ( 3.1207, -1.35594)  ( 3.12888, -1.36351) 
44   ( 3.11153, -1.34828)  ( 3.1207, -1.35594) 
45   ( 3.08918, -1.35447)  ( 3.09898, -1.34771) 
45   ( 3.06205, -1.36246)  ( 3.08918, -1.35447) 
45   ( 3.05843, -1.35742)  ( 3.06205, -1.36246) 
45   ( 3.04857, -1.34512)  ( 3.05843, -1.35742) 
45   ( 3.02079, -1.36058)  ( 3.03557, -1.34438) 
45   ( 2.99494, -1.35093)  ( 3.02079, -1.36058) 
44   ( 2.99133, -1.3417)  ( 2.99494, -1.35093) 
44   ( 3.4281, -1.52436)  ( 3.44332, -1.52856) 
44   ( 3.42163, -1.51911)  ( 3.4281, -1.52436) 
45   ( 3.42545, -1.50609)  ( 3.42163, -1.51911) 
45   ( 3.38652, -1.48829)  ( 3.40693, -1.48769) 
45   ( 3.37946, -1.46787)  ( 3.38652, -1.48829) 
45   ( 3.38171, -1.45889)  ( 3.37946, -1.46787) 
45   ( 3.36028, -1.44496)  ( 3.36958, -1.44436) 
45   ( 3.34973, -1.44224)  ( 3.36028, -1.44496) 
43   ( 3.341, -1.42121)  ( 3.34973, -1.44224) 
43   ( 3.34127, -1.41244)  ( 3.341, -1.42121) 
43   ( 3.31265, -1.39109)  ( 3.3309, -1.3933) 
45   ( 3.32111, -1.37524)  ( 3.31265, -1.39109) 
45   ( 3.28033, -1.36343)  ( 3.28737, -1.35051) 
45   ( 3.27857, -1.36346)  ( 3.28033, -1.36343) 
45   ( 3.27544, -1.36358)  ( 3.27857, -1.36346) 
45   ( 3.26884, -1.36388)  ( 3.27544, -1.36358) 
45   ( 3.26451, -1.36405)  ( 3.26884, -1.36388) 
44   ( 3.25888, -1.3613)  ( 3.26451, -1.36405) 
44   ( 3.25743, -1.35219)  ( 3.25888, -1.3613) 
45   ( 3.23268, -1.35565)  ( 3.24129, -1.34691) 
45   ( 3.22016, -1.35756)  ( 3.23268, -1.35565) 
45   ( 3.21177, -1.35362)  ( 3.22016, -1.35756) 
45   ( 3.20427, -1.33997)  ( 3.21177, -1.35362) 
45   ( 3.17235, -1.35138)  ( 3.18884, -1.33819) 
45   ( 3.16032, -1.35058)  ( 3.17235, -1.35138) 
45   ( 3.14316, -1.33518)  ( 3.16032, -1.35058) 
45   ( 3.11153, -1.34828)  ( 3.13101, -1.33463) 
45   ( 3.09898, -1.34771)  ( 3.11153, -1.34828) 
44   ( 3.0808, -1.33232)  ( 3.09898, -1.34771) 
45   ( 3.04857, -1.34512)  ( 3.06807, -1.33166) 
45   ( 3.03557, -1.34438)  ( 3.04857, -1.34512) 
45   ( 3.01796, -1.32882)  ( 3.03557, -1.34438) 
44   ( 2.99133, -1.3417)  ( 3.00479, -1.32801) 
44   ( 2.96753, -1.34602)  ( 2.99133, -1.3417) 
45   ( 2.95424, -1.33764)  ( 2.96753, -1.34602) 
45   ( 3.44551, -1.55461)  ( 3.46845, -1.54629) 
45   ( 3.43718, -1.54766)  ( 3.44551, -1.55461) 
45   ( 3.44144, -1.53264)  ( 3.43718, -1.54766) 
45   ( 3.44332, -1.52856)  ( 3.44144, -1.53264) 
45   ( 3.44497, -1.51931)  ( 3.44332, -1.52856) 
45   ( 3.42545, -1.50609)  ( 3.43798, -1.50725) 
45   ( 3.41169, -1.50057)  ( 3.42545, -1.50609) 
45   ( 3.40693, -1.48769)  ( 3.41169, -1.50057) 
45   ( 3.41112, -1.47265)  ( 3.40693, -1.48769) 
44   ( 3.38171, -1.45889)  ( 3.4007, -1.45938) 
45   ( 3.36958, -1.44436)  ( 3.38171, -1.45889) 
45   ( 3.37418, -1.42747)  ( 3.36958, -1.44436) 
45   ( 3.34127, -1.41244)  ( 3.35975, -1.41151) 
45   ( 3.33375, -1.40233)  ( 3.34127, -1.41244) 
43   ( 3.3309, -1.3933)  ( 3.33375, -1.40233) 
43   ( 3.33329, -1.38505)  ( 3.3309, -1.3933) 
45   ( 3.30282, -1.36852)  ( 3.31757, -1.36788) 
45   ( 3.30107, -1.36642)  ( 3.30282, -1.36852) 
45   ( 3.29713, -1.36415)  ( 3.30107, -1.36642) 
45   ( 3.29612, -1.36408)  ( 3.29713, -1.36415) 
44   ( 3.2883, -1.35042)  ( 3.29612, -1.36408) 
45   ( 3.25743, -1.35219)  ( 3.27058, -1.34189) 
45   ( 3.24129, -1.34691)  ( 3.25743, -1.35219) 
45   ( 3.23685, -1.33093)  ( 3.24129, -1.34691) 
44   ( 3.20427, -1.33997)  ( 3.21711, -1.3271) 
45   ( 3.18884, -1.33819)  ( 3.20427, -1.33997) 
44   ( 3.17486, -1.3225)  ( 3.18884, -1.33819) 
45   ( 3.14316, -1.33518)  ( 3.16215, -1.32165) 
45   ( 3.13101, -1.33463)  ( 3.14316, -1.33518) 
45   ( 3.11287, -1.31933)  ( 3.13101, -1.33463) 
44   ( 3.0808, -1.33232)  ( 3.10038, -1.31876) 
44   ( 3.06807, -1.33166)  ( 3.0808, -1.33232) 
45   ( 3.05016, -1.31618)  ( 3.06807, -1.33166) 
45   ( 3.01796, -1.32882)  ( 3.03725, -1.31545) 
45   ( 3.00479, -1.32801)  ( 3.01796, -1.32882) 
45   ( 2.99506, -1.31755)  ( 3.00479, -1.32801) 
45   ( 3.48666, -1.56937)  ( 3.48847, -1.56919) 
45   ( 3.46845, -1.54629)  ( 3.48666, -1.56937) 
44   ( 3.47342, -1.5357)  ( 3.46845, -1.54629) 
45   ( 3.44497, -1.51931)  ( 3.46673, -1.52039) 
45   ( 3.43798, -1.50725)  ( 3.44497, -1.51931) 
45   ( 3.44062, -1.48765)  ( 3.43798, -1.50725) 
45   ( 3.41112, -1.47265)  ( 3.43171, -1.47574) 
44   ( 3.4007, -1.45938)  ( 3.41112, -1.47265) 
44   ( 3.40423, -1.44065)  ( 3.4007, -1.45938) 
45   ( 3.37418, -1.42747)  ( 3.39144, -1.42533) 
45   ( 3.35975, -1.41151)  ( 3.37418, -1.42747) 
45   ( 3.36489, -1.39579)  ( 3.35975, -1.41151) 
45   ( 3.33329, -1.38505)  ( 3.34836, -1.37934) 
45   ( 3.32111, -1.37524)  ( 3.33329, -1.38505) 
45   ( 3.31966, -1.37323)  ( 3.32111, -1.37524) 
45   ( 3.31757, -1.36788)  ( 3.31966, -1.37323) 
45   ( 3.32018, -1.35502)  ( 3.31757, -1.36788) 
44   ( 3.2883, -1.35042)  ( 3.30166, -1.34213) 
44   ( 3.28737, -1.35051)  ( 3.2883, -1.35042) 
45   ( 3.27058, -1.34189)  ( 3.28737, -1.35051) 
45   ( 3.26922, -1.32556)  ( 3.27058, -1.34189) 
45   ( 3.23685, -1.33093)  ( 3.24812, -1.31865) 
44   ( 3.21711, -1.3271)  ( 3.23685, -1.33093) 
43   ( 3.20866, -1.3113)  ( 3.21711, -1.3271) 
43   ( 3.17486, -1.3225)  ( 3.1916, -1.30934) 
44   ( 3.16215, -1.32165)  ( 3.17486, -1.3225) 
45   ( 3.14475, -1.30624)  ( 3.16215, -1.32165) 
45   ( 3.11287, -1.31933)  ( 3.13242, -1.30568) 
45   ( 3.10038, -1.31876)  ( 3.11287, -1.31933) 
45   ( 3.08224, -1.30337)  ( 3.10038, -1.31876) 
44   ( 3.05016, -1.31618)  ( 3.0696, -1.30272) 
45   ( 3.03725, -1.31545)  ( 3.05016, -1.31618) 
45   ( 3.02551, -1.29268)  ( 3.03725, -1.31545) 
45   ( 3.33495, -1.22744)  ( 3.32644, -1.24031) 
45   ( 3.34027, -1.22766)  ( 3.33495, -1.22744) 
45   ( 3.34713, -1.22942)  ( 3.34027, -1.22766) 
45   ( 3.33929, -1.24215)  ( 3.34713, -1.22942) 
45   ( 3.43698, -1.32199)  ( 3.40959, -1.30828) 
45   ( 3.42698, -1.33491)  ( 3.43698, -1.32199) 
45   ( 3.36243, -1.24703)  ( 3.34888, -1.25176) 
45   ( 3.36545, -1.24761)  ( 3.36243, -1.24703) 
45   ( 3.36823, -1.24855)  ( 3.36545, -1.24761) 
45   ( 3.37089, -1.25026)  ( 3.36823, -1.24855) 
45   ( 3.37397, -1.25323)  ( 3.37089, -1.25026) 
45   ( 3.38282, -1.26405)  ( 3.37397, -1.25323) 
45   ( 3.38346, -1.28087)  ( 3.38282, -1.26405) 
44   ( 3.2866, -1.22043)  ( 3.27901, -1.23646) 
44   ( 3.30131, -1.22436)  ( 3.2866, -1.22043) 
45   ( 3.30798, -1.24078)  ( 3.30131, -1.22436) 
44   ( 3.45587, -1.35144)  ( 3.42708, -1.3389) 
45   ( 3.44779, -1.36895)  ( 3.45587, -1.35144) 
45   ( 3.38346, -1.28087)  ( 3.37417, -1.28667) 
45   ( 3.39564, -1.28458)  ( 3.38346, -1.28087) 
44   ( 3.40807, -1.2998)  ( 3.39564, -1.28458) 
44   ( 3.40959, -1.30828)  ( 3.40807, -1.2998) 
45   ( 3.40706, -1.31508)  ( 3.40959, -1.30828) 
45   ( 3.30798, -1.24078)  ( 3.30381, -1.24539) 
45   ( 3.31984, -1.23959)  ( 3.30798, -1.24078) 
45   ( 3.32644, -1.24031)  ( 3.31984, -1.23959) 
45   ( 3.33929, -1.24215)  ( 3.32644, -1.24031) 
45   ( 3.34888, -1.25176)  ( 3.33929, -1.24215) 
44   ( 3.34564, -1.2668)  ( 3.34888, -1.25176) 
45   ( 3.24376, -1.21778)  ( 3.22765, -1.23394) 
45   ( 3.26198, -1.22454)  ( 3.24376, -1.21778) 
45   ( 3.26665, -1.23796)  ( 3.26198, -1.22454) 
45   ( 3.16445, -1.21572)  ( 3.15164, -1.22194) 
45   ( 3.18365, -1.21543)  ( 3.16445, -1.21572) 
45   ( 3.19278, -1.22845)  ( 3.18365, -1.21543) 
45   ( 3.12639, -1.21423)  ( 3.09272, -1.21334) 
45   ( 3.13334, -1.22235)  ( 3.12639, -1.21423) 
45   ( 3.49854, -1.43566)  ( 3.47807, -1.42915) 
44   ( 3.48636, -1.4507)  ( 3.49854, -1.43566) 
45   ( 3.44779, -1.36895)  ( 3.43996, -1.37059) 
44   ( 3.47051, -1.3832)  ( 3.44779, -1.36895) 
44   ( 3.46363, -1.40237)  ( 3.47051, -1.3832) 
45   ( 3.40706, -1.31508)  ( 3.39286, -1.32161) 
45   ( 3.42698, -1.33491)  ( 3.40706, -1.31508) 
44   ( 3.42708, -1.3389)  ( 3.42698, -1.33491) 
44   ( 3.42252, -1.35128)  ( 3.42708, -1.3389) 
43   ( 3.34564, -1.2668)  ( 3.33373, -1.2765) 
44   ( 3.37417, -1.28667)  ( 3.34564, -1.2668) 
44   ( 3.3696, -1.30161)  ( 3.37417, -1.28667) 
45   ( 3.26665, -1.23796)  ( 3.25955, -1.24677) 
45   ( 3.27901, -1.23646)  ( 3.26665, -1.23796) 
45   ( 3.30381, -1.24539)  ( 3.27901, -1.23646) 
44   ( 3.3029, -1.26076)  ( 3.30381, -1.24539) 
45   ( 3.19278, -1.22845)  ( 3.18233, -1.23586) 
45   ( 3.21748, -1.22459)  ( 3.19278, -1.22845) 
45   ( 3.22765, -1.23394)  ( 3.21748, -1.22459) 
45   ( 3.22996, -1.24102)  ( 3.22765, -1.23394) 
45   ( 3.13334, -1.22235)  ( 3.12296, -1.23276) 
45   ( 3.15164, -1.22194)  ( 3.13334, -1.22235) 
45   ( 3.16764, -1.23488)  ( 3.15164, -1.22194) 
43   ( 3.50154, -1.4591)  ( 3.48849, -1.4571) 
44   ( 3.50673, -1.47027)  ( 3.50154, -1.4591) 
45   ( 3.50316, -1.48639)  ( 3.50673, -1.47027) 
45   ( 3.46363, -1.40237)  ( 3.44927, -1.40414) 
45   ( 3.47926, -1.41426)  ( 3.46363, -1.40237) 
45   ( 3.47807, -1.42915)  ( 3.47926, -1.41426) 
45   ( 3.47474, -1.43746)  ( 3.47807, -1.42915) 
45   ( 3.42252, -1.35128)  ( 3.40707, -1.35599) 
45   ( 3.43996, -1.37059)  ( 3.42252, -1.35128) 
44   ( 3.4352, -1.38728)  ( 3.43996, -1.37059) 
44   ( 3.3696, -1.30161)  ( 3.35621, -1.30948) 
44   ( 3.39286, -1.32161)  ( 3.3696, -1.30161) 
45   ( 3.38748, -1.33649)  ( 3.39286, -1.32161) 
44   ( 3.3029, -1.26076)  ( 3.29236, -1.27214) 
43   ( 3.33373, -1.2765)  ( 3.3029, -1.26076) 
44   ( 3.33092, -1.29187)  ( 3.33373, -1.2765) 
45   ( 3.22996, -1.24102)  ( 3.21737, -1.25396) 
45   ( 3.25955, -1.24677)  ( 3.22996, -1.24102) 
45   ( 3.26205, -1.26222)  ( 3.25955, -1.24677) 
45   ( 3.16764, -1.23488)  ( 3.14794, -1.24836) 
45   ( 3.18233, -1.23586)  ( 3.16764, -1.23488) 
45   ( 3.19715, -1.25163)  ( 3.18233, -1.23586) 
45   ( 3.12296, -1.23276)  ( 3.09033, -1.23155) 
45   ( 3.13525, -1.24778)  ( 3.12296, -1.23276) 
44   ( 3.50316, -1.48639)  ( 3.49492, -1.4869) 
45   ( 3.50897, -1.48805)  ( 3.50316, -1.48639) 
45   ( 3.51479, -1.49123)  ( 3.50897, -1.48805) 
44   ( 3.52065, -1.4915)  ( 3.51479, -1.49123) 
44   ( 3.53079, -1.50567)  ( 3.52065, -1.4915) 
45   ( 3.52773, -1.50993)  ( 3.53079, -1.50567) 
45   ( 3.52066, -1.51596)  ( 3.52773, -1.50993) 
45   ( 3.47474, -1.43746)  ( 3.45705, -1.43729) 
44   ( 3.48636, -1.4507)  ( 3.47474, -1.43746) 
43   ( 3.48849, -1.4571)  ( 3.48636, -1.4507) 
44   ( 3.48174, -1.47205)  ( 3.48849, -1.4571) 
44   ( 3.4352, -1.38728)  ( 3.41804, -1.38955) 
44   ( 3.44927, -1.40414)  ( 3.4352, -1.38728) 
45   ( 3.44581, -1.42297)  ( 3.44927, -1.40414) 
45   ( 3.38748, -1.33649)  ( 3.37302, -1.34278) 
45   ( 3.40707, -1.35599)  ( 3.38748, -1.33649) 
45   ( 3.40159, -1.37135)  ( 3.40707, -1.35599) 
45   ( 3.33092, -1.29187)  ( 3.31852, -1.30128) 
45   ( 3.35621, -1.30948)  ( 3.33092, -1.29187) 
44   ( 3.35201, -1.3247)  ( 3.35621, -1.30948) 
45   ( 3.26205, -1.26222)  ( 3.25205, -1.27484) 
45   ( 3.29236, -1.27214)  ( 3.26205, -1.26222) 
45   ( 3.29203, -1.28775)  ( 3.29236, -1.27214) 
45   ( 3.19715, -1.25163)  ( 3.17985, -1.26474) 
45   ( 3.21737, -1.25396)  ( 3.19715, -1.25163) 
45   ( 3.22565, -1.26971)  ( 3.21737, -1.25396) 
45   ( 3.13525, -1.24778)  ( 3.11556, -1.26143) 
45   ( 3.14794, -1.24836)  ( 3.13525, -1.24778) 
44   ( 3.16581, -1.2638)  ( 3.14794, -1.24836) 
45   ( 3.10318, -1.26086)  ( 3.08728, -1.23567) 
44   ( 3.52066, -1.51596)  ( 3.49951, -1.5179) 
45   ( 3.51869, -1.54476)  ( 3.52066, -1.51596) 
45   ( 3.49434, -1.53832)  ( 3.49696, -1.54216) 
45   ( 3.48174, -1.47205)  ( 3.46394, -1.47044) 
44   ( 3.49492, -1.4869)  ( 3.48174, -1.47205) 
43   ( 3.4869, -1.50587)  ( 3.49492, -1.4869) 
45   ( 3.46236, -1.49283)  ( 3.47023, -1.50378) 
44   ( 3.44581, -1.42297)  ( 3.42675, -1.4224) 
45   ( 3.45705, -1.43729)  ( 3.44581, -1.42297) 
45   ( 3.45476, -1.45817)  ( 3.45705, -1.43729) 
45   ( 3.42325, -1.44117)  ( 3.43409, -1.45497) 
44   ( 3.40159, -1.37135)  ( 3.38598, -1.3759) 
45   ( 3.41804, -1.38955)  ( 3.40159, -1.37135) 
44   ( 3.41332, -1.4063)  ( 3.41804, -1.38955) 
45   ( 3.38067, -1.39142)  ( 3.39611, -1.40851) 
44   ( 3.35201, -1.3247)  ( 3.33821, -1.33227) 
44   ( 3.37302, -1.34278)  ( 3.35201, -1.3247) 
44   ( 3.36791, -1.3579)  ( 3.37302, -1.34278) 
45   ( 3.33445, -1.34783)  ( 3.35316, -1.36392) 
45   ( 3.29203, -1.28775)  ( 3.28085, -1.29886) 
45   ( 3.31852, -1.30128)  ( 3.29203, -1.28775) 
45   ( 3.31626, -1.31697)  ( 3.31852, -1.30128) 
45   ( 3.28124, -1.31479)  ( 3.30324, -1.32602) 
45   ( 3.22565, -1.26971)  ( 3.21303, -1.28263) 
45   ( 3.25205, -1.27484)  ( 3.22565, -1.26971) 
45   ( 3.25505, -1.29042)  ( 3.25205, -1.27484) 
44   ( 3.22136, -1.2984)  ( 3.24449, -1.30289) 
43   ( 3.16581, -1.2638)  ( 3.14635, -1.2773) 
44   ( 3.17985, -1.26474)  ( 3.16581, -1.2638) 
45   ( 3.19438, -1.28048)  ( 3.17985, -1.26474) 
45   ( 3.16398, -1.29273)  ( 3.17736, -1.29362) 
45   ( 3.10178, -1.28981)  ( 3.11422, -1.29038) 
45   ( 3.10318, -1.26086)  ( 3.08368, -1.27442) 
45   ( 3.11556, -1.26143)  ( 3.10318, -1.26086) 
45   ( 3.13384, -1.27673)  ( 3.11556, -1.26143) 
44   ( 3.04511, -1.28664)  ( 3.0542, -1.28732) 
45   ( 3.07114, -1.27378)  ( 3.05817, -1.24477) 
45   ( 3.52565, -1.55224)  ( 3.51869, -1.54476) 
45   ( 3.52219, -1.56992)  ( 3.52565, -1.55224) 
45   ( 3.50507, -1.57787)  ( 3.52219, -1.56992) 
45   ( 3.48847, -1.56919)  ( 3.50507, -1.57787) 
45   ( 3.49696, -1.54216)  ( 3.48847, -1.56919) 
45   ( 3.51869, -1.54476)  ( 3.49696, -1.54216) 
44   ( 3.4869, -1.50587)  ( 3.47023, -1.50378) 
43   ( 3.49951, -1.5179)  ( 3.4869, -1.50587) 
44   ( 3.49434, -1.53832)  ( 3.49951, -1.5179) 
44   ( 3.47342, -1.5357)  ( 3.49434, -1.53832) 
44   ( 3.46673, -1.52039)  ( 3.47342, -1.5357) 
45   ( 3.47023, -1.50378)  ( 3.46673, -1.52039) 
45   ( 3.45476, -1.45817)  ( 3.43409, -1.45497) 
45   ( 3.46394, -1.47044)  ( 3.45476, -1.45817) 
45   ( 3.46236, -1.49283)  ( 3.46394, -1.47044) 
45   ( 3.44062, -1.48765)  ( 3.46236, -1.49283) 
45   ( 3.43171, -1.47574)  ( 3.44062, -1.48765) 
45   ( 3.43409, -1.45497)  ( 3.43171, -1.47574) 
44   ( 3.41332, -1.4063)  ( 3.39611, -1.40851) 
43   ( 3.42675, -1.4224)  ( 3.41332, -1.4063) 
44   ( 3.42325, -1.44117)  ( 3.42675, -1.4224) 
45   ( 3.40423, -1.44065)  ( 3.42325, -1.44117) 
45   ( 3.39144, -1.42533)  ( 3.40423, -1.44065) 
45   ( 3.39611, -1.40851)  ( 3.39144, -1.42533) 
44   ( 3.36791, -1.3579)  ( 3.35316, -1.36392) 
43   ( 3.38598, -1.3759)  ( 3.36791, -1.3579) 
44   ( 3.38067, -1.39142)  ( 3.38598, -1.3759) 
45   ( 3.36489, -1.39579)  ( 3.38067, -1.39142) 
45   ( 3.34836, -1.37934)  ( 3.36489, -1.39579) 
45   ( 3.35316, -1.36392)  ( 3.34836, -1.37934) 
45   ( 3.31626, -1.31697)  ( 3.30324, -1.32602) 
45   ( 3.33821, -1.33227)  ( 3.31626, -1.31697) 
45   ( 3.33445, -1.34783)  ( 3.33821, -1.33227) 
45   ( 3.32018, -1.35502)  ( 3.33445, -1.34783) 
45   ( 3.30166, -1.34213)  ( 3.32018, -1.35502) 
45   ( 3.30324, -1.32602)  ( 3.30166, -1.34213) 
45   ( 3.25505, -1.29042)  ( 3.24449, -1.30289) 
45   ( 3.28085, -1.29886)  ( 3.25505, -1.29042) 
45   ( 3.28124, -1.31479)  ( 3.28085, -1.29886) 
45   ( 3.26922, -1.32556)  ( 3.28124, -1.31479) 
45   ( 3.24812, -1.31865)  ( 3.26922, -1.32556) 
45   ( 3.24449, -1.30289)  ( 3.24812, -1.31865) 
45   ( 3.19438, -1.28048)  ( 3.17736, -1.29362) 
45   ( 3.21303, -1.28263)  ( 3.19438, -1.28048) 
44   ( 3.22136, -1.2984)  ( 3.21303, -1.28263) 
43   ( 3.20866, -1.3113)  ( 3.22136, -1.2984) 
43   ( 3.1916, -1.30934)  ( 3.20866, -1.3113) 
44   ( 3.17736, -1.29362)  ( 3.1916, -1.30934) 
45   ( 3.13384, -1.27673)  ( 3.11422, -1.29038) 
44   ( 3.14635, -1.2773)  ( 3.13384, -1.27673) 
44   ( 3.16398, -1.29273)  ( 3.14635, -1.2773) 
45   ( 3.14475, -1.30624)  ( 3.16398, -1.29273) 
45   ( 3.13242, -1.30568)  ( 3.14475, -1.30624) 
45   ( 3.11422, -1.29038)  ( 3.13242, -1.30568) 
44   ( 3.07114, -1.27378)  ( 3.0542, -1.28732) 
45   ( 3.08368, -1.27442)  ( 3.07114, -1.27378) 
45   ( 3.10178, -1.28981)  ( 3.08368, -1.27442) 
45   ( 3.08224, -1.30337)  ( 3.10178, -1.28981) 
44   ( 3.0696, -1.30272)  ( 3.08224, -1.30337) 
43   ( 3.0542, -1.28732)  ( 3.0696, -1.30272) 
47   ( 2.41648, -0.709528)  ( 2.42733, -0.719377) 
45   ( 2.464, -0.714316)  ( 2.46795, -0.702552) 
47   ( 2.43264, -0.742798)  ( 2.44556, -0.757199) 
46   ( 2.42704, -0.73577)  ( 2.43264, -0.742798) 
46   ( 2.42733, -0.719377)  ( 2.42704, -0.73577) 
45   ( 2.464, -0.714316)  ( 2.42733, -0.719377) 
45   ( 2.46898, -0.728913)  ( 2.464, -0.714316) 
45   ( 2.46591, -0.7359)  ( 2.46898, -0.728913) 
45   ( 2.45772, -0.755724)  ( 2.46591, -0.7359) 
47   ( 2.43819, -0.782581)  ( 2.44877, -0.797507) 
46   ( 2.4381, -0.767424)  ( 2.43819, -0.782581) 
46   ( 2.44556, -0.757199)  ( 2.4381, -0.767424) 
47   ( 2.45772, -0.755724)  ( 2.44556, -0.757199) 
47   ( 2.46548, -0.768299)  ( 2.45772, -0.755724) 
47   ( 2.46649, -0.782343)  ( 2.46548, -0.768299) 
47   ( 2.46106, -0.796018)  ( 2.46649, -0.782343) 
46   ( 2.43654, -0.832585)  ( 2.44173, -0.83906) 
47   ( 2.43866, -0.809892)  ( 2.43654, -0.832585) 
47   ( 2.44877, -0.797507)  ( 2.43866, -0.809892) 
47   ( 2.46106, -0.796018)  ( 2.44877, -0.797507) 
47   ( 2.47601, -0.816066)  ( 2.46106, -0.796018) 
47   ( 2.47227, -0.835358)  ( 2.47601, -0.816066) 
46   ( 2.4365, -0.864875)  ( 2.44236, -0.879676) 
45   ( 2.44173, -0.83906)  ( 2.4365, -0.864875) 
46   ( 2.47227, -0.835358)  ( 2.44173, -0.83906) 
47   ( 2.48338, -0.849176)  ( 2.47227, -0.835358) 
47   ( 2.48659, -0.865139)  ( 2.48338, -0.849176) 
47   ( 2.48451, -0.874587)  ( 2.48659, -0.865139) 
47   ( 2.49015, -0.889599)  ( 2.48451, -0.874587) 
47   ( 2.48844, -0.903955)  ( 2.49015, -0.889599) 
47   ( 2.48172, -0.914258)  ( 2.48844, -0.903955) 
47   ( 2.47328, -0.919614)  ( 2.48172, -0.914258) 
47   ( 2.46542, -0.920988)  ( 2.47328, -0.919614) 
47   ( 2.45655, -0.919085)  ( 2.46542, -0.920988) 
47   ( 2.44731, -0.912506)  ( 2.45655, -0.919085) 
47   ( 2.44052, -0.897808)  ( 2.44731, -0.912506) 
47   ( 2.43983, -0.889724)  ( 2.44052, -0.897808) 
47   ( 2.44236, -0.879676)  ( 2.43983, -0.889724) 
47   ( 2.48451, -0.874587)  ( 2.44236, -0.879676) 
47   ( 2.38419, -0.670917)  ( 2.38261, -0.684723) 
46   ( 2.41648, -0.709528)  ( 2.42964, -0.67773) 
47   ( 2.40687, -0.709509)  ( 2.41648, -0.709528) 
47   ( 2.39826, -0.711886)  ( 2.40687, -0.709509) 
47   ( 2.36724, -0.702374)  ( 2.36366, -0.720492) 
47   ( 2.36956, -0.693694)  ( 2.36724, -0.702374) 
47   ( 2.38261, -0.684723)  ( 2.36956, -0.693694) 
47   ( 2.39826, -0.711886)  ( 2.38261, -0.684723) 
47   ( 2.39027, -0.719118)  ( 2.39826, -0.711886) 
47   ( 2.36789, -0.725042)  ( 2.39027, -0.719118) 
45   ( 2.33858, -0.730235)  ( 2.334, -0.745448) 
47   ( 2.35076, -0.720951)  ( 2.33858, -0.730235) 
47   ( 2.36366, -0.720492)  ( 2.35076, -0.720951) 
47   ( 2.36789, -0.725042)  ( 2.36366, -0.720492) 
46   ( 2.36609, -0.73782)  ( 2.36789, -0.725042) 
46   ( 2.35745, -0.747434)  ( 2.36609, -0.73782) 
47   ( 2.34024, -0.752162)  ( 2.35745, -0.747434) 
47   ( 2.31399, -0.747146)  ( 2.30015, -0.763201) 
45   ( 2.334, -0.745448)  ( 2.31399, -0.747146) 
45   ( 2.34024, -0.752162)  ( 2.334, -0.745448) 
47   ( 2.33477, -0.772629)  ( 2.34024, -0.752162) 
47   ( 2.32431, -0.782334)  ( 2.33477, -0.772629) 
45   ( 2.2716, -0.777131)  ( 2.2668, -0.786903) 
46   ( 2.29279, -0.764237)  ( 2.2716, -0.777131) 
47   ( 2.30015, -0.763201)  ( 2.29279, -0.764237) 
47   ( 2.32431, -0.782334)  ( 2.30015, -0.763201) 
47   ( 2.31982, -0.787715)  ( 2.32431, -0.782334) 
47   ( 2.30643, -0.810161)  ( 2.31982, -0.787715) 
47   ( 2.29404, -0.816205)  ( 2.30643, -0.810161) 
47   ( 2.28856, -0.826341)  ( 2.29404, -0.816205) 
47   ( 2.28311, -0.831392)  ( 2.28856, -0.826341) 
47   ( 2.26781, -0.837514)  ( 2.28311, -0.831392) 
47   ( 2.25691, -0.835614)  ( 2.26781, -0.837514) 
47   ( 2.24988, -0.830926)  ( 2.25691, -0.835614) 
47   ( 2.24539, -0.824208)  ( 2.24988, -0.830926) 
46   ( 2.2435, -0.813744)  ( 2.24539, -0.824208) 
46   ( 2.24821, -0.799956)  ( 2.2435, -0.813744) 
47   ( 2.25552, -0.791981)  ( 2.24821, -0.799956) 
46   ( 2.2668, -0.786903)  ( 2.25552, -0.791981) 
46   ( 2.29404, -0.816205)  ( 2.2668, -0.786903) 
47   ( 2.38522, -0.630555)  ( 2.37793, -0.631671) 
45   ( 2.396, -0.624253)  ( 2.38522, -0.630555) 
46   ( 2.38419, -0.670917)  ( 2.41621, -0.66328) 
47   ( 2.37531, -0.662464)  ( 2.38419, -0.670917) 
47   ( 2.36702, -0.629695)  ( 2.34599, -0.636418) 
47   ( 2.37793, -0.631671)  ( 2.36702, -0.629695) 
47   ( 2.37531, -0.662464)  ( 2.37793, -0.631671) 
46   ( 2.3644, -0.660938)  ( 2.37531, -0.662464) 
46   ( 2.35525, -0.653858)  ( 2.3644, -0.660938) 
47   ( 2.34501, -0.641417)  ( 2.35525, -0.653858) 
47   ( 2.32283, -0.622215)  ( 2.31015, -0.626743) 
47   ( 2.33734, -0.626315)  ( 2.32283, -0.622215) 
47   ( 2.34599, -0.636418)  ( 2.33734, -0.626315) 
47   ( 2.34501, -0.641417)  ( 2.34599, -0.636418) 
45   ( 2.332, -0.647218)  ( 2.34501, -0.641417) 
45   ( 2.31856, -0.645584)  ( 2.332, -0.647218) 
47   ( 2.30823, -0.636552)  ( 2.31856, -0.645584) 
47   ( 2.29574, -0.610886)  ( 2.27536, -0.611769) 
47   ( 2.31015, -0.626743)  ( 2.29574, -0.610886) 
47   ( 2.30823, -0.636552)  ( 2.31015, -0.626743) 
47   ( 2.28932, -0.645591)  ( 2.30823, -0.636552) 
47   ( 2.27037, -0.637398)  ( 2.28932, -0.645591) 
47   ( 2.24863, -0.596409)  ( 2.24029, -0.598032) 
47   ( 2.26702, -0.602285)  ( 2.24863, -0.596409) 
47   ( 2.27536, -0.611769)  ( 2.26702, -0.602285) 
47   ( 2.27037, -0.637398)  ( 2.27536, -0.611769) 
46   ( 2.26059, -0.64269)  ( 2.27037, -0.637398) 
46   ( 2.23999, -0.641494)  ( 2.26059, -0.64269) 
47   ( 2.23273, -0.636612)  ( 2.23999, -0.641494) 
47   ( 2.21945, -0.637998)  ( 2.23273, -0.636612) 
47   ( 2.20656, -0.632717)  ( 2.21945, -0.637998) 
47   ( 2.19864, -0.623279)  ( 2.20656, -0.632717) 
47   ( 2.19631, -0.613795)  ( 2.19864, -0.623279) 
47   ( 2.19768, -0.606173)  ( 2.19631, -0.613795) 
47   ( 2.20304, -0.598246)  ( 2.19768, -0.606173) 
47   ( 2.21357, -0.592177)  ( 2.20304, -0.598246) 
46   ( 2.2276, -0.591678)  ( 2.21357, -0.592177) 
46   ( 2.24029, -0.598032)  ( 2.2276, -0.591678) 
47   ( 2.23273, -0.636612)  ( 2.24029, -0.598032) 
47   ( 2.42839, -0.602602)  ( 2.42281, -0.597416) 
46   ( 2.4387, -0.607291)  ( 2.42839, -0.602602) 
45   ( 2.396, -0.624253)  ( 2.41984, -0.644762) 
45   ( 2.39755, -0.612348)  ( 2.396, -0.624253) 
47   ( 2.41811, -0.587679)  ( 2.40104, -0.575533) 
47   ( 2.42281, -0.597416)  ( 2.41811, -0.587679) 
47   ( 2.39755, -0.612348)  ( 2.42281, -0.597416) 
47   ( 2.39291, -0.603452)  ( 2.39755, -0.612348) 
47   ( 2.39288, -0.590069)  ( 2.39291, -0.603452) 
46   ( 2.39718, -0.57733)  ( 2.39288, -0.590069) 
47   ( 2.39869, -0.547252)  ( 2.38955, -0.541891) 
47   ( 2.40427, -0.563527)  ( 2.39869, -0.547252) 
47   ( 2.40104, -0.575533)  ( 2.40427, -0.563527) 
46   ( 2.39718, -0.57733)  ( 2.40104, -0.575533) 
45   ( 2.38483, -0.57041)  ( 2.39718, -0.57733) 
46   ( 2.37629, -0.556214)  ( 2.38483, -0.57041) 
46   ( 2.37806, -0.54723)  ( 2.37629, -0.556214) 
47   ( 2.39171, -0.518112)  ( 2.38054, -0.507096) 
47   ( 2.38955, -0.541891)  ( 2.39171, -0.518112) 
46   ( 2.37806, -0.54723)  ( 2.38955, -0.541891) 
46   ( 2.35856, -0.530875)  ( 2.37806, -0.54723) 
47   ( 2.35805, -0.517543)  ( 2.35856, -0.530875) 
47   ( 2.38222, -0.489592)  ( 2.37291, -0.473896) 
47   ( 2.38054, -0.507096)  ( 2.38222, -0.489592) 
47   ( 2.35805, -0.517543)  ( 2.38054, -0.507096) 
47   ( 2.34326, -0.507194)  ( 2.35805, -0.517543) 
47   ( 2.33759, -0.489092)  ( 2.34326, -0.507194) 
47   ( 2.33346, -0.484958)  ( 2.33759, -0.489092) 
46   ( 2.3277, -0.474933)  ( 2.33346, -0.484958) 
45   ( 2.32646, -0.46004)  ( 2.3277, -0.474933) 
45   ( 2.33152, -0.45008)  ( 2.32646, -0.46004) 
45   ( 2.33823, -0.44503)  ( 2.33152, -0.45008) 
45   ( 2.34651, -0.44323)  ( 2.33823, -0.44503) 
46   ( 2.35745, -0.445945)  ( 2.34651, -0.44323) 
46   ( 2.36784, -0.45639)  ( 2.35745, -0.445945) 
46   ( 2.37196, -0.468267)  ( 2.36784, -0.45639) 
47   ( 2.37291, -0.473896)  ( 2.37196, -0.468267) 
47   ( 2.33759, -0.489092)  ( 2.37291, -0.473896) 
46   ( 2.4387, -0.607291)  ( 2.43618, -0.637175) 
46   ( 2.44896, -0.601712)  ( 2.4387, -0.607291) 
45   ( 2.48478, -0.60205)  ( 2.4836, -0.586502) 
46   ( 2.48541, -0.604643)  ( 2.48478, -0.60205) 
47   ( 2.48222, -0.614051)  ( 2.48541, -0.604643) 
47   ( 2.44896, -0.601712)  ( 2.47472, -0.620087) 
47   ( 2.45314, -0.593519)  ( 2.44896, -0.601712) 
46   ( 2.46527, -0.58444)  ( 2.45314, -0.593519) 
45   ( 2.47553, -0.58201)  ( 2.46527, -0.58444) 
47   ( 2.49781, -0.571418)  ( 2.49773, -0.555834) 
47   ( 2.49378, -0.579351)  ( 2.49781, -0.571418) 
46   ( 2.4836, -0.586502)  ( 2.49378, -0.579351) 
45   ( 2.47553, -0.58201)  ( 2.4836, -0.586502) 
46   ( 2.47375, -0.566111)  ( 2.47553, -0.58201) 
46   ( 2.4887, -0.550818)  ( 2.47375, -0.566111) 
45   ( 2.51625, -0.548155)  ( 2.5202, -0.52981) 
47   ( 2.49773, -0.555834)  ( 2.51625, -0.548155) 
46   ( 2.4887, -0.550818)  ( 2.49773, -0.555834) 
46   ( 2.48599, -0.545463)  ( 2.4887, -0.550818) 
47   ( 2.49179, -0.521125)  ( 2.48599, -0.545463) 
47   ( 2.49813, -0.517525)  ( 2.49179, -0.521125) 
45   ( 2.53421, -0.522997)  ( 2.5417, -0.50476) 
45   ( 2.5202, -0.52981)  ( 2.53421, -0.522997) 
45   ( 2.49813, -0.517525)  ( 2.5202, -0.52981) 
47   ( 2.50192, -0.494761)  ( 2.49813, -0.517525) 
47   ( 2.51124, -0.486291)  ( 2.50192, -0.494761) 
45   ( 2.5126, -0.47627)  ( 2.51124, -0.486291) 
45   ( 2.51934, -0.466585)  ( 2.5126, -0.47627) 
47   ( 2.53145, -0.460359)  ( 2.51934, -0.466585) 
47   ( 2.54121, -0.461159)  ( 2.53145, -0.460359) 
46   ( 2.54828, -0.46549)  ( 2.54121, -0.461159) 
46   ( 2.55381, -0.474702)  ( 2.54828, -0.46549) 
47   ( 2.55225, -0.490795)  ( 2.55381, -0.474702) 
47   ( 2.54669, -0.499593)  ( 2.55225, -0.490795) 
45   ( 2.5417, -0.50476)  ( 2.54669, -0.499593) 
45   ( 2.51124, -0.486291)  ( 2.5417, -0.50476) 
47   ( 2.75009, -0.617872)  ( 2.74095, -0.629122) 
47   ( 2.76568, -0.618367)  ( 2.75009, -0.617872) 
47   ( 2.77717, -0.622113)  ( 2.76568, -0.618367) 
46   ( 2.78122, -0.62363)  ( 2.77717, -0.622113) 
46   ( 2.78571, -0.630896)  ( 2.78122, -0.62363) 
47   ( 2.78635, -0.634788)  ( 2.78571, -0.630896) 
47   ( 2.78704, -0.639627)  ( 2.78635, -0.634788) 
47   ( 2.78772, -0.645218)  ( 2.78704, -0.639627) 
47   ( 2.77849, -0.658273)  ( 2.78772, -0.645218) 
46   ( 2.71897, -0.60185)  ( 2.69018, -0.614991) 
46   ( 2.73531, -0.630589)  ( 2.71897, -0.60185) 
47   ( 2.80334, -0.674295)  ( 2.77825, -0.662129) 
47   ( 2.80407, -0.681437)  ( 2.80334, -0.674295) 
46   ( 2.8055, -0.696823)  ( 2.80407, -0.681437) 
44   ( 2.793, -0.706385)  ( 2.8055, -0.696823) 
47   ( 2.58937, -0.595657)  ( 2.57897, -0.602703) 
47   ( 2.60623, -0.596037)  ( 2.58937, -0.595657) 
46   ( 2.6169, -0.604465)  ( 2.60623, -0.596037) 
47   ( 2.65844, -0.604776)  ( 2.64532, -0.609016) 
47   ( 2.67676, -0.605777)  ( 2.65844, -0.604776) 
47   ( 2.69018, -0.614991)  ( 2.67676, -0.605777) 
47   ( 2.68991, -0.621178)  ( 2.69018, -0.614991) 
47   ( 2.73531, -0.630589)  ( 2.72647, -0.638569) 
47   ( 2.74095, -0.629122)  ( 2.73531, -0.630589) 
47   ( 2.77849, -0.658273)  ( 2.74095, -0.629122) 
47   ( 2.77825, -0.662129)  ( 2.77849, -0.658273) 
47   ( 2.77085, -0.674137)  ( 2.77825, -0.662129) 
47   ( 2.81281, -0.741354)  ( 2.78858, -0.725089) 
47   ( 2.81092, -0.757761)  ( 2.81281, -0.741354) 
47   ( 2.80051, -0.767617)  ( 2.81092, -0.757761) 
47   ( 2.81286, -0.824629)  ( 2.81509, -0.814231) 
47   ( 2.81524, -0.829857)  ( 2.81286, -0.824629) 
47   ( 2.80069, -0.827059)  ( 2.81524, -0.829857) 
47   ( 2.81509, -0.814231)  ( 2.80063, -0.817589) 
47   ( 2.55291, -0.598642)  ( 2.54439, -0.613048) 
47   ( 2.57897, -0.602703)  ( 2.55291, -0.598642) 
46   ( 2.5821, -0.610079)  ( 2.57897, -0.602703) 
46   ( 2.6169, -0.604465)  ( 2.60708, -0.614356) 
46   ( 2.64532, -0.609016)  ( 2.6169, -0.604465) 
47   ( 2.64875, -0.623282)  ( 2.64532, -0.609016) 
46   ( 2.68991, -0.621178)  ( 2.6797, -0.632988) 
47   ( 2.72647, -0.638569)  ( 2.68991, -0.621178) 
47   ( 2.72264, -0.653052)  ( 2.72647, -0.638569) 
47   ( 2.77085, -0.674137)  ( 2.75702, -0.680962) 
45   ( 2.793, -0.706385)  ( 2.77085, -0.674137) 
44   ( 2.79346, -0.71452)  ( 2.793, -0.706385) 
46   ( 2.78858, -0.725089)  ( 2.79346, -0.71452) 
47   ( 2.78501, -0.727855)  ( 2.78858, -0.725089) 
47   ( 2.80051, -0.767617)  ( 2.79446, -0.766515) 
47   ( 2.81176, -0.789738)  ( 2.80051, -0.767617) 
47   ( 2.79756, -0.809651)  ( 2.81176, -0.789738) 
46   ( 2.8084, -0.847051)  ( 2.79828, -0.838349) 
46   ( 2.81011, -0.855844)  ( 2.8084, -0.847051) 
47   ( 2.81188, -0.871545)  ( 2.81011, -0.855844) 
47   ( 2.51578, -0.615338)  ( 2.51137, -0.624554) 
47   ( 2.51862, -0.614163)  ( 2.51578, -0.615338) 
47   ( 2.53203, -0.608373)  ( 2.51862, -0.614163) 
47   ( 2.54439, -0.613048)  ( 2.53203, -0.608373) 
47   ( 2.54904, -0.620475)  ( 2.54439, -0.613048) 
46   ( 2.5821, -0.610079)  ( 2.57005, -0.623381) 
46   ( 2.60708, -0.614356)  ( 2.5821, -0.610079) 
47   ( 2.61181, -0.629813)  ( 2.60708, -0.614356) 
47   ( 2.64875, -0.623282)  ( 2.63903, -0.635825) 
46   ( 2.6797, -0.632988)  ( 2.64875, -0.623282) 
46   ( 2.67955, -0.648343)  ( 2.6797, -0.632988) 
47   ( 2.72264, -0.653052)  ( 2.71057, -0.663098) 
47   ( 2.75702, -0.680962)  ( 2.72264, -0.653052) 
47   ( 2.74884, -0.693781)  ( 2.75702, -0.680962) 
47   ( 2.78501, -0.727855)  ( 2.77007, -0.729104) 
47   ( 2.79446, -0.766515)  ( 2.78501, -0.727855) 
47   ( 2.78086, -0.775803)  ( 2.79446, -0.766515) 
47   ( 2.79756, -0.809651)  ( 2.78335, -0.803153) 
47   ( 2.80063, -0.817589)  ( 2.79756, -0.809651) 
47   ( 2.80069, -0.827059)  ( 2.80063, -0.817589) 
47   ( 2.79828, -0.838349)  ( 2.80069, -0.827059) 
47   ( 2.78384, -0.850886)  ( 2.79828, -0.838349) 
47   ( 2.80354, -0.880074)  ( 2.78358, -0.864063) 
47   ( 2.47472, -0.620087)  ( 2.47401, -0.628848) 
47   ( 2.48222, -0.614051)  ( 2.47472, -0.620087) 
46   ( 2.49966, -0.62134)  ( 2.48222, -0.614051) 
46   ( 2.51137, -0.624554)  ( 2.49966, -0.62134) 
47   ( 2.51675, -0.631824)  ( 2.51137, -0.624554) 
46   ( 2.54904, -0.620475)  ( 2.5354, -0.634162) 
47   ( 2.57005, -0.623381)  ( 2.54904, -0.620475) 
45   ( 2.57804, -0.6389)  ( 2.57005, -0.623381) 
47   ( 2.61181, -0.629813)  ( 2.60121, -0.642641) 
47   ( 2.63903, -0.635825)  ( 2.61181, -0.629813) 
47   ( 2.64147, -0.651376)  ( 2.63903, -0.635825) 
47   ( 2.67955, -0.648343)  ( 2.66879, -0.659943) 
47   ( 2.71057, -0.663098)  ( 2.67955, -0.648343) 
47   ( 2.70739, -0.678003)  ( 2.71057, -0.663098) 
46   ( 2.74884, -0.693781)  ( 2.7344, -0.699935) 
47   ( 2.77007, -0.729104)  ( 2.74884, -0.693781) 
47   ( 2.75801, -0.739472)  ( 2.77007, -0.729104) 
47   ( 2.78086, -0.775803)  ( 2.76572, -0.770991) 
47   ( 2.78335, -0.803153)  ( 2.78086, -0.775803) 
47   ( 2.76927, -0.816719)  ( 2.78335, -0.803153) 
46   ( 2.78384, -0.850886)  ( 2.7695, -0.833047) 
47   ( 2.78358, -0.864063)  ( 2.78384, -0.850886) 
47   ( 2.76864, -0.882657)  ( 2.78358, -0.864063) 
47   ( 2.78944, -0.909045)  ( 2.76837, -0.895187) 
46   ( 2.47401, -0.628848)  ( 2.4475, -0.643474) 
47   ( 2.48481, -0.643791)  ( 2.47401, -0.628848) 
47   ( 2.51675, -0.631824)  ( 2.50302, -0.646273) 
46   ( 2.5354, -0.634162)  ( 2.51675, -0.631824) 
45   ( 2.54619, -0.64951)  ( 2.5354, -0.634162) 
44   ( 2.57804, -0.6389)  ( 2.56499, -0.65177) 
45   ( 2.60121, -0.642641)  ( 2.57804, -0.6389) 
46   ( 2.6065, -0.658322)  ( 2.60121, -0.642641) 
47   ( 2.64147, -0.651376)  ( 2.63136, -0.663811) 
47   ( 2.66879, -0.659943)  ( 2.64147, -0.651376) 
47   ( 2.66925, -0.675536)  ( 2.66879, -0.659943) 
46   ( 2.69231, -0.70293)  ( 2.69805, -0.710073) 
47   ( 2.70739, -0.678003)  ( 2.69453, -0.687566) 
46   ( 2.7344, -0.699935)  ( 2.70739, -0.678003) 
45   ( 2.72695, -0.71362)  ( 2.7344, -0.699935) 
47   ( 2.75801, -0.739472)  ( 2.74266, -0.739759) 
47   ( 2.76572, -0.770991)  ( 2.75801, -0.739472) 
47   ( 2.75221, -0.780753)  ( 2.76572, -0.770991) 
47   ( 2.76927, -0.816719)  ( 2.75439, -0.804662) 
46   ( 2.7695, -0.833047)  ( 2.76927, -0.816719) 
46   ( 2.75485, -0.850758)  ( 2.7695, -0.833047) 
46   ( 2.76864, -0.882657)  ( 2.7546, -0.863613) 
47   ( 2.76837, -0.895187)  ( 2.76864, -0.882657) 
47   ( 2.75356, -0.913426)  ( 2.76837, -0.895187) 
46   ( 2.7703, -0.940133)  ( 2.75342, -0.926426) 
47   ( 2.66396, -0.896722)  ( 2.67405, -0.903041) 
47   ( 2.68086, -0.885823)  ( 2.66396, -0.896722) 
47   ( 2.65855, -0.969853)  ( 2.66453, -0.971448) 
47   ( 2.67046, -0.934218)  ( 2.65855, -0.969853) 
45   ( 2.65594, -1.01339)  ( 2.67066, -1.03879) 
46   ( 2.67275, -0.998703)  ( 2.65594, -1.01339) 
46   ( 2.54736, -0.72263)  ( 2.55871, -0.725531) 
46   ( 2.54359, -0.722103)  ( 2.54736, -0.72263) 
47   ( 2.54785, -0.708108)  ( 2.54359, -0.722103) 
47   ( 2.55871, -0.725531)  ( 2.56265, -0.717454) 
46   ( 2.67456, -0.798095)  ( 2.68732, -0.81397) 
47   ( 2.68648, -0.786647)  ( 2.67456, -0.798095) 
47   ( 2.67221, -0.866153)  ( 2.68274, -0.874953) 
47   ( 2.67634, -0.842884)  ( 2.67221, -0.866153) 
47   ( 2.68447, -0.836891)  ( 2.67634, -0.842884) 
47   ( 2.67046, -0.934218)  ( 2.68087, -0.943973) 
47   ( 2.66653, -0.931398)  ( 2.67046, -0.934218) 
47   ( 2.67405, -0.903041)  ( 2.66653, -0.931398) 
47   ( 2.68121, -0.897598)  ( 2.67405, -0.903041) 
46   ( 2.67275, -0.998703)  ( 2.68138, -1.00255) 
47   ( 2.66453, -0.971448)  ( 2.67275, -0.998703) 
47   ( 2.68089, -0.958392)  ( 2.66453, -0.971448) 
45   ( 2.529, -0.714272)  ( 2.53691, -0.704578) 
45   ( 2.51119, -0.708675)  ( 2.529, -0.714272) 
46   ( 2.5055, -0.696772)  ( 2.51119, -0.708675) 
47   ( 2.58521, -0.725823)  ( 2.59537, -0.713963) 
47   ( 2.56265, -0.717454)  ( 2.58521, -0.725823) 
46   ( 2.55763, -0.70913)  ( 2.56265, -0.717454) 
46   ( 2.63574, -0.72683)  ( 2.63992, -0.711606) 
46   ( 2.62122, -0.714075)  ( 2.63574, -0.72683) 
44   ( 2.68648, -0.786647)  ( 2.69494, -0.791) 
45   ( 2.684, -0.778833)  ( 2.68648, -0.786647) 
43   ( 2.68459, -0.7715)  ( 2.684, -0.778833) 
45   ( 2.69298, -0.761061)  ( 2.68459, -0.7715) 
47   ( 2.68447, -0.836891)  ( 2.69688, -0.850517) 
46   ( 2.6834, -0.820645)  ( 2.68447, -0.836891) 
45   ( 2.68732, -0.81397)  ( 2.6834, -0.820645) 
46   ( 2.69645, -0.807607)  ( 2.68732, -0.81397) 
46   ( 2.68121, -0.897598)  ( 2.6956, -0.912601) 
47   ( 2.68086, -0.885823)  ( 2.68121, -0.897598) 
47   ( 2.68274, -0.874953)  ( 2.68086, -0.885823) 
47   ( 2.69665, -0.862718)  ( 2.68274, -0.874953) 
47   ( 2.68089, -0.958392)  ( 2.69549, -0.975383) 
47   ( 2.68087, -0.943973)  ( 2.68089, -0.958392) 
47   ( 2.69545, -0.926024)  ( 2.68087, -0.943973) 
44   ( 2.68138, -1.00255)  ( 2.68616, -1.0305) 
46   ( 2.69568, -0.990625)  ( 2.68138, -1.00255) 
46   ( 2.5055, -0.696772)  ( 2.51488, -0.690359) 
46   ( 2.49573, -0.700903)  ( 2.5055, -0.696772) 
47   ( 2.49161, -0.704766)  ( 2.49573, -0.700903) 
47   ( 2.46795, -0.702552)  ( 2.49161, -0.704766) 
47   ( 2.46673, -0.695134)  ( 2.46795, -0.702552) 
46   ( 2.55763, -0.70913)  ( 2.57002, -0.696321) 
46   ( 2.54785, -0.708108)  ( 2.55763, -0.70913) 
47   ( 2.53691, -0.704578)  ( 2.54785, -0.708108) 
47   ( 2.52661, -0.691027)  ( 2.53691, -0.704578) 
47   ( 2.62122, -0.714075)  ( 2.62703, -0.707597) 
47   ( 2.61165, -0.719708)  ( 2.62122, -0.714075) 
47   ( 2.59537, -0.713963)  ( 2.61165, -0.719708) 
47   ( 2.59017, -0.699574)  ( 2.59537, -0.713963) 
47   ( 2.66755, -0.721217)  ( 2.67079, -0.707546) 
47   ( 2.65449, -0.722777)  ( 2.66755, -0.721217) 
47   ( 2.65108, -0.709826)  ( 2.65449, -0.722777) 
47   ( 2.69298, -0.761061)  ( 2.70428, -0.763769) 
47   ( 2.68908, -0.754517)  ( 2.69298, -0.761061) 
47   ( 2.68961, -0.749766)  ( 2.68908, -0.754517) 
47   ( 2.69152, -0.743015)  ( 2.68961, -0.749766) 
47   ( 2.69207, -0.740503)  ( 2.69152, -0.743015) 
47   ( 2.69521, -0.735694)  ( 2.69207, -0.740503) 
47   ( 2.69645, -0.807607)  ( 2.71134, -0.819495) 
44   ( 2.69494, -0.791)  ( 2.69645, -0.807607) 
44   ( 2.70816, -0.779645)  ( 2.69494, -0.791) 
47   ( 2.69665, -0.862718)  ( 2.71068, -0.881552) 
47   ( 2.69688, -0.850517)  ( 2.69665, -0.862718) 
46   ( 2.71154, -0.83344)  ( 2.69688, -0.850517) 
47   ( 2.69545, -0.926024)  ( 2.70985, -0.944066) 
46   ( 2.6956, -0.912601)  ( 2.69545, -0.926024) 
46   ( 2.71041, -0.894233)  ( 2.6956, -0.912601) 
46   ( 2.69568, -0.990625)  ( 2.70776, -1.00086) 
47   ( 2.69549, -0.975383)  ( 2.69568, -0.990625) 
47   ( 2.70987, -0.958256)  ( 2.69549, -0.975383) 
47   ( 2.46673, -0.695134)  ( 2.48577, -0.673865) 
47   ( 2.44295, -0.676117)  ( 2.46673, -0.695134) 
47   ( 2.46895, -0.658001)  ( 2.45884, -0.657494) 
45   ( 2.52661, -0.691027)  ( 2.5431, -0.67833) 
47   ( 2.51488, -0.690359)  ( 2.52661, -0.691027) 
47   ( 2.49811, -0.673863)  ( 2.51488, -0.690359) 
47   ( 2.53028, -0.662457)  ( 2.51496, -0.661082) 
47   ( 2.59017, -0.699574)  ( 2.60121, -0.686835) 
47   ( 2.57002, -0.696321)  ( 2.59017, -0.699574) 
46   ( 2.56098, -0.68048)  ( 2.57002, -0.696321) 
45   ( 2.5957, -0.671109)  ( 2.57403, -0.66761) 
46   ( 2.65108, -0.709826)  ( 2.65903, -0.70277) 
47   ( 2.63992, -0.711606)  ( 2.65108, -0.709826) 
47   ( 2.62703, -0.707597)  ( 2.63992, -0.711606) 
47   ( 2.62364, -0.691789)  ( 2.62703, -0.707597) 
46   ( 2.65781, -0.686874)  ( 2.63423, -0.67948) 
46   ( 2.69521, -0.735694)  ( 2.70531, -0.73388) 
47   ( 2.68965, -0.726864)  ( 2.69521, -0.735694) 
47   ( 2.69001, -0.724597)  ( 2.68965, -0.726864) 
47   ( 2.68996, -0.723102)  ( 2.69001, -0.724597) 
47   ( 2.68891, -0.721323)  ( 2.68996, -0.723102) 
47   ( 2.69805, -0.710073)  ( 2.68891, -0.721323) 
47   ( 2.71154, -0.718703)  ( 2.69805, -0.710073) 
47   ( 2.70816, -0.779645)  ( 2.72357, -0.785802) 
47   ( 2.70428, -0.763769)  ( 2.70816, -0.779645) 
47   ( 2.71505, -0.750088)  ( 2.70428, -0.763769) 
47   ( 2.73696, -0.775381)  ( 2.73108, -0.751345) 
46   ( 2.71154, -0.83344)  ( 2.72587, -0.850635) 
46   ( 2.71134, -0.819495)  ( 2.71154, -0.83344) 
47   ( 2.72542, -0.806148)  ( 2.71134, -0.819495) 
46   ( 2.74052, -0.833242)  ( 2.7403, -0.818094) 
47   ( 2.71041, -0.894233)  ( 2.72458, -0.913014) 
47   ( 2.71068, -0.881552)  ( 2.71041, -0.894233) 
47   ( 2.72562, -0.863165)  ( 2.71068, -0.881552) 
46   ( 2.73939, -0.89471)  ( 2.73966, -0.882105) 
46   ( 2.73885, -0.952062)  ( 2.73883, -0.94248) 
47   ( 2.70987, -0.958256)  ( 2.72694, -0.971387) 
47   ( 2.70985, -0.944066)  ( 2.70987, -0.958256) 
47   ( 2.72444, -0.926226)  ( 2.70985, -0.944066) 
46   ( 2.42964, -0.67773)  ( 2.44295, -0.676117) 
45   ( 2.41621, -0.66328)  ( 2.42964, -0.67773) 
46   ( 2.41984, -0.644762)  ( 2.41621, -0.66328) 
47   ( 2.43618, -0.637175)  ( 2.41984, -0.644762) 
46   ( 2.4475, -0.643474)  ( 2.43618, -0.637175) 
46   ( 2.45884, -0.657494)  ( 2.4475, -0.643474) 
47   ( 2.44295, -0.676117)  ( 2.45884, -0.657494) 
47   ( 2.49811, -0.673863)  ( 2.51496, -0.661082) 
47   ( 2.48577, -0.673865)  ( 2.49811, -0.673863) 
47   ( 2.46895, -0.658001)  ( 2.48577, -0.673865) 
47   ( 2.48481, -0.643791)  ( 2.46895, -0.658001) 
47   ( 2.50302, -0.646273)  ( 2.48481, -0.643791) 
47   ( 2.51496, -0.661082)  ( 2.50302, -0.646273) 
45   ( 2.56098, -0.68048)  ( 2.57403, -0.66761) 
44   ( 2.5431, -0.67833)  ( 2.56098, -0.68048) 
45   ( 2.53028, -0.662457)  ( 2.5431, -0.67833) 
46   ( 2.54619, -0.64951)  ( 2.53028, -0.662457) 
45   ( 2.56499, -0.65177)  ( 2.54619, -0.64951) 
45   ( 2.57403, -0.66761)  ( 2.56499, -0.65177) 
46   ( 2.62364, -0.691789)  ( 2.63423, -0.67948) 
47   ( 2.60121, -0.686835)  ( 2.62364, -0.691789) 
46   ( 2.5957, -0.671109)  ( 2.60121, -0.686835) 
45   ( 2.6065, -0.658322)  ( 2.5957, -0.671109) 
46   ( 2.63136, -0.663811)  ( 2.6065, -0.658322) 
46   ( 2.63423, -0.67948)  ( 2.63136, -0.663811) 
47   ( 2.66925, -0.675536)  ( 2.65781, -0.686874) 
47   ( 2.69453, -0.687566)  ( 2.66925, -0.675536) 
46   ( 2.69231, -0.70293)  ( 2.69453, -0.687566) 
46   ( 2.67946, -0.707501)  ( 2.69231, -0.70293) 
47   ( 2.67509, -0.707558)  ( 2.67946, -0.707501) 
47   ( 2.67079, -0.707546)  ( 2.67509, -0.707558) 
46   ( 2.65903, -0.70277)  ( 2.67079, -0.707546) 
46   ( 2.65781, -0.686874)  ( 2.65903, -0.70277) 
47   ( 2.71505, -0.750088)  ( 2.73108, -0.751345) 
46   ( 2.70531, -0.73388)  ( 2.71505, -0.750088) 
46   ( 2.71154, -0.718703)  ( 2.70531, -0.73388) 
46   ( 2.72695, -0.71362)  ( 2.71154, -0.718703) 
46   ( 2.74266, -0.739759)  ( 2.72695, -0.71362) 
47   ( 2.73108, -0.751345)  ( 2.74266, -0.739759) 
46   ( 2.72542, -0.806148)  ( 2.7403, -0.818094) 
47   ( 2.72357, -0.785802)  ( 2.72542, -0.806148) 
47   ( 2.73696, -0.775381)  ( 2.72357, -0.785802) 
47   ( 2.75221, -0.780753)  ( 2.73696, -0.775381) 
47   ( 2.75439, -0.804662)  ( 2.75221, -0.780753) 
46   ( 2.7403, -0.818094)  ( 2.75439, -0.804662) 
47   ( 2.72562, -0.863165)  ( 2.73966, -0.882105) 
47   ( 2.72587, -0.850635)  ( 2.72562, -0.863165) 
47   ( 2.74052, -0.833242)  ( 2.72587, -0.850635) 
47   ( 2.75485, -0.850758)  ( 2.74052, -0.833242) 
46   ( 2.7546, -0.863613)  ( 2.75485, -0.850758) 
46   ( 2.73966, -0.882105)  ( 2.7546, -0.863613) 
46   ( 2.72444, -0.926226)  ( 2.73883, -0.94248) 
47   ( 2.72458, -0.913014)  ( 2.72444, -0.926226) 
46   ( 2.73939, -0.89471)  ( 2.72458, -0.913014) 
46   ( 2.75356, -0.913426)  ( 2.73939, -0.89471) 
47   ( 2.75342, -0.926426)  ( 2.75356, -0.913426) 
46   ( 2.73883, -0.94248)  ( 2.75342, -0.926426) 
45   ( 3.83259, -1.18949)  ( 3.83848, -1.18617) 
45   ( 3.82469, -1.19517)  ( 3.83259, -1.18949) 
43   ( 3.79304, -1.1763)  ( 3.79375, -1.1856) 
44   ( 3.79152, -1.16674)  ( 3.79304, -1.1763) 
45   ( 3.79011, -1.19544)  ( 3.79291, -1.21437) 
44   ( 3.79375, -1.1856)  ( 3.79011, -1.19544) 
44   ( 3.82469, -1.19517)  ( 3.79375, -1.1856) 
45   ( 3.82107, -1.20415)  ( 3.82469, -1.19517) 
45   ( 3.80393, -1.21874)  ( 3.82107, -1.20415) 
44   ( 3.7822, -1.22471)  ( 3.78121, -1.24772) 
44   ( 3.79291, -1.21437)  ( 3.7822, -1.22471) 
45   ( 3.80393, -1.21874)  ( 3.79291, -1.21437) 
45   ( 3.80717, -1.23103)  ( 3.80393, -1.21874) 
45   ( 3.80288, -1.24469)  ( 3.80717, -1.23103) 
45   ( 3.79304, -1.25242)  ( 3.80288, -1.24469) 
44   ( 3.76948, -1.25774)  ( 3.76412, -1.2711) 
45   ( 3.78121, -1.24772)  ( 3.76948, -1.25774) 
45   ( 3.79304, -1.25242)  ( 3.78121, -1.24772) 
45   ( 3.79769, -1.27491)  ( 3.79304, -1.25242) 
45   ( 3.78653, -1.28783)  ( 3.79769, -1.27491) 
45   ( 3.74442, -1.30152)  ( 3.74489, -1.30931) 
45   ( 3.75832, -1.27896)  ( 3.74442, -1.30152) 
44   ( 3.76412, -1.2711)  ( 3.75832, -1.27896) 
44   ( 3.78653, -1.28783)  ( 3.76412, -1.2711) 
45   ( 3.78946, -1.30479)  ( 3.78653, -1.28783) 
45   ( 3.78089, -1.32139)  ( 3.78946, -1.30479) 
45   ( 3.78017, -1.32729)  ( 3.78089, -1.32139) 
45   ( 3.77663, -1.33951)  ( 3.78017, -1.32729) 
45   ( 3.76639, -1.35059)  ( 3.77663, -1.33951) 
45   ( 3.75547, -1.35348)  ( 3.76639, -1.35059) 
43   ( 3.747, -1.35166)  ( 3.75547, -1.35348) 
42   ( 3.7396, -1.34584)  ( 3.747, -1.35166) 
44   ( 3.73464, -1.33459)  ( 3.7396, -1.34584) 
45   ( 3.73641, -1.31987)  ( 3.73464, -1.33459) 
45   ( 3.74489, -1.30931)  ( 3.73641, -1.31987) 
45   ( 3.78089, -1.32139)  ( 3.74489, -1.30931) 
44   ( 3.83848, -1.18617)  ( 3.8513, -1.19108) 
44   ( 3.83559, -1.1553)  ( 3.83848, -1.18617) 
45   ( 3.87627, -1.16913)  ( 3.87732, -1.16139) 
45   ( 3.87663, -1.17872)  ( 3.87627, -1.16913) 
45   ( 3.87003, -1.21052)  ( 3.87902, -1.21141) 
45   ( 3.85637, -1.20003)  ( 3.87003, -1.21052) 
44   ( 3.8513, -1.19108)  ( 3.85637, -1.20003) 
44   ( 3.87663, -1.17872)  ( 3.8513, -1.19108) 
45   ( 3.88211, -1.18766)  ( 3.87663, -1.17872) 
45   ( 3.88308, -1.20884)  ( 3.88211, -1.18766) 
45   ( 3.87969, -1.23188)  ( 3.89614, -1.24237) 
45   ( 3.87902, -1.21141)  ( 3.87969, -1.23188) 
45   ( 3.88308, -1.20884)  ( 3.87902, -1.21141) 
45   ( 3.89498, -1.21299)  ( 3.88308, -1.20884) 
44   ( 3.9054, -1.22634)  ( 3.89498, -1.21299) 
44   ( 3.90509, -1.23671)  ( 3.9054, -1.22634) 
45   ( 3.89573, -1.26032)  ( 3.90304, -1.27179) 
45   ( 3.89614, -1.24237)  ( 3.89573, -1.26032) 
45   ( 3.90509, -1.23671)  ( 3.89614, -1.24237) 
45   ( 3.92684, -1.24885)  ( 3.90509, -1.23671) 
45   ( 3.92932, -1.26317)  ( 3.92684, -1.24885) 
45   ( 3.91501, -1.30484)  ( 3.92209, -1.30956) 
43   ( 3.9057, -1.2808)  ( 3.91501, -1.30484) 
43   ( 3.90304, -1.27179)  ( 3.9057, -1.2808) 
45   ( 3.92932, -1.26317)  ( 3.90304, -1.27179) 
45   ( 3.94557, -1.27118)  ( 3.92932, -1.26317) 
45   ( 3.95336, -1.28924)  ( 3.94557, -1.27118) 
45   ( 3.95891, -1.29355)  ( 3.95336, -1.28924) 
45   ( 3.96504, -1.30207)  ( 3.95891, -1.29355) 
43   ( 3.96787, -1.318)  ( 3.96504, -1.30207) 
43   ( 3.96324, -1.32815)  ( 3.96787, -1.318) 
43   ( 3.9567, -1.3334)  ( 3.96324, -1.32815) 
43   ( 3.94736, -1.33553)  ( 3.9567, -1.3334) 
45   ( 3.93523, -1.33222)  ( 3.94736, -1.33553) 
45   ( 3.92498, -1.32175)  ( 3.93523, -1.33222) 
45   ( 3.92209, -1.30956)  ( 3.92498, -1.32175) 
45   ( 3.95336, -1.28924)  ( 3.92209, -1.30956) 
45   ( 3.87732, -1.16139)  ( 3.88826, -1.15413) 
45   ( 3.85079, -1.14567)  ( 3.87732, -1.16139) 
45   ( 3.88727, -1.12264)  ( 3.88015, -1.11552) 
44   ( 3.89433, -1.1267)  ( 3.88727, -1.12264) 
45   ( 3.91488, -1.15028)  ( 3.92174, -1.14314) 
45   ( 3.89954, -1.15563)  ( 3.91488, -1.15028) 
45   ( 3.88826, -1.15413)  ( 3.89954, -1.15563) 
44   ( 3.89433, -1.1267)  ( 3.88826, -1.15413) 
43   ( 3.9059, -1.12775)  ( 3.89433, -1.1267) 
43   ( 3.92199, -1.1391)  ( 3.9059, -1.12775) 
45   ( 3.93663, -1.15456)  ( 3.95679, -1.14843) 
45   ( 3.92174, -1.14314)  ( 3.93663, -1.15456) 
44   ( 3.92199, -1.1391)  ( 3.92174, -1.14314) 
44   ( 3.93236, -1.13172)  ( 3.92199, -1.1391) 
45   ( 3.95124, -1.13065)  ( 3.93236, -1.13172) 
45   ( 3.95757, -1.13619)  ( 3.95124, -1.13065) 
45   ( 3.98622, -1.16409)  ( 3.99139, -1.16108) 
45   ( 3.96224, -1.15684)  ( 3.98622, -1.16409) 
45   ( 3.95679, -1.14843)  ( 3.96224, -1.15684) 
45   ( 3.95757, -1.13619)  ( 3.95679, -1.14843) 
45   ( 3.98291, -1.12713)  ( 3.95757, -1.13619) 
45   ( 3.99317, -1.13286)  ( 3.98291, -1.12713) 
44   ( 4.0166, -1.16944)  ( 4.02645, -1.16618) 
44   ( 3.99139, -1.16108)  ( 4.0166, -1.16944) 
45   ( 3.99317, -1.13286)  ( 3.99139, -1.16108) 
45   ( 4.01125, -1.12454)  ( 3.99317, -1.13286) 
45   ( 4.02873, -1.12949)  ( 4.01125, -1.12454) 
43   ( 4.03779, -1.127)  ( 4.02873, -1.12949) 
43   ( 4.04584, -1.12742)  ( 4.03779, -1.127) 
45   ( 4.06094, -1.13514)  ( 4.04584, -1.12742) 
45   ( 4.06587, -1.14484)  ( 4.06094, -1.13514) 
45   ( 4.06593, -1.15311)  ( 4.06587, -1.14484) 
45   ( 4.06166, -1.16202)  ( 4.06593, -1.15311) 
45   ( 4.05107, -1.16956)  ( 4.06166, -1.16202) 
45   ( 4.03676, -1.17095)  ( 4.05107, -1.16956) 
45   ( 4.02645, -1.16618)  ( 4.03676, -1.17095) 
45   ( 4.02873, -1.12949)  ( 4.02645, -1.16618) 
44   ( 3.88015, -1.11552)  ( 3.8806, -1.10298) 
45   ( 3.85193, -1.12771)  ( 3.88015, -1.11552) 
44   ( 3.8563, -1.08368)  ( 3.84479, -1.08628) 
43   ( 3.893, -1.08002)  ( 3.89145, -1.06871) 
43   ( 3.88921, -1.09421)  ( 3.893, -1.08002) 
44   ( 3.8806, -1.10298)  ( 3.88921, -1.09421) 
43   ( 3.8563, -1.08368)  ( 3.8806, -1.10298) 
44   ( 3.86363, -1.07269)  ( 3.8563, -1.08368) 
45   ( 3.87477, -1.06803)  ( 3.86363, -1.07269) 
44   ( 3.88865, -1.0664)  ( 3.87477, -1.06803) 
45   ( 3.90792, -1.06473)  ( 3.91712, -1.04412) 
45   ( 3.89145, -1.06871)  ( 3.90792, -1.06473) 
44   ( 3.88865, -1.0664)  ( 3.89145, -1.06871) 
43   ( 3.88928, -1.0517)  ( 3.88865, -1.0664) 
44   ( 3.90594, -1.03627)  ( 3.88928, -1.0517) 
45   ( 3.94532, -1.02968)  ( 3.94631, -1.02243) 
45   ( 3.92386, -1.04478)  ( 3.94532, -1.02968) 
45   ( 3.91712, -1.04412)  ( 3.92386, -1.04478) 
45   ( 3.90594, -1.03627)  ( 3.91712, -1.04412) 
45   ( 3.90591, -1.03313)  ( 3.90594, -1.03627) 
44   ( 3.9163, -1.00809)  ( 3.90591, -1.03313) 
44   ( 3.92483, -1.00463)  ( 3.9163, -1.00809) 
45   ( 3.96731, -1.00947)  ( 3.9717, -0.997598) 
45   ( 3.94631, -1.02243)  ( 3.96731, -1.00947) 
45   ( 3.92483, -1.00463)  ( 3.94631, -1.02243) 
46   ( 3.93052, -0.983542)  ( 3.92483, -1.00463) 
46   ( 3.9436, -0.974321)  ( 3.93052, -0.983542) 
46   ( 3.94725, -0.964504)  ( 3.9436, -0.974321) 
46   ( 3.95314, -0.95792)  ( 3.94725, -0.964504) 
46   ( 3.96806, -0.951444)  ( 3.95314, -0.95792) 
47   ( 3.97844, -0.953569)  ( 3.96806, -0.951444) 
47   ( 3.98492, -0.958615)  ( 3.97844, -0.953569) 
47   ( 3.98937, -0.967755)  ( 3.98492, -0.958615) 
47   ( 3.98817, -0.981648)  ( 3.98937, -0.967755) 
47   ( 3.98105, -0.992483)  ( 3.98817, -0.981648) 
46   ( 3.9717, -0.997598)  ( 3.98105, -0.992483) 
45   ( 3.9436, -0.974321)  ( 3.9717, -0.997598) 
45   ( 3.84479, -1.08628)  ( 3.83532, -1.07898) 
45   ( 3.83808, -1.11623)  ( 3.84479, -1.08628) 
45   ( 3.82491, -1.05633)  ( 3.81357, -1.04958) 
45   ( 3.83332, -1.06597)  ( 3.82491, -1.05633) 
45   ( 3.83532, -1.07898)  ( 3.83332, -1.06597) 
44   ( 3.81527, -1.0856)  ( 3.83532, -1.07898) 
44   ( 3.8009, -1.06743)  ( 3.80101, -1.07337) 
44   ( 3.80135, -1.06375)  ( 3.8009, -1.06743) 
44   ( 3.80646, -1.0514)  ( 3.80135, -1.06375) 
45   ( 3.81976, -1.03576)  ( 3.80997, -1.01434) 
45   ( 3.81357, -1.04958)  ( 3.81976, -1.03576) 
44   ( 3.80646, -1.0514)  ( 3.81357, -1.04958) 
44   ( 3.79692, -1.03998)  ( 3.80646, -1.0514) 
45   ( 3.79472, -1.03079)  ( 3.79692, -1.03998) 
44   ( 3.7981, -1.01708)  ( 3.79472, -1.03079) 
45   ( 3.81357, -0.984396)  ( 3.8076, -0.97819) 
46   ( 3.81218, -1.01165)  ( 3.81357, -0.984396) 
45   ( 3.80997, -1.01434)  ( 3.81218, -1.01165) 
44   ( 3.7981, -1.01708)  ( 3.80997, -1.01434) 
44   ( 3.78064, -1.00173)  ( 3.7981, -1.01708) 
45   ( 3.7825, -0.984615)  ( 3.78064, -1.00173) 
47   ( 3.81088, -0.955672)  ( 3.80319, -0.942859) 
45   ( 3.8076, -0.97819)  ( 3.81088, -0.955672) 
44   ( 3.7825, -0.984615)  ( 3.8076, -0.97819) 
45   ( 3.76917, -0.97287)  ( 3.7825, -0.984615) 
46   ( 3.76758, -0.952217)  ( 3.76917, -0.97287) 
46   ( 3.76269, -0.94447)  ( 3.76758, -0.952217) 
45   ( 3.7605, -0.936228)  ( 3.76269, -0.94447) 
46   ( 3.76361, -0.918929)  ( 3.7605, -0.936228) 
47   ( 3.77176, -0.911544)  ( 3.76361, -0.918929) 
47   ( 3.78009, -0.909329)  ( 3.77176, -0.911544) 
47   ( 3.79032, -0.911493)  ( 3.78009, -0.909329) 
46   ( 3.8011, -0.922695)  ( 3.79032, -0.911493) 
46   ( 3.80423, -0.932321)  ( 3.8011, -0.922695) 
47   ( 3.80319, -0.942859)  ( 3.80423, -0.932321) 
47   ( 3.76758, -0.952217)  ( 3.80319, -0.942859) 
45   ( 3.53523, -1.09849)  ( 3.54301, -1.10208) 
45   ( 3.53034, -1.09677)  ( 3.53523, -1.09849) 
44   ( 3.53951, -1.0854)  ( 3.53034, -1.09677) 
45   ( 3.54301, -1.10208)  ( 3.54784, -1.08988) 
45   ( 3.47682, -1.05835)  ( 3.49171, -1.05476) 
45   ( 3.47342, -1.05612)  ( 3.47682, -1.05835) 
45   ( 3.47121, -1.05403)  ( 3.47342, -1.05612) 
44   ( 3.46974, -1.0518)  ( 3.47121, -1.05403) 
43   ( 3.46861, -1.0493)  ( 3.46974, -1.0518) 
44   ( 3.46555, -1.04286)  ( 3.46861, -1.0493) 
45   ( 3.46423, -1.03812)  ( 3.46555, -1.04286) 
44   ( 3.4626, -1.03316)  ( 3.46423, -1.03812) 
42   ( 3.4731, -1.0224)  ( 3.4626, -1.03316) 
43   ( 3.56595, -1.11179)  ( 3.586, -1.10061) 
44   ( 3.5634, -1.09133)  ( 3.56595, -1.11179) 
43   ( 3.51546, -1.0772)  ( 3.5308, -1.07421) 
43   ( 3.50746, -1.0742)  ( 3.51546, -1.0772) 
43   ( 3.49702, -1.0679)  ( 3.50746, -1.0742) 
44   ( 3.49171, -1.05476)  ( 3.49702, -1.0679) 
45   ( 3.49534, -1.04635)  ( 3.49171, -1.05476) 
45   ( 3.45424, -1.00937)  ( 3.47324, -1.01219) 
46   ( 3.44844, -0.999936)  ( 3.45424, -1.00937) 
47   ( 3.44694, -0.987231)  ( 3.44844, -0.999936) 
47   ( 3.45908, -0.978828)  ( 3.44694, -0.987231) 
45   ( 3.66352, -1.14508)  ( 3.68092, -1.13309) 
45   ( 3.66014, -1.13033)  ( 3.66352, -1.14508) 
44   ( 3.59786, -1.1235)  ( 3.63006, -1.11978) 
44   ( 3.59431, -1.10273)  ( 3.59786, -1.1235) 
44   ( 3.5634, -1.09133)  ( 3.56941, -1.08723) 
44   ( 3.54784, -1.08988)  ( 3.5634, -1.09133) 
44   ( 3.53951, -1.0854)  ( 3.54784, -1.08988) 
43   ( 3.5308, -1.07421)  ( 3.53951, -1.0854) 
44   ( 3.53478, -1.06209)  ( 3.5308, -1.07421) 
44   ( 3.49534, -1.04635)  ( 3.50927, -1.0396) 
43   ( 3.4731, -1.0224)  ( 3.49534, -1.04635) 
43   ( 3.47324, -1.01219)  ( 3.4731, -1.0224) 
45   ( 3.47844, -1.00466)  ( 3.47324, -1.01219) 
47   ( 3.44107, -0.959297)  ( 3.45974, -0.972424) 
47   ( 3.43823, -0.948785)  ( 3.44107, -0.959297) 
47   ( 3.44503, -0.933044)  ( 3.43823, -0.948785) 
46   ( 3.41421, -0.895676)  ( 3.43425, -0.90002) 
47   ( 3.41999, -0.865587)  ( 3.41421, -0.895676) 
47   ( 3.40361, -0.836056)  ( 3.41363, -0.838316) 
47   ( 3.39709, -0.809162)  ( 3.40361, -0.836056) 
44   ( 3.71822, -1.1513)  ( 3.72433, -1.14464) 
44   ( 3.69361, -1.14991)  ( 3.71822, -1.1513) 
45   ( 3.69131, -1.13525)  ( 3.69361, -1.14991) 
45   ( 3.66014, -1.13033)  ( 3.66737, -1.12584) 
45   ( 3.63337, -1.12815)  ( 3.66014, -1.13033) 
45   ( 3.63006, -1.11978)  ( 3.63337, -1.12815) 
45   ( 3.63026, -1.10679)  ( 3.63006, -1.11978) 
45   ( 3.59431, -1.10273)  ( 3.60807, -1.09423) 
43   ( 3.586, -1.10061)  ( 3.59431, -1.10273) 
43   ( 3.56941, -1.08723)  ( 3.586, -1.10061) 
45   ( 3.57264, -1.07197)  ( 3.56941, -1.08723) 
44   ( 3.53478, -1.06209)  ( 3.5483, -1.05423) 
44   ( 3.50927, -1.0396)  ( 3.53478, -1.06209) 
44   ( 3.51573, -1.02565)  ( 3.50927, -1.0396) 
46   ( 3.47844, -1.00466)  ( 3.49314, -0.999969) 
46   ( 3.45908, -0.978828)  ( 3.47844, -1.00466) 
47   ( 3.45974, -0.972424)  ( 3.45908, -0.978828) 
47   ( 3.46886, -0.961762)  ( 3.45974, -0.972424) 
47   ( 3.44503, -0.933044)  ( 3.45556, -0.933127) 
47   ( 3.43204, -0.919083)  ( 3.44503, -0.933044) 
46   ( 3.43425, -0.90002)  ( 3.43204, -0.919083) 
46   ( 3.43961, -0.888403)  ( 3.43425, -0.90002) 
47   ( 3.41999, -0.865587)  ( 3.43494, -0.872924) 
47   ( 3.41615, -0.862811)  ( 3.41999, -0.865587) 
47   ( 3.41363, -0.838316)  ( 3.41615, -0.862811) 
47   ( 3.42168, -0.823682)  ( 3.41363, -0.838316) 
47   ( 3.40912, -0.804169)  ( 3.41855, -0.811619) 
45   ( 3.74766, -1.15437)  ( 3.75832, -1.14782) 
45   ( 3.73809, -1.15342)  ( 3.74766, -1.15437) 
45   ( 3.72433, -1.14464)  ( 3.73809, -1.15342) 
45   ( 3.72141, -1.13579)  ( 3.72433, -1.14464) 
45   ( 3.69131, -1.13525)  ( 3.70482, -1.12754) 
45   ( 3.68092, -1.13309)  ( 3.69131, -1.13525) 
45   ( 3.66737, -1.12584)  ( 3.68092, -1.13309) 
45   ( 3.66493, -1.10859)  ( 3.66737, -1.12584) 
45   ( 3.63026, -1.10679)  ( 3.64578, -1.09866) 
45   ( 3.60807, -1.09423)  ( 3.63026, -1.10679) 
45   ( 3.60905, -1.07799)  ( 3.60807, -1.09423) 
45   ( 3.57264, -1.07197)  ( 3.58603, -1.06345) 
44   ( 3.5483, -1.05423)  ( 3.57264, -1.07197) 
44   ( 3.55278, -1.03932)  ( 3.5483, -1.05423) 
45   ( 3.51573, -1.02565)  ( 3.53001, -1.01925) 
46   ( 3.49314, -0.999969)  ( 3.51573, -1.02565) 
47   ( 3.50151, -0.986942)  ( 3.49314, -0.999969) 
47   ( 3.46886, -0.961762)  ( 3.48425, -0.959926) 
47   ( 3.45556, -0.933127)  ( 3.46886, -0.961762) 
47   ( 3.46576, -0.919387)  ( 3.45556, -0.933127) 
47   ( 3.43961, -0.888403)  ( 3.45781, -0.897663) 
47   ( 3.43494, -0.872924)  ( 3.43961, -0.888403) 
46   ( 3.44388, -0.85112)  ( 3.43494, -0.872924) 
47   ( 3.42168, -0.823682)  ( 3.44052, -0.838553) 
47   ( 3.41855, -0.811619)  ( 3.42168, -0.823682) 
47   ( 3.42933, -0.795456)  ( 3.41855, -0.811619) 
45   ( 3.79152, -1.16674)  ( 3.79743, -1.15612) 
45   ( 3.76959, -1.16121)  ( 3.79152, -1.16674) 
44   ( 3.76713, -1.1565)  ( 3.76959, -1.16121) 
44   ( 3.75832, -1.14782)  ( 3.76713, -1.1565) 
45   ( 3.75585, -1.13542)  ( 3.75832, -1.14782) 
45   ( 3.72141, -1.13579)  ( 3.73934, -1.12689) 
45   ( 3.70482, -1.12754)  ( 3.72141, -1.13579) 
45   ( 3.69897, -1.10912)  ( 3.70482, -1.12754) 
45   ( 3.66493, -1.10859)  ( 3.68272, -1.10126) 
45   ( 3.64578, -1.09866)  ( 3.66493, -1.10859) 
45   ( 3.64404, -1.08128)  ( 3.64578, -1.09866) 
45   ( 3.60905, -1.07799)  ( 3.62302, -1.06939) 
45   ( 3.58603, -1.06345)  ( 3.60905, -1.07799) 
44   ( 3.5888, -1.04788)  ( 3.58603, -1.06345) 
45   ( 3.55278, -1.03932)  ( 3.56664, -1.03173) 
45   ( 3.53001, -1.01925)  ( 3.55278, -1.03932) 
45   ( 3.53609, -1.00491)  ( 3.53001, -1.01925) 
47   ( 3.50151, -0.986942)  ( 3.51659, -0.982737) 
47   ( 3.48425, -0.959926)  ( 3.50151, -0.986942) 
47   ( 3.49422, -0.947555)  ( 3.48425, -0.959926) 
47   ( 3.46576, -0.919387)  ( 3.48244, -0.922188) 
47   ( 3.45781, -0.897663)  ( 3.46576, -0.919387) 
47   ( 3.46717, -0.879393)  ( 3.45781, -0.897663) 
46   ( 3.44388, -0.85112)  ( 3.46275, -0.864768) 
46   ( 3.44052, -0.838553)  ( 3.44388, -0.85112) 
46   ( 3.4497, -0.816303)  ( 3.44052, -0.838553) 
47   ( 3.42933, -0.795456)  ( 3.44659, -0.804294) 
47   ( 3.42149, -0.765423)  ( 3.42933, -0.795456) 
45   ( 3.79743, -1.15612)  ( 3.82187, -1.14986) 
45   ( 3.78933, -1.13439)  ( 3.79743, -1.15612) 
44   ( 3.75585, -1.13542)  ( 3.7728, -1.12478) 
45   ( 3.73934, -1.12689)  ( 3.75585, -1.13542) 
45   ( 3.73288, -1.10884)  ( 3.73934, -1.12689) 
45   ( 3.69897, -1.10912)  ( 3.71889, -1.10245) 
45   ( 3.68272, -1.10126)  ( 3.69897, -1.10912) 
45   ( 3.67793, -1.08269)  ( 3.68272, -1.10126) 
44   ( 3.64404, -1.08128)  ( 3.6596, -1.07318) 
45   ( 3.62302, -1.06939)  ( 3.64404, -1.08128) 
45   ( 3.62384, -1.05305)  ( 3.62302, -1.06939) 
44   ( 3.5888, -1.04788)  ( 3.60247, -1.03955) 
44   ( 3.56664, -1.03173)  ( 3.5888, -1.04788) 
45   ( 3.57075, -1.01652)  ( 3.56664, -1.03173) 
46   ( 3.53609, -1.00491)  ( 3.55079, -0.998931) 
46   ( 3.51659, -0.982737)  ( 3.53609, -1.00491) 
47   ( 3.52454, -0.969158)  ( 3.51659, -0.982737) 
46   ( 3.49422, -0.947555)  ( 3.5099, -0.946237) 
47   ( 3.48244, -0.922188)  ( 3.49422, -0.947555) 
47   ( 3.49256, -0.908288)  ( 3.48244, -0.922188) 
46   ( 3.46717, -0.879393)  ( 3.4853, -0.888432) 
47   ( 3.46275, -0.864768)  ( 3.46717, -0.879393) 
47   ( 3.47178, -0.843261)  ( 3.46275, -0.864768) 
46   ( 3.4497, -0.816303)  ( 3.46851, -0.831031) 
46   ( 3.44659, -0.804294)  ( 3.4497, -0.816303) 
47   ( 3.45583, -0.782219)  ( 3.44659, -0.804294) 
47   ( 3.42781, -0.760142)  ( 3.45271, -0.770273) 
47   ( 3.56898, -0.840473)  ( 3.55106, -0.830439) 
47   ( 3.55947, -0.857965)  ( 3.56898, -0.840473) 
47   ( 3.55795, -0.792317)  ( 3.53971, -0.768356) 
45   ( 3.54461, -0.8018)  ( 3.55795, -0.792317) 
45   ( 3.54397, -0.731837)  ( 3.5237, -0.70693) 
47   ( 3.53205, -0.742861)  ( 3.54397, -0.731837) 
46   ( 3.52592, -0.657658)  ( 3.5062, -0.647207) 
46   ( 3.51364, -0.68043)  ( 3.52592, -0.657658) 
46   ( 3.50003, -0.582127)  ( 3.4894, -0.583063) 
47   ( 3.51529, -0.614941)  ( 3.50003, -0.582127) 
47   ( 3.50709, -0.621323)  ( 3.51529, -0.614941) 
45   ( 3.74545, -1.02953)  ( 3.73614, -1.03454) 
45   ( 3.76594, -1.04703)  ( 3.74545, -1.02953) 
45   ( 3.75422, -1.05469)  ( 3.76594, -1.04703) 
45   ( 3.69539, -1.00506)  ( 3.68217, -1.00663) 
45   ( 3.71311, -1.01097)  ( 3.69539, -1.00506) 
45   ( 3.71828, -1.02554)  ( 3.71311, -1.01097) 
46   ( 3.64605, -0.98197)  ( 3.63943, -0.994337) 
46   ( 3.66061, -0.998707)  ( 3.64605, -0.98197) 
47   ( 3.57992, -0.909537)  ( 3.56829, -0.906606) 
45   ( 3.58345, -0.9175)  ( 3.57992, -0.909537) 
44   ( 3.58277, -0.92487)  ( 3.58345, -0.9175) 
46   ( 3.57956, -0.932375)  ( 3.58277, -0.92487) 
47   ( 3.55947, -0.857965)  ( 3.54981, -0.852287) 
46   ( 3.56498, -0.86564)  ( 3.55947, -0.857965) 
46   ( 3.56715, -0.876467)  ( 3.56498, -0.86564) 
47   ( 3.56217, -0.889347)  ( 3.56715, -0.876467) 
45   ( 3.54461, -0.8018)  ( 3.53379, -0.794165) 
45   ( 3.55525, -0.819758)  ( 3.54461, -0.8018) 
47   ( 3.55106, -0.830439)  ( 3.55525, -0.819758) 
47   ( 3.54619, -0.840306)  ( 3.55106, -0.830439) 
47   ( 3.53205, -0.742861)  ( 3.51799, -0.733533) 
47   ( 3.54076, -0.764851)  ( 3.53205, -0.742861) 
47   ( 3.53971, -0.768356)  ( 3.54076, -0.764851) 
47   ( 3.53072, -0.782317)  ( 3.53971, -0.768356) 
46   ( 3.51364, -0.68043)  ( 3.50193, -0.672729) 
46   ( 3.52866, -0.698213)  ( 3.51364, -0.68043) 
45   ( 3.5237, -0.70693)  ( 3.52866, -0.698213) 
45   ( 3.51483, -0.721501)  ( 3.5237, -0.70693) 
46   ( 3.50709, -0.621323)  ( 3.48881, -0.61816) 
46   ( 3.5062, -0.647207)  ( 3.50709, -0.621323) 
46   ( 3.49872, -0.660655)  ( 3.5062, -0.647207) 
44   ( 3.78015, -1.06017)  ( 3.76032, -1.0604) 
45   ( 3.78089, -1.06584)  ( 3.78015, -1.06017) 
45   ( 3.77277, -1.07873)  ( 3.78089, -1.06584) 
45   ( 3.71828, -1.02554)  ( 3.70394, -1.03088) 
45   ( 3.73614, -1.03454)  ( 3.71828, -1.02554) 
44   ( 3.7438, -1.05031)  ( 3.73614, -1.03454) 
45   ( 3.66061, -0.998707)  ( 3.6534, -1.00316) 
47   ( 3.66755, -0.999739)  ( 3.66061, -0.998707) 
46   ( 3.68217, -1.00663)  ( 3.66755, -0.999739) 
45   ( 3.68726, -1.02222)  ( 3.68217, -1.00663) 
46   ( 3.61678, -0.975944)  ( 3.6051, -0.978297) 
47   ( 3.62755, -0.978876)  ( 3.61678, -0.975944) 
47   ( 3.63078, -0.994202)  ( 3.62755, -0.978876) 
47   ( 3.57956, -0.932375)  ( 3.57039, -0.933258) 
47   ( 3.58418, -0.939129)  ( 3.57956, -0.932375) 
47   ( 3.58483, -0.942707)  ( 3.58418, -0.939129) 
46   ( 3.5856, -0.946705)  ( 3.58483, -0.942707) 
46   ( 3.58609, -0.949599)  ( 3.5856, -0.946705) 
47   ( 3.58634, -0.950723)  ( 3.58609, -0.949599) 
47   ( 3.57559, -0.960842)  ( 3.58634, -0.950723) 
47   ( 3.56217, -0.889347)  ( 3.54613, -0.885994) 
47   ( 3.56693, -0.896584)  ( 3.56217, -0.889347) 
47   ( 3.56829, -0.906606)  ( 3.56693, -0.896584) 
47   ( 3.56135, -0.919111)  ( 3.56829, -0.906606) 
47   ( 3.54619, -0.840306)  ( 3.52758, -0.827532) 
47   ( 3.54981, -0.852287)  ( 3.54619, -0.840306) 
47   ( 3.54028, -0.870008)  ( 3.54981, -0.852287) 
47   ( 3.53072, -0.782317)  ( 3.51192, -0.767613) 
47   ( 3.53379, -0.794165)  ( 3.53072, -0.782317) 
47   ( 3.52449, -0.815982)  ( 3.53379, -0.794165) 
47   ( 3.51483, -0.721501)  ( 3.49597, -0.706823) 
47   ( 3.51799, -0.733533)  ( 3.51483, -0.721501) 
47   ( 3.50879, -0.755609)  ( 3.51799, -0.733533) 
47   ( 3.49872, -0.660655)  ( 3.47332, -0.650592) 
47   ( 3.50193, -0.672729)  ( 3.49872, -0.660655) 
46   ( 3.49279, -0.69478)  ( 3.50193, -0.672729) 
45   ( 3.80101, -1.07337)  ( 3.78112, -1.08391) 
44   ( 3.81527, -1.0856)  ( 3.80101, -1.07337) 
44   ( 3.80931, -1.09944)  ( 3.81527, -1.0856) 
44   ( 3.7438, -1.05031)  ( 3.72375, -1.05672) 
44   ( 3.75422, -1.05469)  ( 3.7438, -1.05031) 
44   ( 3.76032, -1.0604)  ( 3.75422, -1.05469) 
44   ( 3.76384, -1.07557)  ( 3.76032, -1.0604) 
45   ( 3.68726, -1.02222)  ( 3.67157, -1.03026) 
45   ( 3.70394, -1.03088)  ( 3.68726, -1.02222) 
44   ( 3.70863, -1.0494)  ( 3.70394, -1.03088) 
47   ( 3.63078, -0.994202)  ( 3.62105, -0.999656) 
47   ( 3.63943, -0.994337)  ( 3.63078, -0.994202) 
45   ( 3.6534, -1.00316)  ( 3.63943, -0.994337) 
44   ( 3.65295, -1.01972)  ( 3.6534, -1.00316) 
46   ( 3.59131, -0.96708)  ( 3.57634, -0.963628) 
46   ( 3.59229, -0.968373)  ( 3.59131, -0.96708) 
47   ( 3.59741, -0.971362)  ( 3.59229, -0.968373) 
47   ( 3.59945, -0.972217)  ( 3.59741, -0.971362) 
46   ( 3.6051, -0.978297)  ( 3.59945, -0.972217) 
46   ( 3.60342, -0.986806)  ( 3.6051, -0.978297) 
47   ( 3.56135, -0.919111)  ( 3.54483, -0.918917) 
47   ( 3.57039, -0.933258)  ( 3.56135, -0.919111) 
47   ( 3.56368, -0.948514)  ( 3.57039, -0.933258) 
47   ( 3.54028, -0.870008)  ( 3.52227, -0.861337) 
47   ( 3.54613, -0.885994)  ( 3.54028, -0.870008) 
47   ( 3.53623, -0.900402)  ( 3.54613, -0.885994) 
47   ( 3.52449, -0.815982)  ( 3.50576, -0.801545) 
47   ( 3.52758, -0.827532)  ( 3.52449, -0.815982) 
46   ( 3.51838, -0.84846)  ( 3.52758, -0.827532) 
47   ( 3.50879, -0.755609)  ( 3.48995, -0.740883) 
47   ( 3.51192, -0.767613)  ( 3.50879, -0.755609) 
47   ( 3.50267, -0.789643)  ( 3.51192, -0.767613) 
45   ( 3.49279, -0.69478)  ( 3.4653, -0.685362) 
46   ( 3.49597, -0.706823)  ( 3.49279, -0.69478) 
46   ( 3.4868, -0.728879)  ( 3.49597, -0.706823) 
45   ( 3.80931, -1.09944)  ( 3.80026, -1.10536) 
45   ( 3.82936, -1.11846)  ( 3.80931, -1.09944) 
43   ( 3.808, -1.12522)  ( 3.81507, -1.12809) 
45   ( 3.76384, -1.07557)  ( 3.74476, -1.08241) 
45   ( 3.77277, -1.07873)  ( 3.76384, -1.07557) 
45   ( 3.78112, -1.08391)  ( 3.77277, -1.07873) 
45   ( 3.78407, -1.10091)  ( 3.78112, -1.08391) 
45   ( 3.75435, -1.10253)  ( 3.76682, -1.10796) 
44   ( 3.70863, -1.0494)  ( 3.69094, -1.05679) 
44   ( 3.72375, -1.05672)  ( 3.70863, -1.0494) 
45   ( 3.73116, -1.07619)  ( 3.72375, -1.05672) 
45   ( 3.69567, -1.07533)  ( 3.71136, -1.08292) 
44   ( 3.65295, -1.01972)  ( 3.63861, -1.0281) 
45   ( 3.67157, -1.03026)  ( 3.65295, -1.01972) 
44   ( 3.67343, -1.0477)  ( 3.67157, -1.03026) 
45   ( 3.63798, -1.04455)  ( 3.65781, -1.05577) 
47   ( 3.60342, -0.986806)  ( 3.58869, -0.993704) 
47   ( 3.62105, -0.999656)  ( 3.60342, -0.986806) 
46   ( 3.61892, -1.01566)  ( 3.62105, -0.999656) 
45   ( 3.58501, -1.00925)  ( 3.60493, -1.02377) 
46   ( 3.56368, -0.948514)  ( 3.54751, -0.95128) 
47   ( 3.57559, -0.960842)  ( 3.56368, -0.948514) 
47   ( 3.57609, -0.962359)  ( 3.57559, -0.960842) 
47   ( 3.57634, -0.963628)  ( 3.57609, -0.962359) 
47   ( 3.57163, -0.978667)  ( 3.57634, -0.963628) 
46   ( 3.54009, -0.965574)  ( 3.5564, -0.984118) 
46   ( 3.53623, -0.900402)  ( 3.51935, -0.89716) 
47   ( 3.54483, -0.918917)  ( 3.53623, -0.900402) 
46   ( 3.53559, -0.93262)  ( 3.54483, -0.918917) 
47   ( 3.50933, -0.911277)  ( 3.51954, -0.933283) 
46   ( 3.51838, -0.84846)  ( 3.49968, -0.835399) 
46   ( 3.52227, -0.861337)  ( 3.51838, -0.84846) 
47   ( 3.51279, -0.879213)  ( 3.52227, -0.861337) 
47   ( 3.49057, -0.856614)  ( 3.49472, -0.870372) 
47   ( 3.50267, -0.789643)  ( 3.48387, -0.774916) 
47   ( 3.50576, -0.801545)  ( 3.50267, -0.789643) 
46   ( 3.4965, -0.823507)  ( 3.50576, -0.801545) 
47   ( 3.47463, -0.796968)  ( 3.47773, -0.808924) 
47   ( 3.45877, -0.736257)  ( 3.46192, -0.748234) 
45   ( 3.4868, -0.728879)  ( 3.46922, -0.71942) 
46   ( 3.48995, -0.740883)  ( 3.4868, -0.728879) 
47   ( 3.48075, -0.762941)  ( 3.48995, -0.740883) 
45   ( 3.83808, -1.11623)  ( 3.82936, -1.11846) 
45   ( 3.85193, -1.12771)  ( 3.83808, -1.11623) 
45   ( 3.85079, -1.14567)  ( 3.85193, -1.12771) 
44   ( 3.83559, -1.1553)  ( 3.85079, -1.14567) 
44   ( 3.82187, -1.14986)  ( 3.83559, -1.1553) 
45   ( 3.81507, -1.12809)  ( 3.82187, -1.14986) 
45   ( 3.82936, -1.11846)  ( 3.81507, -1.12809) 
45   ( 3.78407, -1.10091)  ( 3.76682, -1.10796) 
45   ( 3.80026, -1.10536)  ( 3.78407, -1.10091) 
43   ( 3.808, -1.12522)  ( 3.80026, -1.10536) 
43   ( 3.78933, -1.13439)  ( 3.808, -1.12522) 
44   ( 3.7728, -1.12478)  ( 3.78933, -1.13439) 
44   ( 3.76682, -1.10796)  ( 3.7728, -1.12478) 
45   ( 3.73116, -1.07619)  ( 3.71136, -1.08292) 
45   ( 3.74476, -1.08241)  ( 3.73116, -1.07619) 
45   ( 3.75435, -1.10253)  ( 3.74476, -1.08241) 
45   ( 3.73288, -1.10884)  ( 3.75435, -1.10253) 
45   ( 3.71889, -1.10245)  ( 3.73288, -1.10884) 
45   ( 3.71136, -1.08292)  ( 3.71889, -1.10245) 
44   ( 3.67343, -1.0477)  ( 3.65781, -1.05577) 
44   ( 3.69094, -1.05679)  ( 3.67343, -1.0477) 
45   ( 3.69567, -1.07533)  ( 3.69094, -1.05679) 
45   ( 3.67793, -1.08269)  ( 3.69567, -1.07533) 
44   ( 3.6596, -1.07318)  ( 3.67793, -1.08269) 
44   ( 3.65781, -1.05577)  ( 3.6596, -1.07318) 
45   ( 3.61892, -1.01566)  ( 3.60493, -1.02377) 
44   ( 3.63861, -1.0281)  ( 3.61892, -1.01566) 
44   ( 3.63798, -1.04455)  ( 3.63861, -1.0281) 
45   ( 3.62384, -1.05305)  ( 3.63798, -1.04455) 
45   ( 3.60247, -1.03955)  ( 3.62384, -1.05305) 
45   ( 3.60493, -1.02377)  ( 3.60247, -1.03955) 
46   ( 3.57163, -0.978667)  ( 3.5564, -0.984118) 
47   ( 3.58869, -0.993704)  ( 3.57163, -0.978667) 
46   ( 3.58501, -1.00925)  ( 3.58869, -0.993704) 
45   ( 3.57075, -1.01652)  ( 3.58501, -1.00925) 
46   ( 3.55079, -0.998931)  ( 3.57075, -1.01652) 
46   ( 3.5564, -0.984118)  ( 3.55079, -0.998931) 
46   ( 3.53559, -0.93262)  ( 3.51954, -0.933283) 
45   ( 3.54751, -0.95128)  ( 3.53559, -0.93262) 
46   ( 3.54009, -0.965574)  ( 3.54751, -0.95128) 
47   ( 3.52454, -0.969158)  ( 3.54009, -0.965574) 
46   ( 3.5099, -0.946237)  ( 3.52454, -0.969158) 
46   ( 3.51954, -0.933283)  ( 3.5099, -0.946237) 
47   ( 3.51279, -0.879213)  ( 3.49472, -0.870372) 
46   ( 3.51935, -0.89716)  ( 3.51279, -0.879213) 
46   ( 3.50933, -0.911277)  ( 3.51935, -0.89716) 
47   ( 3.49256, -0.908288)  ( 3.50933, -0.911277) 
46   ( 3.4853, -0.888432)  ( 3.49256, -0.908288) 
46   ( 3.49472, -0.870372)  ( 3.4853, -0.888432) 
46   ( 3.4965, -0.823507)  ( 3.47773, -0.808924) 
46   ( 3.49968, -0.835399)  ( 3.4965, -0.823507) 
47   ( 3.49057, -0.856614)  ( 3.49968, -0.835399) 
47   ( 3.47178, -0.843261)  ( 3.49057, -0.856614) 
47   ( 3.46851, -0.831031)  ( 3.47178, -0.843261) 
47   ( 3.47773, -0.808924)  ( 3.46851, -0.831031) 
47   ( 3.48075, -0.762941)  ( 3.46192, -0.748234) 
47   ( 3.48387, -0.774916)  ( 3.48075, -0.762941) 
47   ( 3.47463, -0.796968)  ( 3.48387, -0.774916) 
47   ( 3.45583, -0.782219)  ( 3.47463, -0.796968) 
47   ( 3.45271, -0.770273)  ( 3.45583, -0.782219) 
47   ( 3.46192, -0.748234)  ( 3.45271, -0.770273) 
46   ( 3.46922, -0.71942)  ( 3.46262, -0.703142) 
46   ( 3.45877, -0.736257)  ( 3.46922, -0.71942) 
47   ( 3.43145, -0.728162)  ( 3.45877, -0.736257) 
50   ( 2.64729, -0.00131863)  ( 2.64421, -0.0094001) 
50   ( 2.64844, 0.00742077)  ( 2.64729, -0.00131863) 
47   ( 2.6368, -0.0160789)  ( 2.6293, -0.0362812) 
48   ( 2.64421, -0.0094001)  ( 2.6368, -0.0160789) 
49   ( 2.65807, -0.0147935)  ( 2.64421, -0.0094001) 
49   ( 2.64207, -0.0429754)  ( 2.64734, -0.0411275) 
48   ( 2.63419, -0.041843)  ( 2.64207, -0.0429754) 
49   ( 2.60607, -0.0452142)  ( 2.60166, -0.0583444) 
48   ( 2.61691, -0.037053)  ( 2.60607, -0.0452142) 
47   ( 2.6293, -0.0362812)  ( 2.61691, -0.037053) 
47   ( 2.63419, -0.041843)  ( 2.6293, -0.0362812) 
48   ( 2.62776, -0.0571304)  ( 2.63419, -0.041843) 
48   ( 2.6086, -0.0662211)  ( 2.62776, -0.0571304) 
48   ( 2.58224, -0.0592491)  ( 2.5699, -0.0755514) 
49   ( 2.60166, -0.0583444)  ( 2.58224, -0.0592491) 
48   ( 2.6086, -0.0662211)  ( 2.60166, -0.0583444) 
48   ( 2.60919, -0.0713237)  ( 2.6086, -0.0662211) 
49   ( 2.59545, -0.0936877)  ( 2.60919, -0.0713237) 
49   ( 2.58718, -0.0953484)  ( 2.59545, -0.0936877) 
49   ( 2.54272, -0.0870824)  ( 2.53926, -0.0943631) 
49   ( 2.55942, -0.0758677)  ( 2.54272, -0.0870824) 
48   ( 2.5699, -0.0755514)  ( 2.55942, -0.0758677) 
48   ( 2.58718, -0.0953484)  ( 2.5699, -0.0755514) 
48   ( 2.57685, -0.116096)  ( 2.58718, -0.0953484) 
47   ( 2.56362, -0.122034)  ( 2.57685, -0.116096) 
46   ( 2.5587, -0.131226)  ( 2.56362, -0.122034) 
46   ( 2.55028, -0.137684)  ( 2.5587, -0.131226) 
46   ( 2.53587, -0.14071)  ( 2.55028, -0.137684) 
45   ( 2.52631, -0.13712)  ( 2.53587, -0.14071) 
46   ( 2.52079, -0.131391)  ( 2.52631, -0.13712) 
47   ( 2.51775, -0.122626)  ( 2.52079, -0.131391) 
47   ( 2.51928, -0.110966)  ( 2.51775, -0.122626) 
46   ( 2.52727, -0.09995)  ( 2.51928, -0.110966) 
47   ( 2.53926, -0.0943631)  ( 2.52727, -0.09995) 
48   ( 2.56362, -0.122034)  ( 2.53926, -0.0943631) 
45   ( 2.658, 0.0526268)  ( 2.64476, 0.0467771) 
48   ( 2.64844, 0.00742077)  ( 2.66749, 0.0122974) 
48   ( 2.64035, 0.0171268)  ( 2.64844, 0.00742077) 
47   ( 2.61873, 0.0473067)  ( 2.61178, 0.0415991) 
47   ( 2.63611, 0.0488463)  ( 2.61873, 0.0473067) 
47   ( 2.64476, 0.0467771)  ( 2.63611, 0.0488463) 
47   ( 2.64035, 0.0171268)  ( 2.64476, 0.0467771) 
46   ( 2.6283, 0.0188116)  ( 2.64035, 0.0171268) 
46   ( 2.61811, 0.0265416)  ( 2.6283, 0.0188116) 
47   ( 2.61087, 0.0375031)  ( 2.61811, 0.0265416) 
46   ( 2.59747, 0.054917)  ( 2.57786, 0.0517346) 
46   ( 2.61178, 0.0415991)  ( 2.59747, 0.054917) 
47   ( 2.61087, 0.0375031)  ( 2.61178, 0.0415991) 
47   ( 2.59784, 0.0316512)  ( 2.61087, 0.0375031) 
47   ( 2.58139, 0.0334974)  ( 2.59784, 0.0316512) 
47   ( 2.57533, 0.0404638)  ( 2.58139, 0.0334974) 
47   ( 2.55274, 0.0711291)  ( 2.54546, 0.0686815) 
47   ( 2.57389, 0.0604041)  ( 2.55274, 0.0711291) 
47   ( 2.57786, 0.0517346)  ( 2.57389, 0.0604041) 
47   ( 2.57533, 0.0404638)  ( 2.57786, 0.0517346) 
47   ( 2.55103, 0.0348356)  ( 2.57533, 0.0404638) 
47   ( 2.53963, 0.0426544)  ( 2.55103, 0.0348356) 
46   ( 2.52574, 0.081183)  ( 2.51186, 0.0802636) 
46   ( 2.54546, 0.0686815)  ( 2.52574, 0.081183) 
47   ( 2.53963, 0.0426544)  ( 2.54546, 0.0686815) 
47   ( 2.52241, 0.0375477)  ( 2.53963, 0.0426544) 
47   ( 2.50556, 0.0431514)  ( 2.52241, 0.0375477) 
45   ( 2.50017, 0.04283)  ( 2.50556, 0.0431514) 
45   ( 2.48794, 0.0442088)  ( 2.50017, 0.04283) 
46   ( 2.4758, 0.0514943)  ( 2.48794, 0.0442088) 
46   ( 2.47039, 0.0612408)  ( 2.4758, 0.0514943) 
47   ( 2.46988, 0.0697312)  ( 2.47039, 0.0612408) 
47   ( 2.47261, 0.0770271)  ( 2.46988, 0.0697312) 
47   ( 2.47997, 0.0842639)  ( 2.47261, 0.0770271) 
47   ( 2.49532, 0.0873059)  ( 2.47997, 0.0842639) 
47   ( 2.50274, 0.0858064)  ( 2.49532, 0.0873059) 
47   ( 2.51186, 0.0802636)  ( 2.50274, 0.0858064) 
47   ( 2.50556, 0.0431514)  ( 2.51186, 0.0802636) 
46   ( 2.70064, 0.0703938)  ( 2.68984, 0.076373) 
45   ( 2.658, 0.0526268)  ( 2.68186, 0.0328602) 
45   ( 2.65941, 0.0583245)  ( 2.658, 0.0526268) 
47   ( 2.66128, 0.0668696)  ( 2.65941, 0.0583245) 
46   ( 2.67698, 0.0960329)  ( 2.66419, 0.101793) 
47   ( 2.68591, 0.0883252)  ( 2.67698, 0.0960329) 
46   ( 2.68984, 0.076373)  ( 2.68591, 0.0883252) 
46   ( 2.66128, 0.0668696)  ( 2.68984, 0.076373) 
46   ( 2.65778, 0.074977)  ( 2.66128, 0.0668696) 
46   ( 2.65576, 0.0926346)  ( 2.65778, 0.074977) 
47   ( 2.65996, 0.0999669)  ( 2.65576, 0.0926346) 
45   ( 2.66255, 0.130971)  ( 2.65405, 0.135886) 
45   ( 2.66752, 0.114438)  ( 2.66255, 0.130971) 
45   ( 2.66419, 0.101793)  ( 2.66752, 0.114438) 
46   ( 2.65996, 0.0999669)  ( 2.66419, 0.101793) 
45   ( 2.64393, 0.11268)  ( 2.65996, 0.0999669) 
44   ( 2.64425, 0.131656)  ( 2.64393, 0.11268) 
45   ( 2.65617, 0.159646)  ( 2.64569, 0.170751) 
45   ( 2.65405, 0.135886)  ( 2.65617, 0.159646) 
45   ( 2.64425, 0.131656)  ( 2.65405, 0.135886) 
44   ( 2.6335, 0.134631)  ( 2.64425, 0.131656) 
43   ( 2.61977, 0.15315)  ( 2.6335, 0.134631) 
44   ( 2.62086, 0.160027)  ( 2.61977, 0.15315) 
44   ( 2.64714, 0.188807)  ( 2.6399, 0.202896) 
45   ( 2.64569, 0.170751)  ( 2.64714, 0.188807) 
45   ( 2.62086, 0.160027)  ( 2.64569, 0.170751) 
45   ( 2.60487, 0.178476)  ( 2.62086, 0.160027) 
45   ( 2.60368, 0.191083)  ( 2.60487, 0.178476) 
44   ( 2.59633, 0.19917)  ( 2.60368, 0.191083) 
44   ( 2.59328, 0.207288)  ( 2.59633, 0.19917) 
45   ( 2.59404, 0.222249)  ( 2.59328, 0.207288) 
44   ( 2.5999, 0.230562)  ( 2.59404, 0.222249) 
44   ( 2.60658, 0.234418)  ( 2.5999, 0.230562) 
45   ( 2.61518, 0.235318)  ( 2.60658, 0.234418) 
45   ( 2.62579, 0.231497)  ( 2.61518, 0.235318) 
45   ( 2.63489, 0.220965)  ( 2.62579, 0.231497) 
45   ( 2.63854, 0.208379)  ( 2.63489, 0.220965) 
44   ( 2.6399, 0.202896)  ( 2.63854, 0.208379) 
44   ( 2.60368, 0.191083)  ( 2.6399, 0.202896) 
47   ( 2.73934, 0.0539082)  ( 2.73896, 0.0628647) 
46   ( 2.74034, 0.047153)  ( 2.73934, 0.0539082) 
47   ( 2.70064, 0.0703938)  ( 2.69869, 0.0397428) 
47   ( 2.71021, 0.0734131)  ( 2.70064, 0.0703938) 
47   ( 2.71673, 0.0778461)  ( 2.71021, 0.0734131) 
46   ( 2.74346, 0.070462)  ( 2.74576, 0.0939617) 
46   ( 2.73896, 0.0628647)  ( 2.74346, 0.070462) 
47   ( 2.71673, 0.0778461)  ( 2.73896, 0.0628647) 
47   ( 2.72228, 0.0868321)  ( 2.71673, 0.0778461) 
47   ( 2.74025, 0.0972254)  ( 2.72228, 0.0868321) 
45   ( 2.76344, 0.107446)  ( 2.76397, 0.124227) 
46   ( 2.75537, 0.0967662)  ( 2.76344, 0.107446) 
47   ( 2.74576, 0.0939617)  ( 2.75537, 0.0967662) 
47   ( 2.74025, 0.0972254)  ( 2.74576, 0.0939617) 
46   ( 2.73889, 0.110222)  ( 2.74025, 0.0972254) 
45   ( 2.74493, 0.122392)  ( 2.73889, 0.110222) 
45   ( 2.75631, 0.128765)  ( 2.74493, 0.122392) 
45   ( 2.78087, 0.131408)  ( 2.78837, 0.146249) 
45   ( 2.76397, 0.124227)  ( 2.78087, 0.131408) 
45   ( 2.75631, 0.128765)  ( 2.76397, 0.124227) 
45   ( 2.75422, 0.149161)  ( 2.75631, 0.128765) 
45   ( 2.76777, 0.163014)  ( 2.75422, 0.149161) 
45   ( 2.81083, 0.168479)  ( 2.81222, 0.177754) 
45   ( 2.79477, 0.150721)  ( 2.81083, 0.168479) 
45   ( 2.78837, 0.146249)  ( 2.79477, 0.150721) 
45   ( 2.76777, 0.163014)  ( 2.78837, 0.146249) 
45   ( 2.76638, 0.175337)  ( 2.76777, 0.163014) 
45   ( 2.77383, 0.191864)  ( 2.76638, 0.175337) 
45   ( 2.78017, 0.196741)  ( 2.77383, 0.191864) 
45   ( 2.78394, 0.210102)  ( 2.78017, 0.196741) 
45   ( 2.79344, 0.219711)  ( 2.78394, 0.210102) 
45   ( 2.80458, 0.223132)  ( 2.79344, 0.219711) 
45   ( 2.81356, 0.221688)  ( 2.80458, 0.223132) 
45   ( 2.81987, 0.217542)  ( 2.81356, 0.221688) 
45   ( 2.82506, 0.209316)  ( 2.81987, 0.217542) 
45   ( 2.82598, 0.196708)  ( 2.82506, 0.209316) 
45   ( 2.82099, 0.184975)  ( 2.82598, 0.196708) 
45   ( 2.81222, 0.177754)  ( 2.82099, 0.184975) 
45   ( 2.78017, 0.196741)  ( 2.81222, 0.177754) 
45   ( 2.74034, 0.047153)  ( 2.7178, 0.0328706) 
46   ( 2.75207, 0.0400487)  ( 2.74034, 0.047153) 
48   ( 2.76879, 0.00580596)  ( 2.78633, 0.0176907) 
49   ( 2.75721, 0.00383981)  ( 2.76879, 0.00580596) 
47   ( 2.75207, 0.0400487)  ( 2.74437, 0.0129849) 
47   ( 2.76224, 0.0415354)  ( 2.75207, 0.0400487) 
47   ( 2.77757, 0.0371022)  ( 2.76224, 0.0415354) 
47   ( 2.78517, 0.0300273)  ( 2.77757, 0.0371022) 
47   ( 2.81422, 0.0172335)  ( 2.82129, 0.0231655) 
46   ( 2.7973, 0.0138945)  ( 2.81422, 0.0172335) 
46   ( 2.78633, 0.0176907)  ( 2.7973, 0.0138945) 
47   ( 2.78517, 0.0300273)  ( 2.78633, 0.0176907) 
47   ( 2.79765, 0.0409134)  ( 2.78517, 0.0300273) 
46   ( 2.8199, 0.0377939)  ( 2.79765, 0.0409134) 
47   ( 2.84544, 0.0156018)  ( 2.85687, 0.0220721) 
47   ( 2.82129, 0.0231655)  ( 2.84544, 0.0156018) 
46   ( 2.8199, 0.0377939)  ( 2.82129, 0.0231655) 
46   ( 2.82193, 0.0416245)  ( 2.8199, 0.0377939) 
47   ( 2.84533, 0.0514591)  ( 2.82193, 0.0416245) 
47   ( 2.85445, 0.0478517)  ( 2.84533, 0.0514591) 
47   ( 2.87379, 0.0145326)  ( 2.89231, 0.0195839) 
47   ( 2.85687, 0.0220721)  ( 2.87379, 0.0145326) 
47   ( 2.85445, 0.0478517)  ( 2.85687, 0.0220721) 
47   ( 2.87153, 0.0583919)  ( 2.85445, 0.0478517) 
47   ( 2.88902, 0.0565791)  ( 2.87153, 0.0583919) 
45   ( 2.8958, 0.060038)  ( 2.88902, 0.0565791) 
45   ( 2.90474, 0.0613731)  ( 2.8958, 0.060038) 
47   ( 2.91937, 0.0575905)  ( 2.90474, 0.0613731) 
47   ( 2.92664, 0.0498661)  ( 2.91937, 0.0575905) 
47   ( 2.92918, 0.0420703)  ( 2.92664, 0.0498661) 
47   ( 2.92831, 0.0338757)  ( 2.92918, 0.0420703) 
46   ( 2.9227, 0.0247259)  ( 2.92831, 0.0338757) 
46   ( 2.90886, 0.0180295)  ( 2.9227, 0.0247259) 
47   ( 2.89914, 0.0176664)  ( 2.90886, 0.0180295) 
47   ( 2.89231, 0.0195839)  ( 2.89914, 0.0176664) 
47   ( 2.88902, 0.0565791)  ( 2.89231, 0.0195839) 
47   ( 2.87556, -0.320963)  ( 2.85553, -0.317692) 
47   ( 2.87408, -0.337403)  ( 2.87556, -0.320963) 
47   ( 2.91348, -0.350192)  ( 2.89443, -0.355493) 
47   ( 2.91883, -0.374387)  ( 2.91348, -0.350192) 
47   ( 2.96242, -0.389155)  ( 2.93992, -0.392567) 
46   ( 2.96465, -0.41254)  ( 2.96242, -0.389155) 
46   ( 3.00633, -0.430269)  ( 2.9889, -0.426741) 
47   ( 3.01199, -0.432878)  ( 3.00633, -0.430269) 
48   ( 2.76975, -0.0901701)  ( 2.76279, -0.088496) 
48   ( 2.78124, -0.117044)  ( 2.76975, -0.0901701) 
47   ( 2.77083, -0.123943)  ( 2.78124, -0.117044) 
47   ( 2.78443, -0.153367)  ( 2.77624, -0.146717) 
47   ( 2.78747, -0.172755)  ( 2.78443, -0.153367) 
47   ( 2.78072, -0.181691)  ( 2.78747, -0.172755) 
46   ( 2.8459, -0.305727)  ( 2.82928, -0.304458) 
46   ( 2.85269, -0.312088)  ( 2.8459, -0.305727) 
47   ( 2.85553, -0.317692)  ( 2.85269, -0.312088) 
47   ( 2.85341, -0.326753)  ( 2.85553, -0.317692) 
46   ( 2.87408, -0.337403)  ( 2.86514, -0.33914) 
47   ( 2.88814, -0.341084)  ( 2.87408, -0.337403) 
47   ( 2.89443, -0.355493)  ( 2.88814, -0.341084) 
47   ( 2.89612, -0.367917)  ( 2.89443, -0.355493) 
47   ( 2.91883, -0.374387)  ( 2.90478, -0.375352) 
47   ( 2.93132, -0.374844)  ( 2.91883, -0.374387) 
47   ( 2.93992, -0.392567)  ( 2.93132, -0.374844) 
47   ( 2.94202, -0.405635)  ( 2.93992, -0.392567) 
46   ( 2.96465, -0.41254)  ( 2.95184, -0.413365) 
46   ( 2.98813, -0.416874)  ( 2.96465, -0.41254) 
46   ( 2.9889, -0.426741)  ( 2.98813, -0.416874) 
46   ( 2.98585, -0.439343)  ( 2.9889, -0.426741) 
49   ( 2.76009, -0.0186441)  ( 2.7516, -0.00724287) 
49   ( 2.75564, -0.0240158)  ( 2.76009, -0.0186441) 
49   ( 2.75239, -0.0322846)  ( 2.75564, -0.0240158) 
47   ( 2.7445, -0.038303)  ( 2.75239, -0.0322846) 
49   ( 2.75891, -0.0687488)  ( 2.74612, -0.0614926) 
48   ( 2.76279, -0.088496)  ( 2.75891, -0.0687488) 
47   ( 2.75548, -0.100265)  ( 2.76279, -0.088496) 
47   ( 2.77083, -0.123943)  ( 2.75788, -0.115607) 
47   ( 2.77624, -0.146717)  ( 2.77083, -0.123943) 
47   ( 2.76543, -0.157611)  ( 2.77624, -0.146717) 
47   ( 2.78072, -0.181691)  ( 2.76955, -0.177018) 
47   ( 2.78611, -0.203719)  ( 2.78072, -0.181691) 
47   ( 2.77738, -0.213699)  ( 2.78611, -0.203719) 
45   ( 2.79373, -0.24341)  ( 2.7805, -0.239259) 
46   ( 2.79594, -0.253013)  ( 2.79373, -0.24341) 
47   ( 2.79589, -0.256912)  ( 2.79594, -0.253013) 
47   ( 2.79016, -0.267235)  ( 2.79589, -0.256912) 
47   ( 2.81554, -0.288845)  ( 2.80419, -0.288354) 
47   ( 2.82323, -0.293728)  ( 2.81554, -0.288845) 
47   ( 2.82648, -0.296456)  ( 2.82323, -0.293728) 
47   ( 2.82928, -0.304458)  ( 2.82648, -0.296456) 
47   ( 2.82455, -0.314559)  ( 2.82928, -0.304458) 
47   ( 2.85341, -0.326753)  ( 2.83643, -0.329546) 
46   ( 2.86514, -0.33914)  ( 2.85341, -0.326753) 
46   ( 2.86374, -0.358026)  ( 2.86514, -0.33914) 
47   ( 2.89612, -0.367917)  ( 2.87423, -0.367851) 
47   ( 2.90478, -0.375352)  ( 2.89612, -0.367917) 
47   ( 2.90949, -0.398106)  ( 2.90478, -0.375352) 
47   ( 2.94202, -0.405635)  ( 2.91873, -0.405602) 
47   ( 2.95184, -0.413365)  ( 2.94202, -0.405635) 
47   ( 2.95673, -0.435487)  ( 2.95184, -0.413365) 
47   ( 2.98585, -0.439343)  ( 2.96768, -0.443817) 
47   ( 3.00843, -0.456291)  ( 2.98585, -0.439343) 
47   ( 2.74437, 0.0129849)  ( 2.72883, 0.0125132) 
48   ( 2.75721, 0.00383981)  ( 2.74437, 0.0129849) 
49   ( 2.7516, -0.00724287)  ( 2.75721, 0.00383981) 
49   ( 2.73138, -0.0160283)  ( 2.7516, -0.00724287) 
47   ( 2.7445, -0.038303)  ( 2.72964, -0.0315445) 
47   ( 2.74813, -0.0502989)  ( 2.7445, -0.038303) 
49   ( 2.74612, -0.0614926)  ( 2.74813, -0.0502989) 
49   ( 2.73694, -0.0727501)  ( 2.74612, -0.0614926) 
48   ( 2.75548, -0.100265)  ( 2.73885, -0.0866848) 
47   ( 2.75788, -0.115607)  ( 2.75548, -0.100265) 
47   ( 2.74585, -0.131579)  ( 2.75788, -0.115607) 
47   ( 2.76543, -0.157611)  ( 2.74907, -0.149317) 
47   ( 2.76955, -0.177018)  ( 2.76543, -0.157611) 
47   ( 2.75744, -0.189144)  ( 2.76955, -0.177018) 
46   ( 2.77738, -0.213699)  ( 2.76283, -0.21048) 
47   ( 2.78331, -0.226238)  ( 2.77738, -0.213699) 
46   ( 2.7805, -0.239259)  ( 2.78331, -0.226238) 
46   ( 2.77373, -0.246156)  ( 2.7805, -0.239259) 
47   ( 2.79016, -0.267235)  ( 2.78154, -0.266646) 
47   ( 2.79483, -0.273157)  ( 2.79016, -0.267235) 
47   ( 2.79797, -0.276803)  ( 2.79483, -0.273157) 
47   ( 2.79978, -0.278245)  ( 2.79797, -0.276803) 
47   ( 2.80187, -0.279788)  ( 2.79978, -0.278245) 
47   ( 2.80419, -0.288354)  ( 2.80187, -0.279788) 
47   ( 2.79719, -0.298981)  ( 2.80419, -0.288354) 
47   ( 2.82455, -0.314559)  ( 2.80818, -0.316595) 
47   ( 2.83643, -0.329546)  ( 2.82455, -0.314559) 
47   ( 2.83135, -0.345613)  ( 2.83643, -0.329546) 
47   ( 2.86374, -0.358026)  ( 2.84474, -0.359742) 
47   ( 2.87423, -0.367851)  ( 2.86374, -0.358026) 
47   ( 2.87688, -0.389599)  ( 2.87423, -0.367851) 
47   ( 2.90949, -0.398106)  ( 2.88604, -0.397463) 
47   ( 2.91873, -0.405602)  ( 2.90949, -0.398106) 
45   ( 2.924, -0.428329)  ( 2.91873, -0.405602) 
47   ( 2.95673, -0.435487)  ( 2.93405, -0.436242) 
47   ( 2.96768, -0.443817)  ( 2.95673, -0.435487) 
47   ( 2.96847, -0.462542)  ( 2.96768, -0.443817) 
46   ( 2.7178, 0.0328706)  ( 2.70894, 0.0336666) 
46   ( 2.72883, 0.0125132)  ( 2.7178, 0.0328706) 
48   ( 2.71347, 0.00466968)  ( 2.72883, 0.0125132) 
49   ( 2.73138, -0.0160283)  ( 2.71096, -0.0028439) 
49   ( 2.72964, -0.0315445)  ( 2.73138, -0.0160283) 
49   ( 2.71876, -0.0443227)  ( 2.72964, -0.0315445) 
49   ( 2.73694, -0.0727501)  ( 2.72034, -0.0573121) 
49   ( 2.73885, -0.0866848)  ( 2.73694, -0.0727501) 
48   ( 2.72681, -0.104549)  ( 2.73885, -0.0866848) 
47   ( 2.74585, -0.131579)  ( 2.72929, -0.120384) 
47   ( 2.74907, -0.149317)  ( 2.74585, -0.131579) 
47   ( 2.73699, -0.163187)  ( 2.74907, -0.149317) 
47   ( 2.75744, -0.189144)  ( 2.74132, -0.183624) 
46   ( 2.76283, -0.21048)  ( 2.75744, -0.189144) 
46   ( 2.75086, -0.221699)  ( 2.76283, -0.21048) 
47   ( 2.77373, -0.246156)  ( 2.75774, -0.244112) 
47   ( 2.78154, -0.266646)  ( 2.77373, -0.246156) 
47   ( 2.77099, -0.278969)  ( 2.78154, -0.266646) 
47   ( 2.79719, -0.298981)  ( 2.78101, -0.299646) 
47   ( 2.80818, -0.316595)  ( 2.79719, -0.298981) 
47   ( 2.80056, -0.330955)  ( 2.80818, -0.316595) 
46   ( 2.83135, -0.345613)  ( 2.8147, -0.348793) 
47   ( 2.84474, -0.359742)  ( 2.83135, -0.345613) 
47   ( 2.84337, -0.378661)  ( 2.84474, -0.359742) 
47   ( 2.87688, -0.389599)  ( 2.85474, -0.389312) 
47   ( 2.88604, -0.397463)  ( 2.87688, -0.389599) 
47   ( 2.89099, -0.420419)  ( 2.88604, -0.397463) 
45   ( 2.924, -0.428329)  ( 2.90053, -0.428156) 
45   ( 2.93405, -0.436242)  ( 2.924, -0.428329) 
47   ( 2.93905, -0.458459)  ( 2.93405, -0.436242) 
46   ( 2.96847, -0.462542)  ( 2.9503, -0.467009) 
46   ( 2.9913, -0.479224)  ( 2.96847, -0.462542) 
47   ( 2.65062, -0.307394)  ( 2.67029, -0.318331) 
47   ( 2.65162, -0.290848)  ( 2.65062, -0.307394) 
46   ( 2.66494, -0.28625)  ( 2.65162, -0.290848) 
47   ( 2.69014, -0.376597)  ( 2.70524, -0.370849) 
46   ( 2.70135, -0.36711)  ( 2.69014, -0.376597) 
47   ( 2.64609, -0.265418)  ( 2.66738, -0.280076) 
47   ( 2.65958, -0.243753)  ( 2.64609, -0.265418) 
46   ( 2.68133, -0.349182)  ( 2.69649, -0.35241) 
46   ( 2.6784, -0.346274)  ( 2.68133, -0.349182) 
45   ( 2.6755, -0.343456)  ( 2.6784, -0.346274) 
44   ( 2.67247, -0.3398)  ( 2.6755, -0.343456) 
45   ( 2.67114, -0.337493)  ( 2.67247, -0.3398) 
47   ( 2.67005, -0.334479)  ( 2.67114, -0.337493) 
46   ( 2.6691, -0.330284)  ( 2.67005, -0.334479) 
46   ( 2.66818, -0.324461)  ( 2.6691, -0.330284) 
47   ( 2.67029, -0.318331)  ( 2.66818, -0.324461) 
47   ( 2.67535, -0.313546)  ( 2.67029, -0.318331) 
47   ( 2.72264, -0.406709)  ( 2.74165, -0.400199) 
47   ( 2.72236, -0.382164)  ( 2.72264, -0.406709) 
46   ( 2.88328, -0.543487)  ( 2.89569, -0.55433) 
47   ( 2.88043, -0.541691)  ( 2.88328, -0.543487) 
47   ( 2.89111, -0.531409)  ( 2.88043, -0.541691) 
46   ( 2.89569, -0.55433)  ( 2.90539, -0.552518) 
46   ( 2.93642, -0.582366)  ( 2.93887, -0.58741) 
46   ( 2.92226, -0.57377)  ( 2.93642, -0.582366) 
46   ( 2.92097, -0.564144)  ( 2.92226, -0.57377) 
47   ( 2.94132, -0.589413)  ( 2.94697, -0.575035) 
46   ( 2.93887, -0.58741)  ( 2.94132, -0.589413) 
47   ( 2.63996, -0.171695)  ( 2.65434, -0.178501) 
45   ( 2.6506, -0.14078)  ( 2.63996, -0.171695) 
47   ( 2.65958, -0.243753)  ( 2.66698, -0.244733) 
47   ( 2.64967, -0.236209)  ( 2.65958, -0.243753) 
47   ( 2.65522, -0.204908)  ( 2.64967, -0.236209) 
47   ( 2.67535, -0.313546)  ( 2.69079, -0.312854) 
46   ( 2.66494, -0.28625)  ( 2.67535, -0.313546) 
46   ( 2.66738, -0.280076)  ( 2.66494, -0.28625) 
47   ( 2.67562, -0.272894)  ( 2.66738, -0.280076) 
46   ( 2.72236, -0.382164)  ( 2.7288, -0.380386) 
47   ( 2.71453, -0.379649)  ( 2.72236, -0.382164) 
47   ( 2.71049, -0.376271)  ( 2.71453, -0.379649) 
47   ( 2.70524, -0.370849)  ( 2.71049, -0.376271) 
46   ( 2.70135, -0.36711)  ( 2.70524, -0.370849) 
46   ( 2.69818, -0.364022)  ( 2.70135, -0.36711) 
46   ( 2.69649, -0.35241)  ( 2.69818, -0.364022) 
46   ( 2.70516, -0.342499)  ( 2.69649, -0.35241) 
47   ( 2.75541, -0.430358)  ( 2.77981, -0.434456) 
47   ( 2.75075, -0.405938)  ( 2.75541, -0.430358) 
46   ( 2.81249, -0.48518)  ( 2.83182, -0.478379) 
46   ( 2.80231, -0.455985)  ( 2.81249, -0.48518) 
47   ( 2.86359, -0.528218)  ( 2.88262, -0.522253) 
47   ( 2.85369, -0.498581)  ( 2.86359, -0.528218) 
46   ( 2.92097, -0.564144)  ( 2.9368, -0.565522) 
47   ( 2.90539, -0.552518)  ( 2.92097, -0.564144) 
45   ( 2.9002, -0.53821)  ( 2.90539, -0.552518) 
45   ( 2.6506, -0.14078)  ( 2.66014, -0.146188) 
45   ( 2.64811, -0.137205)  ( 2.6506, -0.14078) 
47   ( 2.64844, -0.113552)  ( 2.64811, -0.137205) 
47   ( 2.65968, -0.106193)  ( 2.64844, -0.113552) 
47   ( 2.65522, -0.204908)  ( 2.67267, -0.208597) 
46   ( 2.65415, -0.20155)  ( 2.65522, -0.204908) 
46   ( 2.65434, -0.178501)  ( 2.65415, -0.20155) 
47   ( 2.66373, -0.166027)  ( 2.65434, -0.178501) 
47   ( 2.67562, -0.272894)  ( 2.69124, -0.273886) 
47   ( 2.66698, -0.244733)  ( 2.67562, -0.272894) 
47   ( 2.67915, -0.234227)  ( 2.66698, -0.244733) 
47   ( 2.70516, -0.342499)  ( 2.72048, -0.340301) 
47   ( 2.69079, -0.312854)  ( 2.70516, -0.342499) 
47   ( 2.70191, -0.301866)  ( 2.69079, -0.312854) 
47   ( 2.75075, -0.405938)  ( 2.76537, -0.402392) 
47   ( 2.74586, -0.403962)  ( 2.75075, -0.405938) 
47   ( 2.74165, -0.400199)  ( 2.74586, -0.403962) 
46   ( 2.7288, -0.380386)  ( 2.74165, -0.400199) 
46   ( 2.73752, -0.367588)  ( 2.7288, -0.380386) 
46   ( 2.80231, -0.455985)  ( 2.8192, -0.454674) 
47   ( 2.79541, -0.452653)  ( 2.80231, -0.455985) 
47   ( 2.78406, -0.442305)  ( 2.79541, -0.452653) 
47   ( 2.77981, -0.434456)  ( 2.78406, -0.442305) 
47   ( 2.78344, -0.421471)  ( 2.77981, -0.434456) 
47   ( 2.85369, -0.498581)  ( 2.86991, -0.496413) 
47   ( 2.84303, -0.498443)  ( 2.85369, -0.498581) 
47   ( 2.83182, -0.478379)  ( 2.84303, -0.498443) 
47   ( 2.82982, -0.463795)  ( 2.83182, -0.478379) 
43   ( 2.9002, -0.53821)  ( 2.91998, -0.5348) 
45   ( 2.89111, -0.531409)  ( 2.9002, -0.53821) 
47   ( 2.88262, -0.522253)  ( 2.89111, -0.531409) 
47   ( 2.88066, -0.504869)  ( 2.88262, -0.522253) 
46   ( 2.94697, -0.575035)  ( 2.9533, -0.579288) 
46   ( 2.9368, -0.565522)  ( 2.94697, -0.575035) 
46   ( 2.93366, -0.544798)  ( 2.9368, -0.565522) 
49   ( 2.65801, -0.0435768)  ( 2.66879, -0.0436299) 
49   ( 2.65469, -0.0441374)  ( 2.65801, -0.0435768) 
49   ( 2.64734, -0.0411275)  ( 2.65469, -0.0441374) 
49   ( 2.65763, -0.0164651)  ( 2.64734, -0.0411275) 
47   ( 2.65968, -0.106193)  ( 2.66948, -0.113121) 
48   ( 2.65338, -0.0880353)  ( 2.65968, -0.106193) 
49   ( 2.65972, -0.0760641)  ( 2.65338, -0.0880353) 
49   ( 2.66837, -0.0718305)  ( 2.65972, -0.0760641) 
45   ( 2.66373, -0.166027)  ( 2.6801, -0.17435) 
47   ( 2.66014, -0.146188)  ( 2.66373, -0.166027) 
47   ( 2.67212, -0.129933)  ( 2.66014, -0.146188) 
47   ( 2.67915, -0.234227)  ( 2.69494, -0.237043) 
47   ( 2.67267, -0.208597)  ( 2.67915, -0.234227) 
47   ( 2.68486, -0.196814)  ( 2.67267, -0.208597) 
47   ( 2.70191, -0.301866)  ( 2.71751, -0.301529) 
47   ( 2.69124, -0.273886)  ( 2.70191, -0.301866) 
44   ( 2.703, -0.26332)  ( 2.69124, -0.273886) 
47   ( 2.73752, -0.367588)  ( 2.75273, -0.363926) 
47   ( 2.72048, -0.340301)  ( 2.73752, -0.367588) 
47   ( 2.73047, -0.328258)  ( 2.72048, -0.340301) 
47   ( 2.78344, -0.421471)  ( 2.80268, -0.419962) 
47   ( 2.76537, -0.402392)  ( 2.78344, -0.421471) 
47   ( 2.77115, -0.387176)  ( 2.76537, -0.402392) 
45   ( 2.82982, -0.463795)  ( 2.854, -0.465051) 
46   ( 2.8192, -0.454674)  ( 2.82982, -0.463795) 
46   ( 2.81576, -0.432223)  ( 2.8192, -0.454674) 
47   ( 2.88066, -0.504869)  ( 2.90371, -0.504404) 
47   ( 2.86991, -0.496413)  ( 2.88066, -0.504869) 
47   ( 2.86413, -0.473264)  ( 2.86991, -0.496413) 
47   ( 2.93366, -0.544798)  ( 2.95104, -0.539472) 
45   ( 2.91998, -0.5348)  ( 2.93366, -0.544798) 
45   ( 2.91553, -0.513392)  ( 2.91998, -0.5348) 
49   ( 2.65763, -0.0164651)  ( 2.67469, -0.0188211) 
49   ( 2.65807, -0.0147935)  ( 2.65763, -0.0164651) 
49   ( 2.68423, 0.00148994)  ( 2.65807, -0.0147935) 
49   ( 2.66837, -0.0718305)  ( 2.67947, -0.0803427) 
48   ( 2.6649, -0.0594243)  ( 2.66837, -0.0718305) 
48   ( 2.66678, -0.0559753)  ( 2.6649, -0.0594243) 
49   ( 2.66879, -0.0436299)  ( 2.66678, -0.0559753) 
49   ( 2.67557, -0.0385981)  ( 2.66879, -0.0436299) 
47   ( 2.67212, -0.129933)  ( 2.68871, -0.141317) 
47   ( 2.66948, -0.113121)  ( 2.67212, -0.129933) 
48   ( 2.68148, -0.0949849)  ( 2.66948, -0.113121) 
47   ( 2.68486, -0.196814)  ( 2.70093, -0.202105) 
45   ( 2.6801, -0.17435)  ( 2.68486, -0.196814) 
45   ( 2.69218, -0.160461)  ( 2.6801, -0.17435) 
44   ( 2.703, -0.26332)  ( 2.71873, -0.264621) 
44   ( 2.69494, -0.237043)  ( 2.703, -0.26332) 
47   ( 2.70705, -0.226324)  ( 2.69494, -0.237043) 
47   ( 2.73047, -0.328258)  ( 2.74602, -0.326481) 
47   ( 2.71751, -0.301529)  ( 2.73047, -0.328258) 
47   ( 2.72847, -0.290161)  ( 2.71751, -0.301529) 
46   ( 2.77115, -0.387176)  ( 2.78734, -0.38344) 
47   ( 2.75273, -0.363926)  ( 2.77115, -0.387176) 
46   ( 2.7611, -0.350641)  ( 2.75273, -0.363926) 
47   ( 2.81576, -0.432223)  ( 2.83843, -0.432978) 
47   ( 2.80268, -0.419962)  ( 2.81576, -0.432223) 
47   ( 2.80388, -0.400906)  ( 2.80268, -0.419962) 
47   ( 2.86413, -0.473264)  ( 2.88794, -0.473718) 
45   ( 2.854, -0.465051)  ( 2.86413, -0.473264) 
45   ( 2.84856, -0.441685)  ( 2.854, -0.465051) 
47   ( 2.91553, -0.513392)  ( 2.93727, -0.511533) 
47   ( 2.90371, -0.504404)  ( 2.91553, -0.513392) 
47   ( 2.89845, -0.481994)  ( 2.90371, -0.504404) 
47   ( 2.95104, -0.539472)  ( 2.96828, -0.552423) 
46   ( 2.95061, -0.52129)  ( 2.95104, -0.539472) 
48   ( 2.66749, 0.0122974)  ( 2.68466, 0.00316259) 
47   ( 2.68186, 0.0328602)  ( 2.66749, 0.0122974) 
47   ( 2.68346, 0.0328633)  ( 2.68186, 0.0328602) 
49   ( 2.67557, -0.0385981)  ( 2.68998, -0.0477043) 
49   ( 2.67469, -0.0188211)  ( 2.67557, -0.0385981) 
49   ( 2.68516, -0.0086216)  ( 2.67469, -0.0188211) 
49   ( 2.70227, -0.0276803)  ( 2.70092, -0.0151996) 
48   ( 2.68148, -0.0949849)  ( 2.69815, -0.108835) 
49   ( 2.67947, -0.0803427)  ( 2.68148, -0.0949849) 
49   ( 2.69159, -0.0609623)  ( 2.67947, -0.0803427) 
48   ( 2.71017, -0.0908355)  ( 2.7082, -0.0765461) 
47   ( 2.69218, -0.160461)  ( 2.70854, -0.168767) 
47   ( 2.68871, -0.141317)  ( 2.69218, -0.160461) 
46   ( 2.70071, -0.12516)  ( 2.68871, -0.141317) 
47   ( 2.72062, -0.154891)  ( 2.71728, -0.136447) 
46   ( 2.70705, -0.226324)  ( 2.7229, -0.229365) 
47   ( 2.70093, -0.202105)  ( 2.70705, -0.226324) 
47   ( 2.71309, -0.190223)  ( 2.70093, -0.202105) 
47   ( 2.73494, -0.218408)  ( 2.72918, -0.195621) 
47   ( 2.72847, -0.290161)  ( 2.74424, -0.290232) 
47   ( 2.71873, -0.264621)  ( 2.72847, -0.290161) 
47   ( 2.73038, -0.253727)  ( 2.71873, -0.264621) 
47   ( 2.75501, -0.278424)  ( 2.74622, -0.255376) 
46   ( 2.7611, -0.350641)  ( 2.77663, -0.347416) 
46   ( 2.74602, -0.326481)  ( 2.7611, -0.350641) 
47   ( 2.75575, -0.313978)  ( 2.74602, -0.326481) 
47   ( 2.78466, -0.333649)  ( 2.77159, -0.312703) 
47   ( 2.80388, -0.400906)  ( 2.82302, -0.399307) 
46   ( 2.78734, -0.38344)  ( 2.80388, -0.400906) 
43   ( 2.79294, -0.368)  ( 2.78734, -0.38344) 
46   ( 2.82432, -0.38033)  ( 2.80933, -0.364512) 
46   ( 2.84856, -0.441685)  ( 2.8725, -0.442734) 
47   ( 2.83843, -0.432978)  ( 2.84856, -0.441685) 
47   ( 2.83525, -0.410769)  ( 2.83843, -0.432978) 
46   ( 2.8673, -0.419574)  ( 2.85765, -0.411286) 
47   ( 2.89845, -0.481994)  ( 2.92138, -0.481431) 
47   ( 2.88794, -0.473718)  ( 2.89845, -0.481994) 
46   ( 2.88233, -0.45071)  ( 2.88794, -0.473718) 
47   ( 2.91625, -0.459118)  ( 2.90597, -0.451024) 
43   ( 2.968, -0.4981)  ( 2.95464, -0.488333) 
46   ( 2.95061, -0.52129)  ( 2.96467, -0.517855) 
46   ( 2.93727, -0.511533)  ( 2.95061, -0.52129) 
47   ( 2.93291, -0.490201)  ( 2.93727, -0.511533) 
47   ( 2.68346, 0.0328633)  ( 2.69161, 0.0142285) 
47   ( 2.69869, 0.0397428)  ( 2.68346, 0.0328633) 
47   ( 2.70894, 0.0336666)  ( 2.69869, 0.0397428) 
47   ( 2.70422, 0.0154322)  ( 2.70894, 0.0336666) 
48   ( 2.71347, 0.00466968)  ( 2.70422, 0.0154322) 
49   ( 2.71096, -0.0028439)  ( 2.71347, 0.00466968) 
49   ( 2.70092, -0.0151996)  ( 2.71096, -0.0028439) 
49   ( 2.68516, -0.0086216)  ( 2.70092, -0.0151996) 
49   ( 2.68423, 0.00148994)  ( 2.68516, -0.0086216) 
49   ( 2.68466, 0.00316259)  ( 2.68423, 0.00148994) 
48   ( 2.69161, 0.0142285)  ( 2.68466, 0.00316259) 
47   ( 2.70422, 0.0154322)  ( 2.69161, 0.0142285) 
48   ( 2.69159, -0.0609623)  ( 2.7082, -0.0765461) 
49   ( 2.68998, -0.0477043)  ( 2.69159, -0.0609623) 
49   ( 2.70227, -0.0276803)  ( 2.68998, -0.0477043) 
49   ( 2.71876, -0.0443227)  ( 2.70227, -0.0276803) 
49   ( 2.72034, -0.0573121)  ( 2.71876, -0.0443227) 
48   ( 2.7082, -0.0765461)  ( 2.72034, -0.0573121) 
46   ( 2.70071, -0.12516)  ( 2.71728, -0.136447) 
46   ( 2.69815, -0.108835)  ( 2.70071, -0.12516) 
48   ( 2.71017, -0.0908355)  ( 2.69815, -0.108835) 
48   ( 2.72681, -0.104549)  ( 2.71017, -0.0908355) 
47   ( 2.72929, -0.120384)  ( 2.72681, -0.104549) 
47   ( 2.71728, -0.136447)  ( 2.72929, -0.120384) 
47   ( 2.71309, -0.190223)  ( 2.72918, -0.195621) 
47   ( 2.70854, -0.168767)  ( 2.71309, -0.190223) 
47   ( 2.72062, -0.154891)  ( 2.70854, -0.168767) 
47   ( 2.73699, -0.163187)  ( 2.72062, -0.154891) 
47   ( 2.74132, -0.183624)  ( 2.73699, -0.163187) 
47   ( 2.72918, -0.195621)  ( 2.74132, -0.183624) 
47   ( 2.73038, -0.253727)  ( 2.74622, -0.255376) 
46   ( 2.7229, -0.229365)  ( 2.73038, -0.253727) 
46   ( 2.73494, -0.218408)  ( 2.7229, -0.229365) 
47   ( 2.75086, -0.221699)  ( 2.73494, -0.218408) 
47   ( 2.75774, -0.244112)  ( 2.75086, -0.221699) 
47   ( 2.74622, -0.255376)  ( 2.75774, -0.244112) 
47   ( 2.75575, -0.313978)  ( 2.77159, -0.312703) 
47   ( 2.74424, -0.290232)  ( 2.75575, -0.313978) 
47   ( 2.75501, -0.278424)  ( 2.74424, -0.290232) 
47   ( 2.77099, -0.278969)  ( 2.75501, -0.278424) 
47   ( 2.78101, -0.299646)  ( 2.77099, -0.278969) 
47   ( 2.77159, -0.312703)  ( 2.78101, -0.299646) 
44   ( 2.79294, -0.368)  ( 2.80933, -0.364512) 
44   ( 2.77663, -0.347416)  ( 2.79294, -0.368) 
47   ( 2.78466, -0.333649)  ( 2.77663, -0.347416) 
47   ( 2.80056, -0.330955)  ( 2.78466, -0.333649) 
46   ( 2.8147, -0.348793)  ( 2.80056, -0.330955) 
46   ( 2.80933, -0.364512)  ( 2.8147, -0.348793) 
47   ( 2.83525, -0.410769)  ( 2.85765, -0.411286) 
47   ( 2.82302, -0.399307)  ( 2.83525, -0.410769) 
46   ( 2.82432, -0.38033)  ( 2.82302, -0.399307) 
46   ( 2.84337, -0.378661)  ( 2.82432, -0.38033) 
47   ( 2.85474, -0.389312)  ( 2.84337, -0.378661) 
47   ( 2.85765, -0.411286)  ( 2.85474, -0.389312) 
46   ( 2.88233, -0.45071)  ( 2.90597, -0.451024) 
45   ( 2.8725, -0.442734)  ( 2.88233, -0.45071) 
45   ( 2.8673, -0.419574)  ( 2.8725, -0.442734) 
46   ( 2.89099, -0.420419)  ( 2.8673, -0.419574) 
47   ( 2.90053, -0.428156)  ( 2.89099, -0.420419) 
47   ( 2.90597, -0.451024)  ( 2.90053, -0.428156) 
47   ( 2.93291, -0.490201)  ( 2.95464, -0.488333) 
47   ( 2.92138, -0.481431)  ( 2.93291, -0.490201) 
47   ( 2.91625, -0.459118)  ( 2.92138, -0.481431) 
47   ( 2.93905, -0.458459)  ( 2.91625, -0.459118) 
46   ( 2.9503, -0.467009)  ( 2.93905, -0.458459) 
46   ( 2.95464, -0.488333)  ( 2.9503, -0.467009) 
46   ( 4.05549, -0.65659)  ( 4.05952, -0.652461) 
46   ( 4.04945, -0.662978)  ( 4.05549, -0.65659) 
47   ( 4.01315, -0.671839)  ( 4.02091, -0.690541) 
47   ( 4.01358, -0.657594)  ( 4.01315, -0.671839) 
47   ( 4.04945, -0.662978)  ( 4.02193, -0.647134) 
46   ( 4.0484, -0.671716)  ( 4.04945, -0.662978) 
46   ( 4.04112, -0.687697)  ( 4.0484, -0.671716) 
47   ( 4.03352, -0.692141)  ( 4.04112, -0.687697) 
47   ( 4.01455, -0.717091)  ( 4.01929, -0.725939) 
47   ( 4.01477, -0.699827)  ( 4.01455, -0.717091) 
47   ( 4.02091, -0.690541)  ( 4.01477, -0.699827) 
47   ( 4.03352, -0.692141)  ( 4.02091, -0.690541) 
46   ( 4.04105, -0.71045)  ( 4.03352, -0.692141) 
46   ( 4.03134, -0.727468)  ( 4.04105, -0.71045) 
47   ( 4.00611, -0.745073)  ( 4.00978, -0.760337) 
47   ( 4.01929, -0.725939)  ( 4.00611, -0.745073) 
47   ( 4.03134, -0.727468)  ( 4.01929, -0.725939) 
47   ( 4.03831, -0.734401)  ( 4.03134, -0.727468) 
47   ( 4.04113, -0.757701)  ( 4.03831, -0.734401) 
46   ( 4.03636, -0.76371)  ( 4.04113, -0.757701) 
47   ( 3.99927, -0.774167)  ( 3.99891, -0.792695) 
47   ( 4.00978, -0.760337)  ( 3.99927, -0.774167) 
46   ( 4.03636, -0.76371)  ( 4.00978, -0.760337) 
46   ( 4.04139, -0.786476)  ( 4.03636, -0.76371) 
47   ( 4.03586, -0.799249)  ( 4.04139, -0.786476) 
47   ( 4.03797, -0.809602)  ( 4.03586, -0.799249) 
47   ( 4.03696, -0.816807)  ( 4.03797, -0.809602) 
47   ( 4.02924, -0.830169)  ( 4.03696, -0.816807) 
47   ( 4.02013, -0.834791)  ( 4.02924, -0.830169) 
47   ( 4.01223, -0.835083)  ( 4.02013, -0.834791) 
47   ( 4.00437, -0.831924)  ( 4.01223, -0.835083) 
47   ( 3.99696, -0.823836)  ( 4.00437, -0.831924) 
47   ( 3.99399, -0.809703)  ( 3.99696, -0.823836) 
47   ( 3.99663, -0.797966)  ( 3.99399, -0.809703) 
47   ( 3.99891, -0.792695)  ( 3.99663, -0.797966) 
47   ( 4.03586, -0.799249)  ( 3.99891, -0.792695) 
47   ( 4.05952, -0.652461)  ( 4.07393, -0.654143) 
47   ( 4.04926, -0.623908)  ( 4.05952, -0.652461) 
47   ( 4.09309, -0.631482)  ( 4.09086, -0.618402) 
46   ( 4.09605, -0.66785)  ( 4.10488, -0.666461) 
46   ( 4.08031, -0.660262)  ( 4.09605, -0.66785) 
47   ( 4.07393, -0.654143)  ( 4.08031, -0.660262) 
47   ( 4.09309, -0.631482)  ( 4.07393, -0.654143) 
47   ( 4.10166, -0.638567)  ( 4.09309, -0.631482) 
47   ( 4.10766, -0.652036)  ( 4.10166, -0.638567) 
46   ( 4.10773, -0.66343)  ( 4.10766, -0.652036) 
47   ( 4.11049, -0.685204)  ( 4.12894, -0.692433) 
47   ( 4.10488, -0.666461)  ( 4.11049, -0.685204) 
46   ( 4.10773, -0.66343)  ( 4.10488, -0.666461) 
46   ( 4.12298, -0.665269)  ( 4.10773, -0.66343) 
47   ( 4.13691, -0.683143)  ( 4.12298, -0.665269) 
47   ( 4.14061, -0.721762)  ( 4.14827, -0.723431) 
47   ( 4.12795, -0.701796)  ( 4.14061, -0.721762) 
47   ( 4.12894, -0.692433)  ( 4.12795, -0.701796) 
47   ( 4.13691, -0.683143)  ( 4.12894, -0.692433) 
47   ( 4.14008, -0.682805)  ( 4.13691, -0.683143) 
47   ( 4.16223, -0.693236)  ( 4.14008, -0.682805) 
46   ( 4.16665, -0.70389)  ( 4.16223, -0.693236) 
47   ( 4.15857, -0.744044)  ( 4.17122, -0.750585) 
47   ( 4.14827, -0.723431)  ( 4.15857, -0.744044) 
46   ( 4.16665, -0.70389)  ( 4.14827, -0.723431) 
46   ( 4.18457, -0.708479)  ( 4.16665, -0.70389) 
47   ( 4.19621, -0.723052)  ( 4.18457, -0.708479) 
46   ( 4.2016, -0.725164)  ( 4.19621, -0.723052) 
46   ( 4.21028, -0.732015)  ( 4.2016, -0.725164) 
47   ( 4.21704, -0.744847)  ( 4.21028, -0.732015) 
47   ( 4.21647, -0.755792)  ( 4.21704, -0.744847) 
47   ( 4.21252, -0.763126)  ( 4.21647, -0.755792) 
47   ( 4.20635, -0.767917)  ( 4.21252, -0.763126) 
47   ( 4.19627, -0.770248)  ( 4.20635, -0.767917) 
47   ( 4.18151, -0.764763)  ( 4.19627, -0.770248) 
47   ( 4.17615, -0.759814)  ( 4.18151, -0.764763) 
47   ( 4.17122, -0.750585)  ( 4.17615, -0.759814) 
47   ( 4.19621, -0.723052)  ( 4.17122, -0.750585) 
47   ( 4.09542, -0.612846)  ( 4.10218, -0.606686) 
47   ( 4.09086, -0.618402)  ( 4.09542, -0.612846) 
47   ( 4.06121, -0.609771)  ( 4.09086, -0.618402) 
47   ( 4.08694, -0.572393)  ( 4.06424, -0.572266) 
47   ( 4.09266, -0.578637)  ( 4.08694, -0.572393) 
46   ( 4.11117, -0.604956)  ( 4.12959, -0.59119) 
47   ( 4.10218, -0.606686)  ( 4.11117, -0.604956) 
47   ( 4.09266, -0.578637)  ( 4.10218, -0.606686) 
47   ( 4.10529, -0.574863)  ( 4.09266, -0.578637) 
47   ( 4.11468, -0.578019)  ( 4.10529, -0.574863) 
46   ( 4.1285, -0.585482)  ( 4.11468, -0.578019) 
45   ( 4.1522, -0.595578)  ( 4.1644, -0.585196) 
46   ( 4.13863, -0.596687)  ( 4.1522, -0.595578) 
46   ( 4.12959, -0.59119)  ( 4.13863, -0.596687) 
45   ( 4.1285, -0.585482)  ( 4.12959, -0.59119) 
46   ( 4.13724, -0.575749)  ( 4.1285, -0.585482) 
47   ( 4.15136, -0.571769)  ( 4.13724, -0.575749) 
47   ( 4.16268, -0.576153)  ( 4.15136, -0.571769) 
47   ( 4.18041, -0.593571)  ( 4.19849, -0.588325) 
46   ( 4.1644, -0.585196)  ( 4.18041, -0.593571) 
46   ( 4.16268, -0.576153)  ( 4.1644, -0.585196) 
47   ( 4.17765, -0.561022)  ( 4.16268, -0.576153) 
47   ( 4.19602, -0.562444)  ( 4.17765, -0.561022) 
47   ( 4.22879, -0.591027)  ( 4.23646, -0.585994) 
47   ( 4.20548, -0.590997)  ( 4.22879, -0.591027) 
47   ( 4.19849, -0.588325)  ( 4.20548, -0.590997) 
47   ( 4.19602, -0.562444)  ( 4.19849, -0.588325) 
47   ( 4.20542, -0.552656)  ( 4.19602, -0.562444) 
45   ( 4.2216, -0.54786)  ( 4.20542, -0.552656) 
45   ( 4.22949, -0.549278)  ( 4.2216, -0.54786) 
47   ( 4.24232, -0.543303)  ( 4.22949, -0.549278) 
46   ( 4.2557, -0.544198)  ( 4.24232, -0.543303) 
46   ( 4.26551, -0.550301)  ( 4.2557, -0.544198) 
46   ( 4.2703, -0.557945)  ( 4.26551, -0.550301) 
46   ( 4.27136, -0.565369)  ( 4.2703, -0.557945) 
47   ( 4.26865, -0.574635)  ( 4.27136, -0.565369) 
47   ( 4.26003, -0.583603)  ( 4.26865, -0.574635) 
46   ( 4.24784, -0.58776)  ( 4.26003, -0.583603) 
46   ( 4.23646, -0.585994)  ( 4.24784, -0.58776) 
47   ( 4.22949, -0.549278)  ( 4.23646, -0.585994) 
46   ( 4.10131, -0.506041)  ( 4.0997, -0.494674) 
47   ( 4.09342, -0.519321)  ( 4.10131, -0.506041) 
47   ( 4.07805, -0.526765)  ( 4.09342, -0.519321) 
47   ( 4.07335, -0.513051)  ( 4.07805, -0.526765) 
47   ( 4.07769, -0.500384)  ( 4.07335, -0.513051) 
47   ( 4.09116, -0.490649)  ( 4.07769, -0.500384) 
47   ( 4.11836, -0.483091)  ( 4.12104, -0.465683) 
46   ( 4.0997, -0.494674)  ( 4.11836, -0.483091) 
46   ( 4.09116, -0.490649)  ( 4.0997, -0.494674) 
47   ( 4.08766, -0.472578)  ( 4.09116, -0.490649) 
47   ( 4.09571, -0.458087)  ( 4.08766, -0.472578) 
46   ( 4.14155, -0.444608)  ( 4.1423, -0.436635) 
46   ( 4.13371, -0.45804)  ( 4.14155, -0.444608) 
46   ( 4.12104, -0.465683)  ( 4.13371, -0.45804) 
47   ( 4.09571, -0.458087)  ( 4.12104, -0.465683) 
47   ( 4.09585, -0.450389)  ( 4.09571, -0.458087) 
47   ( 4.10146, -0.427158)  ( 4.09585, -0.450389) 
46   ( 4.10842, -0.42069)  ( 4.10146, -0.427158) 
46   ( 4.10948, -0.409457)  ( 4.10842, -0.42069) 
45   ( 4.1161, -0.39898)  ( 4.10948, -0.409457) 
45   ( 4.12704, -0.392429)  ( 4.1161, -0.39898) 
47   ( 4.13678, -0.391976)  ( 4.12704, -0.392429) 
47   ( 4.14377, -0.394761)  ( 4.13678, -0.391976) 
44   ( 4.15, -0.401152)  ( 4.14377, -0.394761) 
44   ( 4.15362, -0.412043)  ( 4.15, -0.401152) 
47   ( 4.15137, -0.425217)  ( 4.15362, -0.412043) 
46   ( 4.1423, -0.436635)  ( 4.15137, -0.425217) 
45   ( 4.10842, -0.42069)  ( 4.1423, -0.436635) 
47   ( 4.03748, -0.551584)  ( 4.02839, -0.548055) 
47   ( 4.04063, -0.556559)  ( 4.03748, -0.551584) 
47   ( 4.01168, -0.528563)  ( 4.00125, -0.525971) 
46   ( 4.02367, -0.53815)  ( 4.01168, -0.528563) 
46   ( 4.02839, -0.548055)  ( 4.02367, -0.53815) 
47   ( 4.01669, -0.557788)  ( 4.02839, -0.548055) 
47   ( 3.99531, -0.529233)  ( 3.99322, -0.539044) 
46   ( 4.00335, -0.51032)  ( 3.98884, -0.492718) 
46   ( 4.00125, -0.525971)  ( 4.00335, -0.51032) 
47   ( 3.99531, -0.529233)  ( 4.00125, -0.525971) 
47   ( 3.98248, -0.519709)  ( 3.99531, -0.529233) 
47   ( 3.97793, -0.511795)  ( 3.98248, -0.519709) 
47   ( 3.97781, -0.498546)  ( 3.97793, -0.511795) 
46   ( 3.98542, -0.464933)  ( 3.9769, -0.458752) 
47   ( 3.99043, -0.489479)  ( 3.98542, -0.464933) 
47   ( 3.98884, -0.492718)  ( 3.99043, -0.489479) 
47   ( 3.97781, -0.498546)  ( 3.98884, -0.492718) 
47   ( 3.95767, -0.487098)  ( 3.97781, -0.498546) 
47   ( 3.95503, -0.470759)  ( 3.95767, -0.487098) 
47   ( 3.97667, -0.439758)  ( 3.96531, -0.425256) 
46   ( 3.9769, -0.458752)  ( 3.97667, -0.439758) 
46   ( 3.95503, -0.470759)  ( 3.9769, -0.458752) 
47   ( 3.94005, -0.462377)  ( 3.95503, -0.470759) 
47   ( 3.93265, -0.444701)  ( 3.94005, -0.462377) 
47   ( 3.92845, -0.440431)  ( 3.93265, -0.444701) 
47   ( 3.92168, -0.430371)  ( 3.92845, -0.440431) 
47   ( 3.91953, -0.415503)  ( 3.92168, -0.430371) 
45   ( 3.924, -0.405381)  ( 3.91953, -0.415503) 
44   ( 3.93045, -0.39996)  ( 3.924, -0.405381) 
45   ( 3.93854, -0.39772)  ( 3.93045, -0.39996) 
46   ( 3.94921, -0.399631)  ( 3.93854, -0.39772) 
47   ( 3.96024, -0.409414)  ( 3.94921, -0.399631) 
46   ( 3.9646, -0.418951)  ( 3.96024, -0.409414) 
46   ( 3.96531, -0.425256)  ( 3.9646, -0.418951) 
47   ( 3.93265, -0.444701)  ( 3.96531, -0.425256) 
47   ( 3.71015, -0.625583)  ( 3.72162, -0.617334) 
47   ( 3.69664, -0.624329)  ( 3.71015, -0.625583) 
47   ( 3.68874, -0.620954)  ( 3.69664, -0.624329) 
47   ( 3.68539, -0.619385)  ( 3.68874, -0.620954) 
47   ( 3.68311, -0.617532)  ( 3.68539, -0.619385) 
47   ( 3.68138, -0.615181)  ( 3.68311, -0.617532) 
47   ( 3.67981, -0.612367)  ( 3.68138, -0.615181) 
47   ( 3.68062, -0.597249)  ( 3.67981, -0.612367) 
46   ( 3.82729, -0.652516)  ( 3.83157, -0.63833) 
47   ( 3.79951, -0.635532)  ( 3.82729, -0.652516) 
46   ( 3.7566, -0.633699)  ( 3.76404, -0.628927) 
46   ( 3.73803, -0.632801)  ( 3.7566, -0.633699) 
47   ( 3.72162, -0.617334)  ( 3.73803, -0.632801) 
47   ( 3.72274, -0.610996)  ( 3.72162, -0.617334) 
47   ( 3.68062, -0.597249)  ( 3.69016, -0.590354) 
47   ( 3.66556, -0.592602)  ( 3.68062, -0.597249) 
47   ( 3.66376, -0.589164)  ( 3.66556, -0.592602) 
47   ( 3.66014, -0.582428)  ( 3.66376, -0.589164) 
47   ( 3.65617, -0.573484)  ( 3.66014, -0.582428) 
47   ( 3.65324, -0.566989)  ( 3.65617, -0.573484) 
47   ( 3.65798, -0.554279)  ( 3.65324, -0.566989) 
47   ( 3.61456, -0.511581)  ( 3.62828, -0.503822) 
47   ( 3.62445, -0.494548)  ( 3.61456, -0.511581) 
46   ( 3.8609, -0.654931)  ( 3.87009, -0.640556) 
46   ( 3.83368, -0.637343)  ( 3.8609, -0.654931) 
47   ( 3.79951, -0.635532)  ( 3.80464, -0.630083) 
47   ( 3.79434, -0.639462)  ( 3.79951, -0.635532) 
47   ( 3.76404, -0.628927)  ( 3.79434, -0.639462) 
47   ( 3.76447, -0.615088)  ( 3.76404, -0.628927) 
46   ( 3.72274, -0.610996)  ( 3.73432, -0.60069) 
47   ( 3.69016, -0.590354)  ( 3.72274, -0.610996) 
47   ( 3.69499, -0.575911)  ( 3.69016, -0.590354) 
47   ( 3.65798, -0.554279)  ( 3.66598, -0.550388) 
47   ( 3.64035, -0.540612)  ( 3.65798, -0.554279) 
47   ( 3.63611, -0.530317)  ( 3.64035, -0.540612) 
47   ( 3.63909, -0.512134)  ( 3.63611, -0.530317) 
47   ( 3.59555, -0.464741)  ( 3.62101, -0.480464) 
47   ( 3.60793, -0.444786)  ( 3.59555, -0.464741) 
47   ( 3.58306, -0.400711)  ( 3.58121, -0.411991) 
47   ( 3.57528, -0.396365)  ( 3.58306, -0.400711) 
47   ( 3.58253, -0.383401)  ( 3.57528, -0.396365) 
47   ( 3.58121, -0.411991)  ( 3.59493, -0.414242) 
47   ( 3.95652, -0.650019)  ( 3.95747, -0.636268) 
47   ( 3.94058, -0.652108)  ( 3.95652, -0.650019) 
47   ( 3.93646, -0.639506)  ( 3.94058, -0.652108) 
47   ( 3.89182, -0.651915)  ( 3.90635, -0.636789) 
47   ( 3.87009, -0.640556)  ( 3.89182, -0.651915) 
47   ( 3.86736, -0.632689)  ( 3.87009, -0.640556) 
46   ( 3.83368, -0.637343)  ( 3.84356, -0.62659) 
46   ( 3.83157, -0.63833)  ( 3.83368, -0.637343) 
46   ( 3.80464, -0.630083)  ( 3.83157, -0.63833) 
47   ( 3.80327, -0.614363)  ( 3.80464, -0.630083) 
47   ( 3.76447, -0.615088)  ( 3.77544, -0.603907) 
46   ( 3.73432, -0.60069)  ( 3.76447, -0.615088) 
45   ( 3.7366, -0.585465)  ( 3.73432, -0.60069) 
46   ( 3.69499, -0.575911)  ( 3.70781, -0.56723) 
47   ( 3.66598, -0.550388)  ( 3.69499, -0.575911) 
47   ( 3.67312, -0.536774)  ( 3.66598, -0.550388) 
47   ( 3.63909, -0.512134)  ( 3.65093, -0.509007) 
47   ( 3.62828, -0.503822)  ( 3.63909, -0.512134) 
47   ( 3.62445, -0.494548)  ( 3.62828, -0.503822) 
47   ( 3.62119, -0.486555)  ( 3.62445, -0.494548) 
47   ( 3.62101, -0.480464)  ( 3.62119, -0.486555) 
47   ( 3.62777, -0.468659)  ( 3.62101, -0.480464) 
47   ( 3.60793, -0.444786)  ( 3.61763, -0.447232) 
46   ( 3.5931, -0.434346)  ( 3.60793, -0.444786) 
46   ( 3.59493, -0.414242)  ( 3.5931, -0.434346) 
47   ( 3.59913, -0.402135)  ( 3.59493, -0.414242) 
47   ( 3.58253, -0.383401)  ( 3.59435, -0.389703) 
47   ( 3.57622, -0.378693)  ( 3.58253, -0.383401) 
47   ( 3.57327, -0.372721)  ( 3.57622, -0.378693) 
47   ( 3.98294, -0.651131)  ( 3.99697, -0.645856) 
47   ( 3.97892, -0.647577)  ( 3.98294, -0.651131) 
47   ( 3.97221, -0.645206)  ( 3.97892, -0.647577) 
47   ( 3.96572, -0.634894)  ( 3.97221, -0.645206) 
45   ( 3.93646, -0.639506)  ( 3.94252, -0.6322) 
47   ( 3.91805, -0.644518)  ( 3.93646, -0.639506) 
47   ( 3.90635, -0.636789)  ( 3.91805, -0.644518) 
47   ( 3.90112, -0.625398)  ( 3.90635, -0.636789) 
47   ( 3.86736, -0.632689)  ( 3.88119, -0.621028) 
46   ( 3.84356, -0.62659)  ( 3.86736, -0.632689) 
45   ( 3.8397, -0.610508)  ( 3.84356, -0.62659) 
47   ( 3.80327, -0.614363)  ( 3.81412, -0.602674) 
47   ( 3.77544, -0.603907)  ( 3.80327, -0.614363) 
47   ( 3.77565, -0.588311)  ( 3.77544, -0.603907) 
46   ( 3.7366, -0.585465)  ( 3.74859, -0.575388) 
45   ( 3.70781, -0.56723)  ( 3.7366, -0.585465) 
45   ( 3.7122, -0.552453)  ( 3.70781, -0.56723) 
47   ( 3.67312, -0.536774)  ( 3.68726, -0.530513) 
47   ( 3.65093, -0.509007)  ( 3.67312, -0.536774) 
47   ( 3.65983, -0.495986)  ( 3.65093, -0.509007) 
46   ( 3.62777, -0.468659)  ( 3.6446, -0.469968) 
47   ( 3.61763, -0.447232)  ( 3.62777, -0.468659) 
47   ( 3.62517, -0.428064)  ( 3.61763, -0.447232) 
47   ( 3.59913, -0.402135)  ( 3.61916, -0.413459) 
47   ( 3.59435, -0.389703)  ( 3.59913, -0.402135) 
47   ( 3.60129, -0.367241)  ( 3.59435, -0.389703) 
46   ( 3.58051, -0.34909)  ( 3.59669, -0.355342) 
47   ( 4.02193, -0.647134)  ( 4.02371, -0.635911) 
47   ( 4.01358, -0.657594)  ( 4.02193, -0.647134) 
47   ( 4.00101, -0.651079)  ( 4.01358, -0.657594) 
47   ( 3.99697, -0.645856)  ( 4.00101, -0.651079) 
47   ( 3.99272, -0.628105)  ( 3.99697, -0.645856) 
47   ( 3.96572, -0.634894)  ( 3.97579, -0.622041) 
47   ( 3.95747, -0.636268)  ( 3.96572, -0.634894) 
45   ( 3.94252, -0.6322)  ( 3.95747, -0.636268) 
45   ( 3.93411, -0.617088)  ( 3.94252, -0.6322) 
46   ( 3.90112, -0.625398)  ( 3.91754, -0.61393) 
47   ( 3.88119, -0.621028)  ( 3.90112, -0.625398) 
47   ( 3.87404, -0.604481)  ( 3.88119, -0.621028) 
46   ( 3.8397, -0.610508)  ( 3.85146, -0.598694) 
46   ( 3.81412, -0.602674)  ( 3.8397, -0.610508) 
47   ( 3.81247, -0.586858)  ( 3.81412, -0.602674) 
45   ( 3.77565, -0.588311)  ( 3.787, -0.577289) 
47   ( 3.74859, -0.575388)  ( 3.77565, -0.588311) 
46   ( 3.75041, -0.55991)  ( 3.74859, -0.575388) 
46   ( 3.7122, -0.552453)  ( 3.72552, -0.544142) 
46   ( 3.68726, -0.530513)  ( 3.7122, -0.552453) 
47   ( 3.69395, -0.516417)  ( 3.68726, -0.530513) 
45   ( 3.65983, -0.495986)  ( 3.67508, -0.4928) 
46   ( 3.6446, -0.469968)  ( 3.65983, -0.495986) 
46   ( 3.65343, -0.455132)  ( 3.6446, -0.469968) 
47   ( 3.62517, -0.428064)  ( 3.64411, -0.435428) 
47   ( 3.61916, -0.413459)  ( 3.62517, -0.428064) 
47   ( 3.62607, -0.391437)  ( 3.61916, -0.413459) 
47   ( 3.60129, -0.367241)  ( 3.62136, -0.379185) 
47   ( 3.59669, -0.355342)  ( 3.60129, -0.367241) 
47   ( 3.60497, -0.337086)  ( 3.59669, -0.355342) 
47   ( 4.04926, -0.623908)  ( 4.04988, -0.621829) 
47   ( 4.02371, -0.635911)  ( 4.04926, -0.623908) 
45   ( 4.0167, -0.61548)  ( 4.02371, -0.635911) 
47   ( 3.99272, -0.628105)  ( 4.00893, -0.611157) 
47   ( 3.97579, -0.622041)  ( 3.99272, -0.628105) 
47   ( 3.96686, -0.608051)  ( 3.97579, -0.622041) 
46   ( 3.93411, -0.617088)  ( 3.95269, -0.60567) 
46   ( 3.91754, -0.61393)  ( 3.93411, -0.617088) 
46   ( 3.90698, -0.597011)  ( 3.91754, -0.61393) 
47   ( 3.87404, -0.604481)  ( 3.88787, -0.592822) 
47   ( 3.85146, -0.598694)  ( 3.87404, -0.604481) 
47   ( 3.84745, -0.582568)  ( 3.85146, -0.598694) 
47   ( 3.81247, -0.586858)  ( 3.82361, -0.575269) 
45   ( 3.787, -0.577289)  ( 3.81247, -0.586858) 
45   ( 3.78681, -0.561521)  ( 3.787, -0.577289) 
46   ( 3.75041, -0.55991)  ( 3.76291, -0.550109) 
46   ( 3.72552, -0.544142)  ( 3.75041, -0.55991) 
47   ( 3.72936, -0.528942)  ( 3.72552, -0.544142) 
47   ( 3.69395, -0.516417)  ( 3.70862, -0.510699) 
45   ( 3.67508, -0.4928)  ( 3.69395, -0.516417) 
45   ( 3.68362, -0.479262)  ( 3.67508, -0.4928) 
47   ( 3.65343, -0.455132)  ( 3.67036, -0.456597) 
47   ( 3.64411, -0.435428)  ( 3.65343, -0.455132) 
47   ( 3.65173, -0.416454)  ( 3.64411, -0.435428) 
46   ( 3.62607, -0.391437)  ( 3.64601, -0.40256) 
47   ( 3.62136, -0.379185)  ( 3.62607, -0.391437) 
46   ( 3.6283, -0.356738)  ( 3.62136, -0.379185) 
47   ( 3.60497, -0.337086)  ( 3.62363, -0.344664) 
47   ( 3.59363, -0.314892)  ( 3.60497, -0.337086) 
46   ( 3.69543, -0.25263)  ( 3.69061, -0.237632) 
45   ( 3.6975, -0.257474)  ( 3.69543, -0.25263) 
46   ( 3.68302, -0.260444)  ( 3.6975, -0.257474) 
47   ( 3.69061, -0.237632)  ( 3.67979, -0.233257) 
47   ( 3.67966, -0.205417)  ( 3.66983, -0.182119) 
47   ( 3.67451, -0.217362)  ( 3.67966, -0.205417) 
47   ( 3.74205, -0.393171)  ( 3.72808, -0.391716) 
47   ( 3.73987, -0.416369)  ( 3.74205, -0.393171) 
47   ( 3.72664, -0.343661)  ( 3.70616, -0.336343) 
47   ( 3.71707, -0.365256)  ( 3.72664, -0.343661) 
47   ( 3.70561, -0.280109)  ( 3.68483, -0.273396) 
47   ( 3.69607, -0.306757)  ( 3.70561, -0.280109) 
47   ( 3.67451, -0.217362)  ( 3.66189, -0.210168) 
47   ( 3.67979, -0.233257)  ( 3.67451, -0.217362) 
47   ( 3.67804, -0.248972)  ( 3.67979, -0.233257) 
46   ( 3.91846, -0.519518)  ( 3.8969, -0.527785) 
47   ( 3.92621, -0.534242)  ( 3.91846, -0.519518) 
46   ( 3.85951, -0.506952)  ( 3.8471, -0.521482) 
47   ( 3.86883, -0.520542)  ( 3.85951, -0.506952) 
47   ( 3.73987, -0.416369)  ( 3.73033, -0.414356) 
47   ( 3.74321, -0.419463)  ( 3.73987, -0.416369) 
47   ( 3.74784, -0.429755)  ( 3.74321, -0.419463) 
47   ( 3.74243, -0.445023)  ( 3.74784, -0.429755) 
47   ( 3.71707, -0.365256)  ( 3.70688, -0.359328) 
47   ( 3.72757, -0.372356)  ( 3.71707, -0.365256) 
47   ( 3.72808, -0.391716)  ( 3.72757, -0.372356) 
47   ( 3.72356, -0.400065)  ( 3.72808, -0.391716) 
46   ( 3.69607, -0.306757)  ( 3.6844, -0.301304) 
47   ( 3.70978, -0.316106)  ( 3.69607, -0.306757) 
47   ( 3.70616, -0.336343)  ( 3.70978, -0.316106) 
47   ( 3.70238, -0.347626)  ( 3.70616, -0.336343) 
46   ( 3.67804, -0.248972)  ( 3.65972, -0.24357) 
47   ( 3.68302, -0.260444)  ( 3.67804, -0.248972) 
47   ( 3.68483, -0.273396)  ( 3.68302, -0.260444) 
47   ( 3.67866, -0.287229)  ( 3.68483, -0.273396) 
46   ( 3.6513, -0.225351)  ( 3.66018, -0.210805) 
45   ( 3.98636, -0.5496)  ( 3.98059, -0.558828) 
45   ( 3.98614, -0.544626)  ( 3.98636, -0.5496) 
47   ( 3.99322, -0.539044)  ( 3.98614, -0.544626) 
47   ( 4.00923, -0.557908)  ( 3.99322, -0.539044) 
47   ( 3.92621, -0.534242)  ( 3.91869, -0.540235) 
47   ( 3.94498, -0.531848)  ( 3.92621, -0.534242) 
46   ( 3.95474, -0.55204)  ( 3.94498, -0.531848) 
47   ( 3.86883, -0.520542)  ( 3.86308, -0.526731) 
46   ( 3.88732, -0.51655)  ( 3.86883, -0.520542) 
45   ( 3.8969, -0.527785)  ( 3.88732, -0.51655) 
46   ( 3.90126, -0.536414)  ( 3.8969, -0.527785) 
47   ( 3.81458, -0.509032)  ( 3.80957, -0.515481) 
47   ( 3.83386, -0.505995)  ( 3.81458, -0.509032) 
46   ( 3.8408, -0.521952)  ( 3.83386, -0.505995) 
47   ( 3.74243, -0.445023)  ( 3.73103, -0.445512) 
47   ( 3.74878, -0.451252)  ( 3.74243, -0.445023) 
47   ( 3.75079, -0.457615)  ( 3.74878, -0.451252) 
47   ( 3.75235, -0.465696)  ( 3.75079, -0.457615) 
47   ( 3.74871, -0.472146)  ( 3.75235, -0.465696) 
47   ( 3.72356, -0.400065)  ( 3.70484, -0.393201) 
47   ( 3.73033, -0.414356)  ( 3.72356, -0.400065) 
47   ( 3.72193, -0.429961)  ( 3.73033, -0.414356) 
47   ( 3.70238, -0.347626)  ( 3.68233, -0.335732) 
47   ( 3.70688, -0.359328)  ( 3.70238, -0.347626) 
47   ( 3.69972, -0.380762)  ( 3.70688, -0.359328) 
47   ( 3.67866, -0.287229)  ( 3.65906, -0.277992) 
46   ( 3.6844, -0.301304)  ( 3.67866, -0.287229) 
45   ( 3.67752, -0.32331)  ( 3.6844, -0.301304) 
46   ( 3.6513, -0.225351)  ( 3.63461, -0.222938) 
45   ( 3.65972, -0.24357)  ( 3.6513, -0.225351) 
45   ( 3.6521, -0.261999)  ( 3.65972, -0.24357) 
47   ( 4.00923, -0.557908)  ( 4.00396, -0.573092) 
47   ( 4.01669, -0.557788)  ( 4.00923, -0.557908) 
46   ( 4.0207, -0.586775)  ( 4.01669, -0.557788) 
45   ( 3.95474, -0.55204)  ( 3.9445, -0.560058) 
45   ( 3.9626, -0.549638)  ( 3.95474, -0.55204) 
46   ( 3.96982, -0.554069)  ( 3.9626, -0.549638) 
45   ( 3.9725, -0.55671)  ( 3.96982, -0.554069) 
45   ( 3.98059, -0.558828)  ( 3.9725, -0.55671) 
47   ( 3.98437, -0.568806)  ( 3.98059, -0.558828) 
47   ( 3.90126, -0.536414)  ( 3.88738, -0.548062) 
47   ( 3.91869, -0.540235)  ( 3.90126, -0.536414) 
47   ( 3.92905, -0.557115)  ( 3.91869, -0.540235) 
46   ( 3.8408, -0.521952)  ( 3.83081, -0.531827) 
45   ( 3.8471, -0.521482)  ( 3.8408, -0.521952) 
46   ( 3.86308, -0.526731)  ( 3.8471, -0.521482) 
47   ( 3.86728, -0.542909)  ( 3.86308, -0.526731) 
46   ( 3.78753, -0.509165)  ( 3.77761, -0.51606) 
47   ( 3.79664, -0.508636)  ( 3.78753, -0.509165) 
47   ( 3.80957, -0.515481)  ( 3.79664, -0.508636) 
47   ( 3.81022, -0.524092)  ( 3.80957, -0.515481) 
47   ( 3.74871, -0.472146)  ( 3.73536, -0.475382) 
47   ( 3.75606, -0.480861)  ( 3.74871, -0.472146) 
47   ( 3.75717, -0.484734)  ( 3.75606, -0.480861) 
47   ( 3.75824, -0.489483)  ( 3.75717, -0.484734) 
47   ( 3.75861, -0.490591)  ( 3.75824, -0.489483) 
46   ( 3.75528, -0.50104)  ( 3.75861, -0.490591) 
47   ( 3.72193, -0.429961)  ( 3.70471, -0.427989) 
47   ( 3.73103, -0.445512)  ( 3.72193, -0.429961) 
47   ( 3.72356, -0.460614)  ( 3.73103, -0.445512) 
47   ( 3.69972, -0.380762)  ( 3.67995, -0.370033) 
47   ( 3.70484, -0.393201)  ( 3.69972, -0.380762) 
47   ( 3.69707, -0.411843)  ( 3.70484, -0.393201) 
45   ( 3.67752, -0.32331)  ( 3.6575, -0.312096) 
46   ( 3.68233, -0.335732)  ( 3.67752, -0.32331) 
47   ( 3.67537, -0.358146)  ( 3.68233, -0.335732) 
46   ( 3.6521, -0.261999)  ( 3.63373, -0.256509) 
46   ( 3.65906, -0.277992)  ( 3.6521, -0.261999) 
47   ( 3.65192, -0.298411)  ( 3.65906, -0.277992) 
47   ( 4.04063, -0.556559)  ( 4.02482, -0.587693) 
47   ( 4.06419, -0.557576)  ( 4.04063, -0.556559) 
47   ( 4.06424, -0.572266)  ( 4.06419, -0.557576) 
47   ( 4.05764, -0.588814)  ( 4.06424, -0.572266) 
46   ( 3.98437, -0.568806)  ( 3.9715, -0.579441) 
47   ( 4.00396, -0.573092)  ( 3.98437, -0.568806) 
47   ( 4.00962, -0.583837)  ( 4.00396, -0.573092) 
46   ( 3.98678, -0.596525)  ( 3.99958, -0.59844) 
47   ( 3.92905, -0.557115)  ( 3.91284, -0.568624) 
46   ( 3.9445, -0.560058)  ( 3.92905, -0.557115) 
46   ( 3.95772, -0.577127)  ( 3.9445, -0.560058) 
46   ( 3.92329, -0.585522)  ( 3.9393, -0.588573) 
47   ( 3.86728, -0.542909)  ( 3.85518, -0.554625) 
47   ( 3.88738, -0.548062)  ( 3.86728, -0.542909) 
47   ( 3.89456, -0.564617)  ( 3.88738, -0.548062) 
45   ( 3.85936, -0.5708)  ( 3.88071, -0.576272) 
47   ( 3.81022, -0.524092)  ( 3.79793, -0.534714) 
47   ( 3.83081, -0.531827)  ( 3.81022, -0.524092) 
47   ( 3.83311, -0.547869)  ( 3.83081, -0.531827) 
47   ( 3.79859, -0.550683)  ( 3.82165, -0.559347) 
46   ( 3.75528, -0.50104)  ( 3.74642, -0.505354) 
46   ( 3.76564, -0.505205)  ( 3.75528, -0.50104) 
47   ( 3.76815, -0.507547)  ( 3.76564, -0.505205) 
46   ( 3.77133, -0.50858)  ( 3.76815, -0.507547) 
45   ( 3.77761, -0.51606)  ( 3.77133, -0.50858) 
44   ( 3.7773, -0.52486)  ( 3.77761, -0.51606) 
47   ( 3.74332, -0.521105)  ( 3.76418, -0.534323) 
47   ( 3.72356, -0.460614)  ( 3.70736, -0.462451) 
47   ( 3.73536, -0.475382)  ( 3.72356, -0.460614) 
46   ( 3.73008, -0.49098)  ( 3.73536, -0.475382) 
46   ( 3.69928, -0.476659)  ( 3.71472, -0.49597) 
47   ( 3.69707, -0.411843)  ( 3.67829, -0.404833) 
47   ( 3.70471, -0.427989)  ( 3.69707, -0.411843) 
47   ( 3.69614, -0.443258)  ( 3.70471, -0.427989) 
47   ( 3.67059, -0.423631)  ( 3.67908, -0.441578) 
47   ( 3.67537, -0.358146)  ( 3.65531, -0.346235) 
47   ( 3.67995, -0.370033)  ( 3.67537, -0.358146) 
47   ( 3.67287, -0.391661)  ( 3.67995, -0.370033) 
47   ( 3.64837, -0.368666)  ( 3.65301, -0.380736) 
47   ( 3.65192, -0.298411)  ( 3.63237, -0.289306) 
46   ( 3.6575, -0.312096)  ( 3.65192, -0.298411) 
46   ( 3.65058, -0.333986)  ( 3.6575, -0.312096) 
46   ( 3.62518, -0.309594)  ( 3.6306, -0.322889) 
47   ( 3.63373, -0.256509)  ( 3.62492, -0.238482) 
47   ( 3.62563, -0.273806)  ( 3.63373, -0.256509) 
46   ( 4.05764, -0.588814)  ( 4.0337, -0.598566) 
47   ( 4.06121, -0.609771)  ( 4.05764, -0.588814) 
47   ( 4.04988, -0.621829)  ( 4.06121, -0.609771) 
47   ( 4.03265, -0.607463)  ( 4.04988, -0.621829) 
45   ( 4.0167, -0.61548)  ( 4.03265, -0.607463) 
45   ( 4.00893, -0.611157)  ( 4.0167, -0.61548) 
46   ( 3.99958, -0.59844)  ( 4.00893, -0.611157) 
46   ( 4.00962, -0.583837)  ( 3.99958, -0.59844) 
46   ( 4.0207, -0.586775)  ( 4.00962, -0.583837) 
46   ( 4.02482, -0.587693)  ( 4.0207, -0.586775) 
46   ( 4.0337, -0.598566)  ( 4.02482, -0.587693) 
46   ( 4.03265, -0.607463)  ( 4.0337, -0.598566) 
46   ( 3.95772, -0.577127)  ( 3.9393, -0.588573) 
46   ( 3.9715, -0.579441)  ( 3.95772, -0.577127) 
46   ( 3.98678, -0.596525)  ( 3.9715, -0.579441) 
47   ( 3.96686, -0.608051)  ( 3.98678, -0.596525) 
46   ( 3.95269, -0.60567)  ( 3.96686, -0.608051) 
45   ( 3.9393, -0.588573)  ( 3.95269, -0.60567) 
47   ( 3.89456, -0.564617)  ( 3.88071, -0.576272) 
47   ( 3.91284, -0.568624)  ( 3.89456, -0.564617) 
47   ( 3.92329, -0.585522)  ( 3.91284, -0.568624) 
47   ( 3.90698, -0.597011)  ( 3.92329, -0.585522) 
47   ( 3.88787, -0.592822)  ( 3.90698, -0.597011) 
47   ( 3.88071, -0.576272)  ( 3.88787, -0.592822) 
47   ( 3.83311, -0.547869)  ( 3.82165, -0.559347) 
47   ( 3.85518, -0.554625)  ( 3.83311, -0.547869) 
45   ( 3.85936, -0.5708)  ( 3.85518, -0.554625) 
45   ( 3.84745, -0.582568)  ( 3.85936, -0.5708) 
47   ( 3.82361, -0.575269)  ( 3.84745, -0.582568) 
47   ( 3.82165, -0.559347)  ( 3.82361, -0.575269) 
45   ( 3.7773, -0.52486)  ( 3.76418, -0.534323) 
45   ( 3.79793, -0.534714)  ( 3.7773, -0.52486) 
47   ( 3.79859, -0.550683)  ( 3.79793, -0.534714) 
47   ( 3.78681, -0.561521)  ( 3.79859, -0.550683) 
47   ( 3.76291, -0.550109)  ( 3.78681, -0.561521) 
47   ( 3.76418, -0.534323)  ( 3.76291, -0.550109) 
45   ( 3.73008, -0.49098)  ( 3.71472, -0.49597) 
46   ( 3.74642, -0.505354)  ( 3.73008, -0.49098) 
47   ( 3.74332, -0.521105)  ( 3.74642, -0.505354) 
47   ( 3.72936, -0.528942)  ( 3.74332, -0.521105) 
47   ( 3.70862, -0.510699)  ( 3.72936, -0.528942) 
46   ( 3.71472, -0.49597)  ( 3.70862, -0.510699) 
47   ( 3.69614, -0.443258)  ( 3.67908, -0.441578) 
47   ( 3.70736, -0.462451)  ( 3.69614, -0.443258) 
47   ( 3.69928, -0.476659)  ( 3.70736, -0.462451) 
47   ( 3.68362, -0.479262)  ( 3.69928, -0.476659) 
47   ( 3.67036, -0.456597)  ( 3.68362, -0.479262) 
47   ( 3.67908, -0.441578)  ( 3.67036, -0.456597) 
47   ( 3.67287, -0.391661)  ( 3.65301, -0.380736) 
47   ( 3.67829, -0.404833)  ( 3.67287, -0.391661) 
47   ( 3.67059, -0.423631)  ( 3.67829, -0.404833) 
47   ( 3.65173, -0.416454)  ( 3.67059, -0.423631) 
46   ( 3.64601, -0.40256)  ( 3.65173, -0.416454) 
46   ( 3.65301, -0.380736)  ( 3.64601, -0.40256) 
46   ( 3.65058, -0.333986)  ( 3.6306, -0.322889) 
47   ( 3.65531, -0.346235)  ( 3.65058, -0.333986) 
47   ( 3.64837, -0.368666)  ( 3.65531, -0.346235) 
46   ( 3.6283, -0.356738)  ( 3.64837, -0.368666) 
46   ( 3.62363, -0.344664)  ( 3.6283, -0.356738) 
46   ( 3.6306, -0.322889)  ( 3.62363, -0.344664) 
46   ( 3.62563, -0.273806)  ( 3.6124, -0.269958) 
47   ( 3.63237, -0.289306)  ( 3.62563, -0.273806) 
47   ( 3.62518, -0.309594)  ( 3.63237, -0.289306) 
47   ( 3.59668, -0.303859)  ( 3.62518, -0.309594) 
44   ( 3.06886, 0.59486)  ( 3.06312, 0.584623) 
45   ( 3.04466, 0.573218)  ( 3.03688, 0.559189) 
45   ( 3.05031, 0.580742)  ( 3.04466, 0.573218) 
45   ( 3.06312, 0.584623)  ( 3.05031, 0.580742) 
45   ( 3.07038, 0.570629)  ( 3.06312, 0.584623) 
45   ( 3.04501, 0.548818)  ( 3.05556, 0.550476) 
45   ( 3.03994, 0.551892)  ( 3.04501, 0.548818) 
45   ( 3.01119, 0.558049)  ( 3.00342, 0.547642) 
45   ( 3.02422, 0.562388)  ( 3.01119, 0.558049) 
45   ( 3.03688, 0.559189)  ( 3.02422, 0.562388) 
45   ( 3.03994, 0.551892)  ( 3.03688, 0.559189) 
45   ( 3.02446, 0.538221)  ( 3.03994, 0.551892) 
45   ( 3.00694, 0.539256)  ( 3.02446, 0.538221) 
45   ( 2.98403, 0.552553)  ( 2.96789, 0.541155) 
45   ( 3.00342, 0.547642)  ( 2.98403, 0.552553) 
45   ( 3.00694, 0.539256)  ( 3.00342, 0.547642) 
45   ( 2.99733, 0.525158)  ( 3.00694, 0.539256) 
45   ( 2.98476, 0.519627)  ( 2.99733, 0.525158) 
45   ( 2.93861, 0.539052)  ( 2.93289, 0.533163) 
45   ( 2.95754, 0.544229)  ( 2.93861, 0.539052) 
45   ( 2.96789, 0.541155)  ( 2.95754, 0.544229) 
45   ( 2.98476, 0.519627)  ( 2.96789, 0.541155) 
45   ( 2.97821, 0.514977)  ( 2.98476, 0.519627) 
45   ( 2.95729, 0.499257)  ( 2.97821, 0.514977) 
45   ( 2.94717, 0.499121)  ( 2.95729, 0.499257) 
45   ( 2.93909, 0.491391)  ( 2.94717, 0.499121) 
45   ( 2.92586, 0.487983)  ( 2.93909, 0.491391) 
45   ( 2.91371, 0.491003)  ( 2.92586, 0.487983) 
44   ( 2.90648, 0.49751)  ( 2.91371, 0.491003) 
44   ( 2.90344, 0.504624)  ( 2.90648, 0.49751) 
45   ( 2.90364, 0.513898)  ( 2.90344, 0.504624) 
45   ( 2.90904, 0.524241)  ( 2.90364, 0.513898) 
45   ( 2.92004, 0.531802)  ( 2.90904, 0.524241) 
45   ( 2.93289, 0.533163)  ( 2.92004, 0.531802) 
45   ( 2.94717, 0.499121)  ( 2.93289, 0.533163) 
45   ( 3.09264, 0.634077)  ( 3.08082, 0.632746) 
44   ( 3.06886, 0.59486)  ( 3.09067, 0.593247) 
44   ( 3.06454, 0.606071)  ( 3.06886, 0.59486) 
45   ( 3.06056, 0.640993)  ( 3.04494, 0.638914) 
45   ( 3.07036, 0.640631)  ( 3.06056, 0.640993) 
45   ( 3.08082, 0.632746)  ( 3.07036, 0.640631) 
45   ( 3.06454, 0.606071)  ( 3.08082, 0.632746) 
45   ( 3.05284, 0.611683)  ( 3.06454, 0.606071) 
45   ( 3.04766, 0.620449)  ( 3.05284, 0.611683) 
42   ( 3.04257, 0.635)  ( 3.04766, 0.620449) 
45   ( 3.02875, 0.659294)  ( 3.01604, 0.659365) 
45   ( 3.04005, 0.651129)  ( 3.02875, 0.659294) 
45   ( 3.04494, 0.638914)  ( 3.04005, 0.651129) 
42   ( 3.04257, 0.635)  ( 3.04494, 0.638914) 
41   ( 3.02949, 0.63363)  ( 3.04257, 0.635) 
44   ( 3.01652, 0.640032)  ( 3.02949, 0.63363) 
45   ( 3.01095, 0.650973)  ( 3.01652, 0.640032) 
44   ( 3.0082, 0.678184)  ( 2.98979, 0.684156) 
44   ( 3.01604, 0.659365)  ( 3.0082, 0.678184) 
45   ( 3.01095, 0.650973)  ( 3.01604, 0.659365) 
45   ( 2.99016, 0.649551)  ( 3.01095, 0.650973) 
45   ( 2.97693, 0.662971)  ( 2.99016, 0.649551) 
45   ( 2.97097, 0.706644)  ( 2.96285, 0.707892) 
44   ( 2.98577, 0.69493)  ( 2.97097, 0.706644) 
44   ( 2.98979, 0.684156)  ( 2.98577, 0.69493) 
45   ( 2.97693, 0.662971)  ( 2.98979, 0.684156) 
45   ( 2.96471, 0.661695)  ( 2.97693, 0.662971) 
45   ( 2.94824, 0.669235)  ( 2.96471, 0.661695) 
45   ( 2.94337, 0.675771)  ( 2.94824, 0.669235) 
45   ( 2.93045, 0.679378)  ( 2.94337, 0.675771) 
45   ( 2.92088, 0.688618)  ( 2.93045, 0.679378) 
45   ( 2.91725, 0.699612)  ( 2.92088, 0.688618) 
45   ( 2.91847, 0.708679)  ( 2.91725, 0.699612) 
45   ( 2.92232, 0.714948)  ( 2.91847, 0.708679) 
45   ( 2.92989, 0.720183)  ( 2.92232, 0.714948) 
44   ( 2.9414, 0.721928)  ( 2.92989, 0.720183) 
44   ( 2.95398, 0.717569)  ( 2.9414, 0.721928) 
45   ( 2.96285, 0.707892)  ( 2.95398, 0.717569) 
45   ( 2.94337, 0.675771)  ( 2.96285, 0.707892) 
44   ( 3.13835, 0.63789)  ( 3.13025, 0.646744) 
44   ( 3.09264, 0.634077)  ( 3.1088, 0.607984) 
45   ( 3.09912, 0.644084)  ( 3.09264, 0.634077) 
45   ( 3.12492, 0.668224)  ( 3.11415, 0.679316) 
44   ( 3.13045, 0.65974)  ( 3.12492, 0.668224) 
44   ( 3.13025, 0.646744)  ( 3.13045, 0.65974) 
45   ( 3.09912, 0.644084)  ( 3.13025, 0.646744) 
45   ( 3.09673, 0.656948)  ( 3.09912, 0.644084) 
45   ( 3.10077, 0.665939)  ( 3.09673, 0.656948) 
45   ( 3.10959, 0.678936)  ( 3.10077, 0.665939) 
44   ( 3.12123, 0.704812)  ( 3.1139, 0.714739) 
44   ( 3.1212, 0.690422)  ( 3.12123, 0.704812) 
44   ( 3.11415, 0.679316)  ( 3.1212, 0.690422) 
45   ( 3.10959, 0.678936)  ( 3.11415, 0.679316) 
45   ( 3.10083, 0.688755)  ( 3.10959, 0.678936) 
45   ( 3.09852, 0.702578)  ( 3.10083, 0.688755) 
45   ( 3.10413, 0.713924)  ( 3.09852, 0.702578) 
45   ( 3.12446, 0.732633)  ( 3.11835, 0.750541) 
44   ( 3.1139, 0.714739)  ( 3.12446, 0.732633) 
44   ( 3.10413, 0.713924)  ( 3.1139, 0.714739) 
45   ( 3.09077, 0.729408)  ( 3.10413, 0.713924) 
45   ( 3.09366, 0.748472)  ( 3.09077, 0.729408) 
44   ( 3.12553, 0.779012)  ( 3.12183, 0.78629) 
45   ( 3.12491, 0.760797)  ( 3.12553, 0.779012) 
45   ( 3.11835, 0.750541)  ( 3.12491, 0.760797) 
45   ( 3.09366, 0.748472)  ( 3.11835, 0.750541) 
45   ( 3.08575, 0.756977)  ( 3.09366, 0.748472) 
45   ( 3.08191, 0.775349)  ( 3.08575, 0.756977) 
44   ( 3.0844, 0.783167)  ( 3.08191, 0.775349) 
44   ( 3.07969, 0.795467)  ( 3.0844, 0.783167) 
45   ( 3.08142, 0.808665)  ( 3.07969, 0.795467) 
45   ( 3.08812, 0.818168)  ( 3.08142, 0.808665) 
45   ( 3.09618, 0.822603)  ( 3.08812, 0.818168) 
45   ( 3.10351, 0.823238)  ( 3.09618, 0.822603) 
45   ( 3.11217, 0.820276)  ( 3.10351, 0.823238) 
45   ( 3.12039, 0.812111)  ( 3.11217, 0.820276) 
45   ( 3.12438, 0.799419)  ( 3.12039, 0.812111) 
44   ( 3.12183, 0.78629)  ( 3.12438, 0.799419) 
43   ( 3.0844, 0.783167)  ( 3.12183, 0.78629) 
45   ( 3.17174, 0.606689)  ( 3.17072, 0.615006) 
45   ( 3.15918, 0.588602)  ( 3.17174, 0.606689) 
44   ( 3.13835, 0.63789)  ( 3.12674, 0.609479) 
44   ( 3.15015, 0.638537)  ( 3.13835, 0.63789) 
44   ( 3.1851, 0.632166)  ( 3.18754, 0.647139) 
44   ( 3.18124, 0.622448)  ( 3.1851, 0.632166) 
45   ( 3.17072, 0.615006)  ( 3.18124, 0.622448) 
45   ( 3.15015, 0.638537)  ( 3.17072, 0.615006) 
43   ( 3.1592, 0.64812)  ( 3.15015, 0.638537) 
43   ( 3.16857, 0.649933)  ( 3.1592, 0.64812) 
45   ( 3.18455, 0.650612)  ( 3.16857, 0.649933) 
42   ( 3.21273, 0.656544)  ( 3.21619, 0.668) 
45   ( 3.20067, 0.647915)  ( 3.21273, 0.656544) 
45   ( 3.18754, 0.647139)  ( 3.20067, 0.647915) 
45   ( 3.18455, 0.650612)  ( 3.18754, 0.647139) 
44   ( 3.1874, 0.663465)  ( 3.18455, 0.650612) 
44   ( 3.19696, 0.673075)  ( 3.1874, 0.663465) 
45   ( 3.20977, 0.675445)  ( 3.19696, 0.673075) 
45   ( 3.23722, 0.670346)  ( 3.24766, 0.685581) 
42   ( 3.21619, 0.668)  ( 3.23722, 0.670346) 
42   ( 3.20977, 0.675445)  ( 3.21619, 0.668) 
45   ( 3.21407, 0.695044)  ( 3.20977, 0.675445) 
45   ( 3.23144, 0.704342)  ( 3.21407, 0.695044) 
45   ( 3.27494, 0.696495)  ( 3.27869, 0.703695) 
45   ( 3.26048, 0.686565)  ( 3.27494, 0.696495) 
45   ( 3.24766, 0.685581)  ( 3.26048, 0.686565) 
45   ( 3.23144, 0.704342)  ( 3.24766, 0.685581) 
45   ( 3.23337, 0.715122)  ( 3.23144, 0.704342) 
45   ( 3.24629, 0.729588)  ( 3.23337, 0.715122) 
45   ( 3.25416, 0.732149)  ( 3.24629, 0.729588) 
45   ( 3.26111, 0.743045)  ( 3.25416, 0.732149) 
45   ( 3.27274, 0.749521)  ( 3.26111, 0.743045) 
45   ( 3.28442, 0.749804)  ( 3.27274, 0.749521) 
45   ( 3.29283, 0.745936)  ( 3.28442, 0.749804) 
45   ( 3.29769, 0.740421)  ( 3.29283, 0.745936) 
45   ( 3.30044, 0.731744)  ( 3.29769, 0.740421) 
45   ( 3.29879, 0.720326)  ( 3.30044, 0.731744) 
45   ( 3.29098, 0.709576)  ( 3.29879, 0.720326) 
45   ( 3.27869, 0.703695)  ( 3.29098, 0.709576) 
45   ( 3.25416, 0.732149)  ( 3.27869, 0.703695) 
44   ( 3.29787, 0.565098)  ( 3.28692, 0.55162) 
45   ( 3.31139, 0.566302)  ( 3.29787, 0.565098) 
45   ( 3.32513, 0.565741)  ( 3.31139, 0.566302) 
45   ( 3.33715, 0.560425)  ( 3.32513, 0.565741) 
44   ( 3.34438, 0.55139)  ( 3.33715, 0.560425) 
43   ( 3.3464, 0.542338)  ( 3.34438, 0.55139) 
44   ( 3.34491, 0.534968)  ( 3.3464, 0.542338) 
45   ( 3.33964, 0.527549)  ( 3.34491, 0.534968) 
45   ( 3.32955, 0.522055)  ( 3.33964, 0.527549) 
45   ( 3.31585, 0.522018)  ( 3.32955, 0.522055) 
45   ( 3.30285, 0.527541)  ( 3.31585, 0.522018) 
44   ( 3.28692, 0.55162)  ( 3.30285, 0.527541) 
43   ( 3.2036, 0.233961)  ( 3.18956, 0.23211) 
44   ( 3.20802, 0.211535)  ( 3.2036, 0.233961) 
43   ( 3.243, 0.200094)  ( 3.22877, 0.193549) 
43   ( 3.25524, 0.172287)  ( 3.243, 0.200094) 
45   ( 3.29347, 0.154883)  ( 3.27353, 0.151284) 
45   ( 3.29728, 0.128024)  ( 3.29347, 0.154883) 
45   ( 3.34301, 0.104561)  ( 3.32052, 0.112082) 
46   ( 3.34369, 0.0878172)  ( 3.34301, 0.104561) 
45   ( 3.15387, 0.425945)  ( 3.14296, 0.450637) 
45   ( 3.13927, 0.420692)  ( 3.15387, 0.425945) 
45   ( 3.14225, 0.368905)  ( 3.13601, 0.392081) 
45   ( 3.12713, 0.369123)  ( 3.14225, 0.368905) 
44   ( 3.17156, 0.250485)  ( 3.1647, 0.248535) 
44   ( 3.18453, 0.24347)  ( 3.17156, 0.250485) 
43   ( 3.18956, 0.23211)  ( 3.18453, 0.24347) 
43   ( 3.1881, 0.222175)  ( 3.18956, 0.23211) 
44   ( 3.20802, 0.211535)  ( 3.19815, 0.21101) 
44   ( 3.21627, 0.21153)  ( 3.20802, 0.211535) 
44   ( 3.22877, 0.193549)  ( 3.21627, 0.21153) 
45   ( 3.22974, 0.179372)  ( 3.22877, 0.193549) 
45   ( 3.25524, 0.172287)  ( 3.23829, 0.171235) 
45   ( 3.26105, 0.172631)  ( 3.25524, 0.172287) 
45   ( 3.27353, 0.151284)  ( 3.26105, 0.172631) 
45   ( 3.27467, 0.137016)  ( 3.27353, 0.151284) 
45   ( 3.29728, 0.128024)  ( 3.28366, 0.128567) 
45   ( 3.32002, 0.123904)  ( 3.29728, 0.128024) 
45   ( 3.32052, 0.112082)  ( 3.32002, 0.123904) 
46   ( 3.31589, 0.0982697)  ( 3.32052, 0.112082) 
44   ( 3.15785, 0.523608)  ( 3.1535, 0.537992) 
45   ( 3.15379, 0.516792)  ( 3.15785, 0.523608) 
45   ( 3.14227, 0.507663)  ( 3.15379, 0.516792) 
45   ( 3.14731, 0.480895)  ( 3.14141, 0.486953) 
45   ( 3.15045, 0.456531)  ( 3.14731, 0.480895) 
45   ( 3.14296, 0.450637)  ( 3.15045, 0.456531) 
45   ( 3.13477, 0.445836)  ( 3.14296, 0.450637) 
45   ( 3.13927, 0.420692)  ( 3.13228, 0.427806) 
45   ( 3.14276, 0.397345)  ( 3.13927, 0.420692) 
45   ( 3.13601, 0.392081)  ( 3.14276, 0.397345) 
44   ( 3.1282, 0.388699)  ( 3.13601, 0.392081) 
42   ( 3.13533, 0.3461)  ( 3.1247, 0.366141) 
43   ( 3.12036, 0.334776)  ( 3.13533, 0.3461) 
45   ( 3.14881, 0.264316)  ( 3.14142, 0.263904) 
45   ( 3.15629, 0.259802)  ( 3.14881, 0.264316) 
44   ( 3.1647, 0.248535)  ( 3.15629, 0.259802) 
44   ( 3.15892, 0.235445)  ( 3.1647, 0.248535) 
44   ( 3.1881, 0.222175)  ( 3.17008, 0.220889) 
43   ( 3.19815, 0.21101)  ( 3.1881, 0.222175) 
44   ( 3.19794, 0.190337)  ( 3.19815, 0.21101) 
45   ( 3.22974, 0.179372)  ( 3.20675, 0.181492) 
45   ( 3.23829, 0.171235)  ( 3.22974, 0.179372) 
44   ( 3.24198, 0.14786)  ( 3.23829, 0.171235) 
45   ( 3.27467, 0.137016)  ( 3.25091, 0.139466) 
45   ( 3.28366, 0.128567)  ( 3.27467, 0.137016) 
44   ( 3.2876, 0.104973)  ( 3.28366, 0.128567) 
47   ( 3.31589, 0.0982697)  ( 3.29659, 0.0965218) 
46   ( 3.3303, 0.0847254)  ( 3.31589, 0.0982697) 
45   ( 3.17264, 0.570984)  ( 3.16809, 0.575632) 
45   ( 3.16612, 0.544918)  ( 3.17264, 0.570984) 
44   ( 3.15875, 0.54139)  ( 3.16612, 0.544918) 
43   ( 3.1535, 0.537992)  ( 3.15875, 0.54139) 
44   ( 3.13714, 0.533565)  ( 3.1535, 0.537992) 
45   ( 3.14227, 0.507663)  ( 3.13128, 0.518013) 
44   ( 3.1435, 0.501735)  ( 3.14227, 0.507663) 
44   ( 3.14141, 0.486953)  ( 3.1435, 0.501735) 
44   ( 3.1251, 0.476879)  ( 3.14141, 0.486953) 
45   ( 3.13477, 0.445836)  ( 3.12246, 0.461033) 
45   ( 3.13228, 0.427806)  ( 3.13477, 0.445836) 
44   ( 3.11659, 0.41915)  ( 3.13228, 0.427806) 
44   ( 3.1282, 0.388699)  ( 3.11446, 0.398207) 
44   ( 3.12713, 0.369123)  ( 3.1282, 0.388699) 
44   ( 3.1247, 0.366141)  ( 3.12713, 0.369123) 
44   ( 3.11231, 0.360324)  ( 3.1247, 0.366141) 
45   ( 3.12036, 0.334776)  ( 3.11249, 0.338347) 
45   ( 3.12253, 0.325864)  ( 3.12036, 0.334776) 
45   ( 3.12093, 0.318101)  ( 3.12253, 0.325864) 
45   ( 3.11935, 0.312989)  ( 3.12093, 0.318101) 
45   ( 3.10883, 0.304966)  ( 3.11935, 0.312989) 
45   ( 3.12812, 0.279393)  ( 3.11803, 0.281376) 
45   ( 3.13166, 0.276812)  ( 3.12812, 0.279393) 
42   ( 3.136, 0.27334)  ( 3.13166, 0.276812) 
42   ( 3.14142, 0.263904)  ( 3.136, 0.27334) 
45   ( 3.13236, 0.250913)  ( 3.14142, 0.263904) 
45   ( 3.15892, 0.235445)  ( 3.14212, 0.234098) 
45   ( 3.17008, 0.220889)  ( 3.15892, 0.235445) 
44   ( 3.16579, 0.20364)  ( 3.17008, 0.220889) 
45   ( 3.19794, 0.190337)  ( 3.17702, 0.191162) 
45   ( 3.20675, 0.181492)  ( 3.19794, 0.190337) 
45   ( 3.20952, 0.158608)  ( 3.20675, 0.181492) 
44   ( 3.24198, 0.14786)  ( 3.21828, 0.150268) 
44   ( 3.25091, 0.139466)  ( 3.24198, 0.14786) 
43   ( 3.25482, 0.1159)  ( 3.25091, 0.139466) 
44   ( 3.2876, 0.104973)  ( 3.26381, 0.107451) 
45   ( 3.29659, 0.0965218)  ( 3.2876, 0.104973) 
47   ( 3.28862, 0.0741733)  ( 3.29659, 0.0965218) 
45   ( 3.15918, 0.588602)  ( 3.14298, 0.593325) 
45   ( 3.16809, 0.575632)  ( 3.15918, 0.588602) 
44   ( 3.12764, 0.56016)  ( 3.16809, 0.575632) 
45   ( 3.13714, 0.533565)  ( 3.12191, 0.550208) 
45   ( 3.13128, 0.518013)  ( 3.13714, 0.533565) 
45   ( 3.11626, 0.508869)  ( 3.13128, 0.518013) 
43   ( 3.1251, 0.476879)  ( 3.1136, 0.494848) 
44   ( 3.12246, 0.461033)  ( 3.1251, 0.476879) 
45   ( 3.10611, 0.450174)  ( 3.12246, 0.461033) 
43   ( 3.11659, 0.41915)  ( 3.1035, 0.431257) 
44   ( 3.11446, 0.398207)  ( 3.11659, 0.41915) 
45   ( 3.09931, 0.391077)  ( 3.11446, 0.398207) 
45   ( 3.11231, 0.360324)  ( 3.09804, 0.367956) 
45   ( 3.11249, 0.338347)  ( 3.11231, 0.360324) 
44   ( 3.0983, 0.330462)  ( 3.11249, 0.338347) 
44   ( 3.10883, 0.304966)  ( 3.10046, 0.30769) 
43   ( 3.114, 0.296479)  ( 3.10883, 0.304966) 
43   ( 3.11586, 0.292044)  ( 3.114, 0.296479) 
45   ( 3.11672, 0.291259)  ( 3.11586, 0.292044) 
45   ( 3.11803, 0.281376)  ( 3.11672, 0.291259) 
45   ( 3.10814, 0.271948)  ( 3.11803, 0.281376) 
45   ( 3.13236, 0.250913)  ( 3.11593, 0.251466) 
45   ( 3.14212, 0.234098)  ( 3.13236, 0.250913) 
45   ( 3.13452, 0.219637)  ( 3.14212, 0.234098) 
44   ( 3.16579, 0.20364)  ( 3.14791, 0.202176) 
44   ( 3.17702, 0.191162)  ( 3.16579, 0.20364) 
45   ( 3.17699, 0.170306)  ( 3.17702, 0.191162) 
45   ( 3.20952, 0.158608)  ( 3.18633, 0.160924) 
45   ( 3.21828, 0.150268)  ( 3.20952, 0.158608) 
43   ( 3.22207, 0.1268)  ( 3.21828, 0.150268) 
43   ( 3.25482, 0.1159)  ( 3.23104, 0.118369) 
43   ( 3.26381, 0.107451)  ( 3.25482, 0.1159) 
46   ( 3.26327, 0.0880754)  ( 3.26381, 0.107451) 
43   ( 2.9883, 0.246131)  ( 3.0025, 0.244433) 
43   ( 2.98568, 0.24928)  ( 2.9883, 0.246131) 
44   ( 2.98338, 0.252114)  ( 2.98568, 0.24928) 
45   ( 2.98155, 0.254612)  ( 2.98338, 0.252114) 
44   ( 2.9803, 0.257077)  ( 2.98155, 0.254612) 
43   ( 2.97964, 0.26002)  ( 2.9803, 0.257077) 
44   ( 2.97924, 0.267109)  ( 2.97964, 0.26002) 
44   ( 2.98137, 0.27675)  ( 2.97924, 0.267109) 
44   ( 2.99446, 0.287249)  ( 2.98137, 0.27675) 
45   ( 2.99172, 0.379927)  ( 3.00417, 0.366631) 
45   ( 3.01106, 0.389956)  ( 2.99172, 0.379927) 
45   ( 2.99446, 0.287249)  ( 3.00082, 0.286114) 
45   ( 2.98534, 0.299145)  ( 2.99446, 0.287249) 
45   ( 2.98658, 0.318782)  ( 2.98534, 0.299145) 
45   ( 3.00161, 0.329804)  ( 2.98658, 0.318782) 
45   ( 3.01258, 0.213821)  ( 3.03254, 0.207996) 
45   ( 3.00704, 0.219638)  ( 3.01258, 0.213821) 
45   ( 3.00202, 0.225899)  ( 3.00704, 0.219638) 
44   ( 3.0025, 0.244433)  ( 3.00202, 0.225899) 
44   ( 3.00889, 0.248749)  ( 3.0025, 0.244433) 
45   ( 3.05756, 0.149748)  ( 3.07312, 0.155843) 
45   ( 3.06837, 0.160643)  ( 3.05756, 0.149748) 
44   ( 3.00022, 0.412614)  ( 3.0149, 0.399142) 
45   ( 3.02197, 0.435797)  ( 3.00022, 0.412614) 
45   ( 3.00161, 0.329804)  ( 3.01132, 0.326673) 
44   ( 2.99321, 0.34663)  ( 3.00161, 0.329804) 
44   ( 3.00417, 0.366631)  ( 2.99321, 0.34663) 
45   ( 3.01103, 0.369198)  ( 3.00417, 0.366631) 
45   ( 3.00889, 0.248749)  ( 3.02414, 0.248215) 
45   ( 3.00082, 0.286114)  ( 3.00889, 0.248749) 
45   ( 3.01447, 0.293448)  ( 3.00082, 0.286114) 
42   ( 3.04619, 0.177898)  ( 3.06325, 0.175) 
45   ( 3.03906, 0.184553)  ( 3.04619, 0.177898) 
43   ( 3.03072, 0.1947)  ( 3.03906, 0.184553) 
43   ( 3.03254, 0.207996)  ( 3.03072, 0.1947) 
45   ( 3.03761, 0.212822)  ( 3.03254, 0.207996) 
44   ( 3.0956, 0.115525)  ( 3.11221, 0.120249) 
44   ( 3.08091, 0.135376)  ( 3.0956, 0.115525) 
44   ( 3.08477, 0.14709)  ( 3.08091, 0.135376) 
46   ( 3.13801, 0.0699506)  ( 3.15958, 0.073132) 
47   ( 3.13537, 0.0971511)  ( 3.13801, 0.0699506) 
47   ( 3.19112, 0.0192631)  ( 3.20775, 0.0210846) 
46   ( 3.17732, 0.051348)  ( 3.19112, 0.0192631) 
45   ( 3.04329, 0.512973)  ( 3.04017, 0.509942) 
45   ( 3.04495, 0.517297)  ( 3.04329, 0.512973) 
45   ( 3.05782, 0.511787)  ( 3.04495, 0.517297) 
45   ( 3.04017, 0.509942)  ( 3.04779, 0.496885) 
44   ( 3.02197, 0.435797)  ( 3.03026, 0.42962) 
44   ( 3.0175, 0.441854)  ( 3.02197, 0.435797) 
44   ( 3.02954, 0.468112)  ( 3.0175, 0.441854) 
45   ( 3.03748, 0.474322)  ( 3.02954, 0.468112) 
45   ( 3.01103, 0.369198)  ( 3.02534, 0.362889) 
45   ( 3.01106, 0.389956)  ( 3.01103, 0.369198) 
44   ( 3.0149, 0.399142)  ( 3.01106, 0.389956) 
44   ( 3.02773, 0.404778)  ( 3.0149, 0.399142) 
45   ( 3.01447, 0.293448)  ( 3.02956, 0.290337) 
45   ( 3.01132, 0.326673)  ( 3.01447, 0.293448) 
45   ( 3.02559, 0.333121)  ( 3.01132, 0.326673) 
45   ( 3.03761, 0.212822)  ( 3.05293, 0.214563) 
45   ( 3.02414, 0.248215)  ( 3.03761, 0.212822) 
44   ( 3.0367, 0.257262)  ( 3.02414, 0.248215) 
44   ( 3.08477, 0.14709)  ( 3.09899, 0.147893) 
44   ( 3.07312, 0.155843)  ( 3.08477, 0.14709) 
45   ( 3.06837, 0.160643)  ( 3.07312, 0.155843) 
42   ( 3.06325, 0.175)  ( 3.06837, 0.160643) 
41   ( 3.07028, 0.18467)  ( 3.06325, 0.175) 
47   ( 3.13537, 0.0971511)  ( 3.14887, 0.0963032) 
47   ( 3.12121, 0.0990323)  ( 3.13537, 0.0971511) 
46   ( 3.11221, 0.120249)  ( 3.12121, 0.0990323) 
44   ( 3.1136, 0.131656)  ( 3.11221, 0.120249) 
46   ( 3.17732, 0.051348)  ( 3.19527, 0.0525511) 
46   ( 3.16899, 0.0513992)  ( 3.17732, 0.051348) 
46   ( 3.15958, 0.073132)  ( 3.16899, 0.0513992) 
46   ( 3.15826, 0.0873625)  ( 3.15958, 0.073132) 
47   ( 3.2191, 0.0112855)  ( 3.24236, 0.00832778) 
46   ( 3.20775, 0.0210846)  ( 3.2191, 0.0112855) 
47   ( 3.20425, 0.0441017)  ( 3.20775, 0.0210846) 
45   ( 3.05946, 0.536649)  ( 3.06776, 0.524739) 
45   ( 3.05558, 0.537214)  ( 3.05946, 0.536649) 
45   ( 3.05556, 0.550476)  ( 3.05558, 0.537214) 
45   ( 3.06491, 0.554023)  ( 3.05556, 0.550476) 
45   ( 3.03748, 0.474322)  ( 3.04879, 0.458839) 
45   ( 3.03992, 0.486896)  ( 3.03748, 0.474322) 
45   ( 3.04779, 0.496885)  ( 3.03992, 0.486896) 
45   ( 3.05655, 0.499981)  ( 3.04779, 0.496885) 
45   ( 3.02773, 0.404778)  ( 3.04151, 0.395832) 
44   ( 3.03026, 0.42962)  ( 3.02773, 0.404778) 
44   ( 3.04594, 0.438178)  ( 3.03026, 0.42962) 
45   ( 3.02559, 0.333121)  ( 3.04031, 0.327969) 
45   ( 3.02534, 0.362889)  ( 3.02559, 0.333121) 
45   ( 3.04005, 0.368975)  ( 3.02534, 0.362889) 
44   ( 3.0367, 0.257262)  ( 3.05211, 0.256207) 
44   ( 3.02956, 0.290337)  ( 3.0367, 0.257262) 
45   ( 3.04314, 0.298139)  ( 3.02956, 0.290337) 
43   ( 3.07028, 0.18467)  ( 3.0859, 0.187781) 
44   ( 3.05293, 0.214563)  ( 3.07028, 0.18467) 
45   ( 3.06375, 0.225613)  ( 3.05293, 0.214563) 
43   ( 3.1136, 0.131656)  ( 3.1351, 0.130223) 
44   ( 3.09899, 0.147893)  ( 3.1136, 0.131656) 
44   ( 3.1035, 0.164833)  ( 3.09899, 0.147893) 
47   ( 3.15826, 0.0873625)  ( 3.18225, 0.0846804) 
47   ( 3.14887, 0.0963032)  ( 3.15826, 0.0873625) 
46   ( 3.14549, 0.119788)  ( 3.14887, 0.0963032) 
45   ( 3.20425, 0.0441017)  ( 3.22868, 0.04103) 
47   ( 3.19527, 0.0525511)  ( 3.20425, 0.0441017) 
46   ( 3.1913, 0.0761734)  ( 3.19527, 0.0525511) 
45   ( 3.06491, 0.554023)  ( 3.07832, 0.546961) 
45   ( 3.07038, 0.570629)  ( 3.06491, 0.554023) 
45   ( 3.09267, 0.572477)  ( 3.07038, 0.570629) 
43   ( 3.05655, 0.499981)  ( 3.068, 0.486894) 
45   ( 3.05782, 0.511787)  ( 3.05655, 0.499981) 
45   ( 3.05988, 0.516787)  ( 3.05782, 0.511787) 
45   ( 3.06389, 0.520587)  ( 3.05988, 0.516787) 
45   ( 3.06557, 0.521686)  ( 3.06389, 0.520587) 
45   ( 3.06776, 0.524739)  ( 3.06557, 0.521686) 
45   ( 3.07748, 0.527817)  ( 3.06776, 0.524739) 
45   ( 3.04594, 0.438178)  ( 3.05904, 0.426136) 
45   ( 3.04879, 0.458839)  ( 3.04594, 0.438178) 
45   ( 3.06517, 0.469872)  ( 3.04879, 0.458839) 
45   ( 3.04005, 0.368975)  ( 3.05433, 0.362055) 
45   ( 3.04151, 0.395832)  ( 3.04005, 0.368975) 
45   ( 3.05664, 0.402577)  ( 3.04151, 0.395832) 
45   ( 3.04314, 0.298139)  ( 3.05831, 0.294517) 
45   ( 3.04031, 0.327969)  ( 3.04314, 0.298139) 
45   ( 3.05456, 0.334826)  ( 3.04031, 0.327969) 
45   ( 3.06375, 0.225613)  ( 3.07934, 0.226783) 
45   ( 3.05211, 0.256207)  ( 3.06375, 0.225613) 
44   ( 3.0645, 0.265836)  ( 3.05211, 0.256207) 
44   ( 3.1035, 0.164833)  ( 3.12124, 0.166494) 
43   ( 3.0859, 0.187781)  ( 3.1035, 0.164833) 
44   ( 3.09426, 0.201079)  ( 3.0859, 0.187781) 
45   ( 3.14549, 0.119788)  ( 3.16908, 0.117073) 
44   ( 3.1351, 0.130223)  ( 3.14549, 0.119788) 
44   ( 3.13475, 0.151485)  ( 3.1351, 0.130223) 
46   ( 3.1913, 0.0761734)  ( 3.21512, 0.0736675) 
46   ( 3.18225, 0.0846804)  ( 3.1913, 0.0761734) 
46   ( 3.17827, 0.108331)  ( 3.18225, 0.0846804) 
45   ( 3.22868, 0.04103)  ( 3.23893, 0.0313914) 
45   ( 3.22411, 0.0652181)  ( 3.22868, 0.04103) 
44   ( 3.09267, 0.572477)  ( 3.0981, 0.566894) 
45   ( 3.09067, 0.593247)  ( 3.09267, 0.572477) 
45   ( 3.10358, 0.599366)  ( 3.09067, 0.593247) 
45   ( 3.07748, 0.527817)  ( 3.08782, 0.514435) 
45   ( 3.07832, 0.546961)  ( 3.07748, 0.527817) 
45   ( 3.09917, 0.555024)  ( 3.07832, 0.546961) 
45   ( 3.10548, 0.528885)  ( 3.10816, 0.541725) 
45   ( 3.06517, 0.469872)  ( 3.07745, 0.454508) 
43   ( 3.068, 0.486894)  ( 3.06517, 0.469872) 
43   ( 3.08508, 0.500004)  ( 3.068, 0.486894) 
45   ( 3.09381, 0.465451)  ( 3.09655, 0.481887) 
44   ( 3.05664, 0.402577)  ( 3.07041, 0.39346) 
45   ( 3.05904, 0.426136)  ( 3.05664, 0.402577) 
45   ( 3.07472, 0.434715)  ( 3.05904, 0.426136) 
45   ( 3.08555, 0.400386)  ( 3.08782, 0.422646) 
44   ( 3.05456, 0.334826)  ( 3.0693, 0.329234) 
45   ( 3.05433, 0.362055)  ( 3.05456, 0.334826) 
45   ( 3.06904, 0.368455)  ( 3.05433, 0.362055) 
45   ( 3.08353, 0.336565)  ( 3.08332, 0.361201) 
43   ( 3.0645, 0.265836)  ( 3.0801, 0.264128) 
44   ( 3.05831, 0.294517)  ( 3.0645, 0.265836) 
43   ( 3.0718, 0.30288)  ( 3.05831, 0.294517) 
45   ( 3.09228, 0.274498)  ( 3.08707, 0.298639) 
44   ( 3.09426, 0.201079)  ( 3.11018, 0.20374) 
45   ( 3.07934, 0.226783)  ( 3.09426, 0.201079) 
45   ( 3.08987, 0.238481)  ( 3.07934, 0.226783) 
45   ( 3.11822, 0.217547)  ( 3.10581, 0.238915) 
45   ( 3.13475, 0.151485)  ( 3.15604, 0.150268) 
45   ( 3.12124, 0.166494)  ( 3.13475, 0.151485) 
45   ( 3.12571, 0.183493)  ( 3.12124, 0.166494) 
43   ( 3.15589, 0.17132)  ( 3.1435, 0.185078) 
45   ( 3.17827, 0.108331)  ( 3.20216, 0.105741) 
45   ( 3.16908, 0.117073)  ( 3.17827, 0.108331) 
45   ( 3.16591, 0.140356)  ( 3.16908, 0.117073) 
42   ( 3.19827, 0.1293)  ( 3.1893, 0.137842) 
47   ( 3.24396, 0.0863344)  ( 3.23497, 0.0947838) 
46   ( 3.22411, 0.0652181)  ( 3.2475, 0.0627352) 
47   ( 3.21512, 0.0736675)  ( 3.22411, 0.0652181) 
46   ( 3.21117, 0.097271)  ( 3.21512, 0.0736675) 
45   ( 3.10358, 0.599366)  ( 3.11486, 0.578889) 
44   ( 3.1088, 0.607984)  ( 3.10358, 0.599366) 
44   ( 3.12674, 0.609479)  ( 3.1088, 0.607984) 
45   ( 3.14298, 0.593325)  ( 3.12674, 0.609479) 
44   ( 3.11777, 0.57822)  ( 3.14298, 0.593325) 
43   ( 3.12764, 0.56016)  ( 3.11777, 0.57822) 
44   ( 3.12191, 0.550208)  ( 3.12764, 0.56016) 
45   ( 3.10816, 0.541725)  ( 3.12191, 0.550208) 
45   ( 3.09917, 0.555024)  ( 3.10816, 0.541725) 
44   ( 3.0981, 0.566894)  ( 3.09917, 0.555024) 
44   ( 3.11486, 0.578889)  ( 3.0981, 0.566894) 
44   ( 3.11777, 0.57822)  ( 3.11486, 0.578889) 
45   ( 3.08508, 0.500004)  ( 3.09655, 0.481887) 
45   ( 3.08782, 0.514435)  ( 3.08508, 0.500004) 
45   ( 3.10548, 0.528885)  ( 3.08782, 0.514435) 
45   ( 3.11626, 0.508869)  ( 3.10548, 0.528885) 
44   ( 3.1136, 0.494848)  ( 3.11626, 0.508869) 
44   ( 3.09655, 0.481887)  ( 3.1136, 0.494848) 
45   ( 3.07472, 0.434715)  ( 3.08782, 0.422646) 
45   ( 3.07745, 0.454508)  ( 3.07472, 0.434715) 
45   ( 3.09381, 0.465451)  ( 3.07745, 0.454508) 
45   ( 3.10611, 0.450174)  ( 3.09381, 0.465451) 
44   ( 3.1035, 0.431257)  ( 3.10611, 0.450174) 
44   ( 3.08782, 0.422646)  ( 3.1035, 0.431257) 
45   ( 3.06904, 0.368455)  ( 3.08332, 0.361201) 
44   ( 3.07041, 0.39346)  ( 3.06904, 0.368455) 
44   ( 3.08555, 0.400386)  ( 3.07041, 0.39346) 
45   ( 3.09931, 0.391077)  ( 3.08555, 0.400386) 
45   ( 3.09804, 0.367956)  ( 3.09931, 0.391077) 
45   ( 3.08332, 0.361201)  ( 3.09804, 0.367956) 
43   ( 3.0718, 0.30288)  ( 3.08707, 0.298639) 
42   ( 3.0693, 0.329234)  ( 3.0718, 0.30288) 
44   ( 3.08353, 0.336565)  ( 3.0693, 0.329234) 
44   ( 3.0983, 0.330462)  ( 3.08353, 0.336565) 
43   ( 3.10046, 0.30769)  ( 3.0983, 0.330462) 
44   ( 3.08707, 0.298639)  ( 3.10046, 0.30769) 
45   ( 3.08987, 0.238481)  ( 3.10581, 0.238915) 
44   ( 3.0801, 0.264128)  ( 3.08987, 0.238481) 
44   ( 3.09228, 0.274498)  ( 3.0801, 0.264128) 
45   ( 3.10814, 0.271948)  ( 3.09228, 0.274498) 
45   ( 3.11593, 0.251466)  ( 3.10814, 0.271948) 
45   ( 3.10581, 0.238915)  ( 3.11593, 0.251466) 
44   ( 3.12571, 0.183493)  ( 3.1435, 0.185078) 
44   ( 3.11018, 0.20374)  ( 3.12571, 0.183493) 
44   ( 3.11822, 0.217547)  ( 3.11018, 0.20374) 
45   ( 3.13452, 0.219637)  ( 3.11822, 0.217547) 
45   ( 3.14791, 0.202176)  ( 3.13452, 0.219637) 
44   ( 3.1435, 0.185078)  ( 3.14791, 0.202176) 
44   ( 3.16591, 0.140356)  ( 3.1893, 0.137842) 
45   ( 3.15604, 0.150268)  ( 3.16591, 0.140356) 
44   ( 3.15589, 0.17132)  ( 3.15604, 0.150268) 
44   ( 3.17699, 0.170306)  ( 3.15589, 0.17132) 
45   ( 3.18633, 0.160924)  ( 3.17699, 0.170306) 
44   ( 3.1893, 0.137842)  ( 3.18633, 0.160924) 
46   ( 3.21117, 0.097271)  ( 3.23497, 0.0947838) 
45   ( 3.20216, 0.105741)  ( 3.21117, 0.097271) 
43   ( 3.19827, 0.1293)  ( 3.20216, 0.105741) 
41   ( 3.22207, 0.1268)  ( 3.19827, 0.1293) 
43   ( 3.23104, 0.118369)  ( 3.22207, 0.1268) 
46   ( 3.23497, 0.0947838)  ( 3.23104, 0.118369) 
46   ( 3.2475, 0.0627352)  ( 3.25965, 0.0502065) 
46   ( 3.24396, 0.0863344)  ( 3.2475, 0.0627352) 
47   ( 3.26327, 0.0880754)  ( 3.24396, 0.0863344) 
47   ( 3.28862, 0.0741733)  ( 3.26327, 0.0880754) 
47   ( 3.29007, 0.0510685)  ( 3.28862, 0.0741733) 
47   ( 3.54292, -0.443768)  ( 3.53752, -0.435014) 
46   ( 3.5239, -0.461049)  ( 3.54292, -0.443768) 
45   ( 3.52151, -0.506169)  ( 3.5153, -0.48429) 
47   ( 3.50787, -0.512149)  ( 3.52151, -0.506169) 
47   ( 3.34631, -0.907776)  ( 3.35358, -0.898568) 
47   ( 3.34292, -0.917514)  ( 3.34631, -0.907776) 
47   ( 3.33209, -0.906381)  ( 3.34292, -0.917514) 
46   ( 3.35358, -0.898568)  ( 3.33824, -0.89546) 
46   ( 3.3049, -0.983093)  ( 3.31566, -0.946602) 
46   ( 3.30151, -0.981899)  ( 3.3049, -0.983093) 
45   ( 3.28054, -1.0191)  ( 3.27974, -0.996499) 
44   ( 3.26391, -1.02296)  ( 3.28054, -1.0191) 
47   ( 3.57327, -0.372721)  ( 3.56866, -0.359155) 
47   ( 3.55862, -0.387876)  ( 3.57327, -0.372721) 
47   ( 3.54521, -0.386883)  ( 3.55862, -0.387876) 
46   ( 3.54334, -0.415493)  ( 3.5419, -0.410215) 
47   ( 3.53752, -0.435014)  ( 3.54334, -0.415493) 
47   ( 3.52163, -0.443019)  ( 3.53752, -0.435014) 
46   ( 3.5239, -0.461049)  ( 3.51905, -0.449498) 
46   ( 3.52849, -0.472894)  ( 3.5239, -0.461049) 
45   ( 3.5153, -0.48429)  ( 3.52849, -0.472894) 
44   ( 3.5067, -0.489145)  ( 3.5153, -0.48429) 
47   ( 3.50787, -0.512149)  ( 3.50114, -0.501567) 
46   ( 3.50806, -0.53866)  ( 3.50787, -0.512149) 
45   ( 3.48988, -0.54262)  ( 3.50806, -0.53866) 
46   ( 3.4894, -0.583063)  ( 3.48394, -0.577564) 
45   ( 3.48881, -0.61816)  ( 3.4894, -0.583063) 
46   ( 3.46804, -0.628077)  ( 3.48881, -0.61816) 
46   ( 3.4653, -0.685362)  ( 3.45747, -0.674356) 
46   ( 3.46262, -0.703142)  ( 3.4653, -0.685362) 
47   ( 3.42742, -0.722359)  ( 3.46262, -0.703142) 
47   ( 3.40912, -0.804169)  ( 3.39125, -0.790079) 
47   ( 3.39709, -0.809162)  ( 3.40912, -0.804169) 
47   ( 3.38614, -0.800597)  ( 3.39709, -0.809162) 
46   ( 3.37085, -0.87033)  ( 3.35996, -0.850231) 
46   ( 3.33996, -0.886208)  ( 3.37085, -0.87033) 
45   ( 3.32784, -0.94582)  ( 3.3263, -0.912426) 
46   ( 3.31566, -0.946602)  ( 3.32784, -0.94582) 
47   ( 3.30176, -0.947484)  ( 3.31566, -0.946602) 
47   ( 3.30151, -0.981899)  ( 3.29333, -0.960425) 
47   ( 3.27974, -0.996499)  ( 3.30151, -0.981899) 
46   ( 3.26841, -1.00071)  ( 3.27974, -0.996499) 
45   ( 3.26391, -1.02296)  ( 3.26215, -1.01069) 
45   ( 3.25444, -1.05336)  ( 3.26391, -1.02296) 
45   ( 3.23901, -1.05295)  ( 3.25444, -1.05336) 
43   ( 3.22888, -1.08756)  ( 3.224, -1.07094) 
44   ( 3.2033, -1.08964)  ( 3.22888, -1.08756) 
45   ( 3.58051, -0.34909)  ( 3.5711, -0.324187) 
46   ( 3.56866, -0.359155)  ( 3.58051, -0.34909) 
46   ( 3.5494, -0.360294)  ( 3.56866, -0.359155) 
46   ( 3.54521, -0.386883)  ( 3.54306, -0.37846) 
46   ( 3.5419, -0.410215)  ( 3.54521, -0.386883) 
46   ( 3.51799, -0.414757)  ( 3.5419, -0.410215) 
47   ( 3.52163, -0.443019)  ( 3.51518, -0.422122) 
47   ( 3.51905, -0.449498)  ( 3.52163, -0.443019) 
47   ( 3.49895, -0.459527)  ( 3.51905, -0.449498) 
46   ( 3.5067, -0.489145)  ( 3.49573, -0.467129) 
46   ( 3.50114, -0.501567)  ( 3.5067, -0.489145) 
47   ( 3.48673, -0.511051)  ( 3.50114, -0.501567) 
46   ( 3.48988, -0.54262)  ( 3.47859, -0.529005) 
46   ( 3.48905, -0.557781)  ( 3.48988, -0.54262) 
47   ( 3.48394, -0.577564)  ( 3.48905, -0.557781) 
47   ( 3.46947, -0.586992)  ( 3.48394, -0.577564) 
47   ( 3.46804, -0.628077)  ( 3.45806, -0.612622) 
47   ( 3.47332, -0.650592)  ( 3.46804, -0.628077) 
47   ( 3.45747, -0.674356)  ( 3.47332, -0.650592) 
47   ( 3.43659, -0.683757)  ( 3.45747, -0.674356) 
46   ( 3.42742, -0.722359)  ( 3.4275, -0.708049) 
47   ( 3.43145, -0.728162)  ( 3.42742, -0.722359) 
47   ( 3.42781, -0.760142)  ( 3.43145, -0.728162) 
47   ( 3.42149, -0.765423)  ( 3.42781, -0.760142) 
47   ( 3.39434, -0.766464)  ( 3.42149, -0.765423) 
46   ( 3.37991, -0.833977)  ( 3.3756, -0.808982) 
47   ( 3.35996, -0.850231)  ( 3.37991, -0.833977) 
47   ( 3.34476, -0.855042)  ( 3.35996, -0.850231) 
47   ( 3.33996, -0.886208)  ( 3.33755, -0.870087) 
46   ( 3.33824, -0.89546)  ( 3.33996, -0.886208) 
46   ( 3.33209, -0.906381)  ( 3.33824, -0.89546) 
46   ( 3.3263, -0.912426)  ( 3.33209, -0.906381) 
46   ( 3.30685, -0.912322)  ( 3.3263, -0.912426) 
46   ( 3.30176, -0.947484)  ( 3.29722, -0.92734) 
47   ( 3.29333, -0.960425)  ( 3.30176, -0.947484) 
47   ( 3.27229, -0.965678)  ( 3.29333, -0.960425) 
46   ( 3.26841, -1.00071)  ( 3.26475, -0.977192) 
45   ( 3.26215, -1.01069)  ( 3.26841, -1.00071) 
45   ( 3.24005, -1.01901)  ( 3.26215, -1.01069) 
45   ( 3.23901, -1.05295)  ( 3.23295, -1.03082) 
43   ( 3.224, -1.07094)  ( 3.23901, -1.05295) 
41   ( 3.21149, -1.072)  ( 3.224, -1.07094) 
45   ( 3.20169, -1.11997)  ( 3.19373, -1.09795) 
45   ( 3.16716, -1.13306)  ( 3.20169, -1.11997) 
47   ( 3.66189, -0.210168)  ( 3.66568, -0.181982) 
47   ( 3.66018, -0.210805)  ( 3.66189, -0.210168) 
46   ( 3.64283, -0.19281)  ( 3.66018, -0.210805) 
47   ( 3.63461, -0.222938)  ( 3.62927, -0.198206) 
47   ( 3.62567, -0.229134)  ( 3.63461, -0.222938) 
47   ( 3.62567, -0.229134)  ( 3.61184, -0.220417) 
47   ( 3.62492, -0.238482)  ( 3.62567, -0.229134) 
47   ( 3.60632, -0.245379)  ( 3.62492, -0.238482) 
47   ( 3.60632, -0.245379)  ( 3.60208, -0.244495) 
46   ( 3.6124, -0.269958)  ( 3.60632, -0.245379) 
46   ( 3.59801, -0.277154)  ( 3.6124, -0.269958) 
47   ( 3.59668, -0.303859)  ( 3.59187, -0.291147) 
47   ( 3.59363, -0.314892)  ( 3.59668, -0.303859) 
46   ( 3.5711, -0.324187)  ( 3.59363, -0.314892) 
46   ( 3.55575, -0.325288)  ( 3.5711, -0.324187) 
45   ( 3.5494, -0.360294)  ( 3.5477, -0.346799) 
45   ( 3.54306, -0.37846)  ( 3.5494, -0.360294) 
45   ( 3.5179, -0.384567)  ( 3.54306, -0.37846) 
47   ( 3.51799, -0.414757)  ( 3.51389, -0.395158) 
47   ( 3.51518, -0.422122)  ( 3.51799, -0.414757) 
47   ( 3.49274, -0.431505)  ( 3.51518, -0.422122) 
47   ( 3.49895, -0.459527)  ( 3.49017, -0.437705) 
47   ( 3.49573, -0.467129)  ( 3.49895, -0.459527) 
47   ( 3.47807, -0.477706)  ( 3.49573, -0.467129) 
47   ( 3.48673, -0.511051)  ( 3.47347, -0.488515) 
47   ( 3.47859, -0.529005)  ( 3.48673, -0.511051) 
47   ( 3.46624, -0.540029)  ( 3.47859, -0.529005) 
46   ( 3.46947, -0.586992)  ( 3.4563, -0.562319) 
47   ( 3.45806, -0.612622)  ( 3.46947, -0.586992) 
47   ( 3.44259, -0.630136)  ( 3.45806, -0.612622) 
47   ( 3.43659, -0.683757)  ( 3.43291, -0.653691) 
46   ( 3.4275, -0.708049)  ( 3.43659, -0.683757) 
46   ( 3.40377, -0.723982)  ( 3.4275, -0.708049) 
47   ( 3.39434, -0.766464)  ( 3.39308, -0.755234) 
47   ( 3.39125, -0.790079)  ( 3.39434, -0.766464) 
47   ( 3.38614, -0.800597)  ( 3.39125, -0.790079) 
46   ( 3.3756, -0.808982)  ( 3.38614, -0.800597) 
46   ( 3.35487, -0.812105)  ( 3.3756, -0.808982) 
47   ( 3.34476, -0.855042)  ( 3.34618, -0.833366) 
47   ( 3.33755, -0.870087)  ( 3.34476, -0.855042) 
46   ( 3.31217, -0.87745)  ( 3.33755, -0.870087) 
47   ( 3.30685, -0.912322)  ( 3.30308, -0.892777) 
46   ( 3.29722, -0.92734)  ( 3.30685, -0.912322) 
46   ( 3.27738, -0.929947)  ( 3.29722, -0.92734) 
47   ( 3.27229, -0.965678)  ( 3.26715, -0.944768) 
47   ( 3.26475, -0.977192)  ( 3.27229, -0.965678) 
47   ( 3.24291, -0.984555)  ( 3.26475, -0.977192) 
46   ( 3.24005, -1.01901)  ( 3.23655, -0.994848) 
45   ( 3.23295, -1.03082)  ( 3.24005, -1.01901) 
45   ( 3.21174, -1.03825)  ( 3.23295, -1.03082) 
43   ( 3.21149, -1.072)  ( 3.20283, -1.05318) 
42   ( 3.2033, -1.08964)  ( 3.21149, -1.072) 
44   ( 3.19373, -1.09795)  ( 3.2033, -1.08964) 
44   ( 3.1768, -1.10334)  ( 3.19373, -1.09795) 
45   ( 3.16716, -1.13306)  ( 3.16583, -1.11806) 
45   ( 3.17129, -1.14894)  ( 3.16716, -1.13306) 
45   ( 3.13394, -1.16729)  ( 3.17129, -1.14894) 
47   ( 3.72449, -0.174606)  ( 3.73172, -0.162101) 
47   ( 3.71192, -0.174889)  ( 3.72449, -0.174606) 
47   ( 3.70046, -0.167532)  ( 3.71192, -0.174889) 
47   ( 3.68571, -0.176664)  ( 3.69257, -0.167701) 
47   ( 3.67383, -0.180043)  ( 3.68571, -0.176664) 
47   ( 3.66983, -0.182119)  ( 3.67383, -0.180043) 
47   ( 3.66568, -0.181982)  ( 3.66983, -0.182119) 
46   ( 3.6574, -0.176368)  ( 3.66568, -0.181982) 
46   ( 3.64283, -0.19281)  ( 3.64897, -0.177675) 
46   ( 3.62927, -0.198206)  ( 3.64283, -0.19281) 
47   ( 3.61985, -0.194399)  ( 3.62927, -0.198206) 
47   ( 3.61184, -0.220417)  ( 3.61583, -0.195446) 
46   ( 3.60105, -0.22087)  ( 3.61184, -0.220417) 
46   ( 3.60105, -0.22087)  ( 3.60025, -0.220606) 
46   ( 3.60208, -0.244495)  ( 3.60105, -0.22087) 
47   ( 3.59143, -0.248736)  ( 3.60208, -0.244495) 
47   ( 3.59801, -0.277154)  ( 3.58722, -0.253983) 
47   ( 3.59187, -0.291147)  ( 3.59801, -0.277154) 
47   ( 3.56411, -0.290534)  ( 3.59187, -0.291147) 
46   ( 3.55575, -0.325288)  ( 3.55485, -0.31218) 
46   ( 3.5477, -0.346799)  ( 3.55575, -0.325288) 
46   ( 3.52205, -0.351568)  ( 3.5477, -0.346799) 
46   ( 3.5179, -0.384567)  ( 3.51622, -0.366985) 
46   ( 3.51389, -0.395158)  ( 3.5179, -0.384567) 
47   ( 3.48937, -0.403399)  ( 3.51389, -0.395158) 
46   ( 3.49274, -0.431505)  ( 3.48637, -0.41045) 
47   ( 3.49017, -0.437705)  ( 3.49274, -0.431505) 
47   ( 3.46991, -0.447711)  ( 3.49017, -0.437705) 
47   ( 3.47807, -0.477706)  ( 3.46699, -0.454792) 
47   ( 3.47347, -0.488515)  ( 3.47807, -0.477706) 
47   ( 3.45829, -0.500582)  ( 3.47347, -0.488515) 
45   ( 3.46624, -0.540029)  ( 3.452, -0.515622) 
46   ( 3.4563, -0.562319)  ( 3.46624, -0.540029) 
46   ( 3.44425, -0.576514)  ( 3.4563, -0.562319) 
47   ( 3.44259, -0.630136)  ( 3.43346, -0.601333) 
47   ( 3.43291, -0.653691)  ( 3.44259, -0.630136) 
47   ( 3.41288, -0.674011)  ( 3.43291, -0.653691) 
47   ( 3.40377, -0.723982)  ( 3.40342, -0.700045) 
47   ( 3.39308, -0.755234)  ( 3.40377, -0.723982) 
47   ( 3.36715, -0.764195)  ( 3.39308, -0.755234) 
47   ( 3.35487, -0.812105)  ( 3.35652, -0.794316) 
47   ( 3.34618, -0.833366)  ( 3.35487, -0.812105) 
46   ( 3.3186, -0.841992)  ( 3.34618, -0.833366) 
46   ( 3.31217, -0.87745)  ( 3.31099, -0.856653) 
46   ( 3.30308, -0.892777)  ( 3.31217, -0.87745) 
47   ( 3.28238, -0.894978)  ( 3.30308, -0.892777) 
47   ( 3.27738, -0.929947)  ( 3.27083, -0.911538) 
47   ( 3.26715, -0.944768)  ( 3.27738, -0.929947) 
47   ( 3.24755, -0.948563)  ( 3.26715, -0.944768) 
46   ( 3.24291, -0.984555)  ( 3.2391, -0.961231) 
47   ( 3.23655, -0.994848)  ( 3.24291, -0.984555) 
45   ( 3.2145, -1.00253)  ( 3.23655, -0.994848) 
45   ( 3.21174, -1.03825)  ( 3.20665, -1.01619) 
45   ( 3.20283, -1.05318)  ( 3.21174, -1.03825) 
44   ( 3.1827, -1.06003)  ( 3.20283, -1.05318) 
44   ( 3.1768, -1.10334)  ( 3.17232, -1.07654) 
44   ( 3.16583, -1.11806)  ( 3.1768, -1.10334) 
45   ( 3.14496, -1.13138)  ( 3.16583, -1.11806) 
45   ( 3.13394, -1.16729)  ( 3.13083, -1.14822) 
44   ( 3.1318, -1.17811)  ( 3.13394, -1.16729) 
44   ( 3.11989, -1.19073)  ( 3.1318, -1.17811) 
45   ( 3.09132, -1.19908)  ( 3.11989, -1.19073) 
44   ( 3.04511, -1.28664)  ( 3.0334, -1.26382) 
45   ( 3.02551, -1.29268)  ( 3.04511, -1.28664) 
45   ( 3.01772, -1.28306)  ( 3.02551, -1.29268) 
47   ( 3.74998, -0.166093)  ( 3.75936, -0.155942) 
47   ( 3.73172, -0.162101)  ( 3.74998, -0.166093) 
47   ( 3.72434, -0.153316)  ( 3.73172, -0.162101) 
45   ( 3.70046, -0.167532)  ( 3.716, -0.152568) 
47   ( 3.69257, -0.167701)  ( 3.70046, -0.167532) 
47   ( 3.67853, -0.156227)  ( 3.69257, -0.167701) 
46   ( 3.6574, -0.176368)  ( 3.66766, -0.157448) 
46   ( 3.64897, -0.177675)  ( 3.6574, -0.176368) 
47   ( 3.63472, -0.168934)  ( 3.64897, -0.177675) 
46   ( 3.61985, -0.194399)  ( 3.6268, -0.170717) 
47   ( 3.61583, -0.195446)  ( 3.61985, -0.194399) 
47   ( 3.60261, -0.193251)  ( 3.61583, -0.195446) 
47   ( 3.60025, -0.220606)  ( 3.59913, -0.194554) 
47   ( 3.58929, -0.223454)  ( 3.60025, -0.220606) 
47   ( 3.59143, -0.248736)  ( 3.58613, -0.226126) 
47   ( 3.58722, -0.253983)  ( 3.59143, -0.248736) 
46   ( 3.5711, -0.259889)  ( 3.58722, -0.253983) 
47   ( 3.56411, -0.290534)  ( 3.56287, -0.274941) 
46   ( 3.55485, -0.31218)  ( 3.56411, -0.290534) 
46   ( 3.53042, -0.315587)  ( 3.55485, -0.31218) 
46   ( 3.52205, -0.351568)  ( 3.5223, -0.336716) 
47   ( 3.51622, -0.366985)  ( 3.52205, -0.351568) 
47   ( 3.48999, -0.373586)  ( 3.51622, -0.366985) 
47   ( 3.48937, -0.403399)  ( 3.48574, -0.383262) 
46   ( 3.48637, -0.41045)  ( 3.48937, -0.403399) 
46   ( 3.46394, -0.418937)  ( 3.48637, -0.41045) 
47   ( 3.46991, -0.447711)  ( 3.46091, -0.425816) 
47   ( 3.46699, -0.454792)  ( 3.46991, -0.447711) 
46   ( 3.44883, -0.46664)  ( 3.46699, -0.454792) 
47   ( 3.45829, -0.500582)  ( 3.44522, -0.476074) 
45   ( 3.452, -0.515622)  ( 3.45829, -0.500582) 
45   ( 3.43888, -0.530195)  ( 3.452, -0.515622) 
47   ( 3.44425, -0.576514)  ( 3.43082, -0.549568) 
47   ( 3.43346, -0.601333)  ( 3.44425, -0.576514) 
47   ( 3.41898, -0.620437)  ( 3.43346, -0.601333) 
47   ( 3.41288, -0.674011)  ( 3.40938, -0.644198) 
47   ( 3.40342, -0.700045)  ( 3.41288, -0.674011) 
47   ( 3.37986, -0.714121)  ( 3.40342, -0.700045) 
47   ( 3.36715, -0.764195)  ( 3.36855, -0.748543) 
47   ( 3.35652, -0.794316)  ( 3.36715, -0.764195) 
47   ( 3.32814, -0.802471)  ( 3.35652, -0.794316) 
46   ( 3.3186, -0.841992)  ( 3.32038, -0.820305) 
46   ( 3.31099, -0.856653)  ( 3.3186, -0.841992) 
46   ( 3.2874, -0.860629)  ( 3.31099, -0.856653) 
47   ( 3.28238, -0.894978)  ( 3.27613, -0.877773) 
47   ( 3.27083, -0.911538)  ( 3.28238, -0.894978) 
47   ( 3.25316, -0.911996)  ( 3.27083, -0.911538) 
47   ( 3.24755, -0.948563)  ( 3.24146, -0.928264) 
46   ( 3.2391, -0.961231)  ( 3.24755, -0.948563) 
45   ( 3.2175, -0.968455)  ( 3.2391, -0.961231) 
45   ( 3.2145, -1.00253)  ( 3.21085, -0.979401) 
44   ( 3.20665, -1.01619)  ( 3.2145, -1.00253) 
44   ( 3.18592, -1.0216)  ( 3.20665, -1.01619) 
44   ( 3.1827, -1.06003)  ( 3.17624, -1.03875) 
44   ( 3.17232, -1.07654)  ( 3.1827, -1.06003) 
45   ( 3.15256, -1.08516)  ( 3.17232, -1.07654) 
45   ( 3.14496, -1.13138)  ( 3.14138, -1.10113) 
45   ( 3.13083, -1.14822)  ( 3.14496, -1.13138) 
45   ( 3.11083, -1.16269)  ( 3.13083, -1.14822) 
45   ( 3.09132, -1.19908)  ( 3.09206, -1.18282) 
45   ( 3.09272, -1.21334)  ( 3.09132, -1.19908) 
45   ( 3.09033, -1.23155)  ( 3.09272, -1.21334) 
45   ( 3.08728, -1.23567)  ( 3.09033, -1.23155) 
45   ( 3.05817, -1.24477)  ( 3.08728, -1.23567) 
45   ( 3.04977, -1.24178)  ( 3.05817, -1.24477) 
44   ( 2.99506, -1.31755)  ( 3.00806, -1.2827) 
45   ( 2.97369, -1.30661)  ( 2.99506, -1.31755) 
45   ( 2.89019, -1.37238)  ( 2.88935, -1.35239) 
44   ( 2.87512, -1.3601)  ( 2.89019, -1.37238) 
45   ( 2.82323, -1.40538)  ( 2.83007, -1.38166) 
45   ( 2.79844, -1.39653)  ( 2.82323, -1.40538) 
45   ( 2.75427, -1.43294)  ( 2.77109, -1.40872) 
45   ( 2.73933, -1.42163)  ( 2.75427, -1.43294) 
45   ( 2.68475, -1.45439)  ( 2.70857, -1.43358) 
43   ( 2.6759, -1.4477)  ( 2.68475, -1.45439) 
47   ( 3.77378, -0.159048)  ( 3.78544, -0.150988) 
47   ( 3.75936, -0.155942)  ( 3.77378, -0.159048) 
47   ( 3.75123, -0.139555)  ( 3.75936, -0.155942) 
43   ( 3.72434, -0.153316)  ( 3.74, -0.13754) 
45   ( 3.716, -0.152568)  ( 3.72434, -0.153316) 
45   ( 3.70128, -0.138538)  ( 3.716, -0.152568) 
47   ( 3.67853, -0.156227)  ( 3.69101, -0.138939) 
47   ( 3.66766, -0.157448)  ( 3.67853, -0.156227) 
47   ( 3.65388, -0.146081)  ( 3.66766, -0.157448) 
47   ( 3.63472, -0.168934)  ( 3.64233, -0.148355) 
46   ( 3.6268, -0.170717)  ( 3.63472, -0.168934) 
46   ( 3.61245, -0.165012)  ( 3.6268, -0.170717) 
47   ( 3.60261, -0.193251)  ( 3.60578, -0.167017) 
47   ( 3.59913, -0.194554)  ( 3.60261, -0.193251) 
47   ( 3.58814, -0.195746)  ( 3.59913, -0.194554) 
47   ( 3.58929, -0.223454)  ( 3.58355, -0.198334) 
47   ( 3.58613, -0.226126)  ( 3.58929, -0.223454) 
47   ( 3.57431, -0.231875)  ( 3.58613, -0.226126) 
45   ( 3.5711, -0.259889)  ( 3.56802, -0.23992) 
46   ( 3.56287, -0.274941)  ( 3.5711, -0.259889) 
47   ( 3.54177, -0.278853)  ( 3.56287, -0.274941) 
47   ( 3.53042, -0.315587)  ( 3.53142, -0.303928) 
46   ( 3.5223, -0.336716)  ( 3.53042, -0.315587) 
46   ( 3.49489, -0.341953)  ( 3.5223, -0.336716) 
47   ( 3.48999, -0.373586)  ( 3.48953, -0.354312) 
47   ( 3.48574, -0.383262)  ( 3.48999, -0.373586) 
47   ( 3.46166, -0.389363)  ( 3.48574, -0.383262) 
45   ( 3.46394, -0.418937)  ( 3.4569, -0.39892) 
47   ( 3.46091, -0.425816)  ( 3.46394, -0.418937) 
47   ( 3.44055, -0.435706)  ( 3.46091, -0.425816) 
46   ( 3.44883, -0.46664)  ( 3.43775, -0.442899) 
46   ( 3.44522, -0.476074)  ( 3.44883, -0.46664) 
47   ( 3.42928, -0.490263)  ( 3.44522, -0.476074) 
47   ( 3.43888, -0.530195)  ( 3.42439, -0.503782) 
47   ( 3.43082, -0.549568)  ( 3.43888, -0.530195) 
47   ( 3.41913, -0.566824)  ( 3.43082, -0.549568) 
46   ( 3.41898, -0.620437)  ( 3.40933, -0.59024) 
47   ( 3.40938, -0.644198)  ( 3.41898, -0.620437) 
47   ( 3.39045, -0.664397)  ( 3.40938, -0.644198) 
47   ( 3.37986, -0.714121)  ( 3.38036, -0.693343) 
47   ( 3.36855, -0.748543)  ( 3.37986, -0.714121) 
47   ( 3.34173, -0.755652)  ( 3.36855, -0.748543) 
47   ( 3.32814, -0.802471)  ( 3.33141, -0.784261) 
47   ( 3.32038, -0.820305)  ( 3.32814, -0.802471) 
46   ( 3.29363, -0.82603)  ( 3.32038, -0.820305) 
46   ( 3.2874, -0.860629)  ( 3.28336, -0.843531) 
46   ( 3.27613, -0.877773)  ( 3.2874, -0.860629) 
46   ( 3.2577, -0.877265)  ( 3.27613, -0.877773) 
47   ( 3.25316, -0.911996)  ( 3.24519, -0.894064) 
47   ( 3.24146, -0.928264)  ( 3.25316, -0.911996) 
47   ( 3.22279, -0.931646)  ( 3.24146, -0.928264) 
46   ( 3.2175, -0.968455)  ( 3.21394, -0.945002) 
46   ( 3.21085, -0.979401)  ( 3.2175, -0.968455) 
47   ( 3.18866, -0.986753)  ( 3.21085, -0.979401) 
43   ( 3.18592, -1.0216)  ( 3.18023, -1.0017) 
44   ( 3.17624, -1.03875)  ( 3.18592, -1.0216) 
45   ( 3.15689, -1.04275)  ( 3.17624, -1.03875) 
45   ( 3.15256, -1.08516)  ( 3.14588, -1.06145) 
45   ( 3.14138, -1.10113)  ( 3.15256, -1.08516) 
45   ( 3.12152, -1.11337)  ( 3.14138, -1.10113) 
45   ( 3.11083, -1.16269)  ( 3.10871, -1.12957) 
45   ( 3.09206, -1.18282)  ( 3.11083, -1.16269) 
45   ( 3.07063, -1.19884)  ( 3.09206, -1.18282) 
45   ( 3.04977, -1.24178)  ( 3.05029, -1.21949) 
44   ( 3.0334, -1.26382)  ( 3.04977, -1.24178) 
44   ( 3.01772, -1.28306)  ( 3.0334, -1.26382) 
44   ( 3.00806, -1.2827)  ( 3.01772, -1.28306) 
44   ( 2.99659, -1.27415)  ( 3.00806, -1.2827) 
45   ( 2.95424, -1.33764)  ( 2.95372, -1.31296) 
45   ( 2.93093, -1.35407)  ( 2.95424, -1.33764) 
44   ( 2.9018, -1.33634)  ( 2.93093, -1.35407) 
45   ( 2.85487, -1.38432)  ( 2.86478, -1.36055) 
45   ( 2.83007, -1.38166)  ( 2.85487, -1.38432) 
45   ( 2.82231, -1.37559)  ( 2.83007, -1.38166) 
45   ( 2.79844, -1.39653)  ( 2.80012, -1.38568) 
45   ( 2.78595, -1.41268)  ( 2.79844, -1.39653) 
45   ( 2.77109, -1.40872)  ( 2.78595, -1.41268) 
45   ( 2.76249, -1.40203)  ( 2.77109, -1.40872) 
45   ( 2.73933, -1.42163)  ( 2.74029, -1.41001) 
45   ( 2.71781, -1.43831)  ( 2.73933, -1.42163) 
45   ( 2.70857, -1.43358)  ( 2.71781, -1.43831) 
45   ( 2.69839, -1.43061)  ( 2.70857, -1.43358) 
43   ( 2.6759, -1.4477)  ( 2.68085, -1.43737) 
43   ( 2.64992, -1.46279)  ( 2.6759, -1.4477) 
45   ( 2.63667, -1.44756)  ( 2.64992, -1.46279) 
45   ( 2.58057, -1.47527)  ( 2.58641, -1.45918) 
45   ( 2.57291, -1.46176)  ( 2.58057, -1.47527) 
46   ( 3.79942, -0.15502)  ( 3.81341, -0.148132) 
46   ( 3.78544, -0.150988)  ( 3.79942, -0.15502) 
46   ( 3.77963, -0.12833)  ( 3.78544, -0.150988) 
47   ( 3.75123, -0.139555)  ( 3.76741, -0.125163) 
43   ( 3.74, -0.13754)  ( 3.75123, -0.139555) 
43   ( 3.72686, -0.122293)  ( 3.74, -0.13754) 
47   ( 3.70128, -0.138538)  ( 3.71775, -0.122016) 
47   ( 3.69101, -0.138939)  ( 3.70128, -0.138538) 
47   ( 3.67677, -0.126152)  ( 3.69101, -0.138939) 
46   ( 3.65388, -0.146081)  ( 3.6623, -0.128075) 
47   ( 3.64233, -0.148355)  ( 3.65388, -0.146081) 
47   ( 3.62851, -0.138801)  ( 3.64233, -0.148355) 
47   ( 3.61245, -0.165012)  ( 3.61827, -0.141535) 
47   ( 3.60578, -0.167017)  ( 3.61245, -0.165012) 
47   ( 3.59227, -0.165232)  ( 3.60578, -0.167017) 
46   ( 3.58814, -0.195746)  ( 3.5856, -0.167978) 
47   ( 3.58355, -0.198334)  ( 3.58814, -0.195746) 
47   ( 3.57497, -0.202573)  ( 3.58355, -0.198334) 
47   ( 3.57431, -0.231875)  ( 3.56831, -0.208288) 
46   ( 3.56802, -0.23992)  ( 3.57431, -0.231875) 
46   ( 3.55239, -0.246098)  ( 3.56802, -0.23992) 
47   ( 3.54177, -0.278853)  ( 3.54185, -0.266634) 
47   ( 3.53142, -0.303928)  ( 3.54177, -0.278853) 
47   ( 3.50506, -0.306741)  ( 3.53142, -0.303928) 
47   ( 3.49489, -0.341953)  ( 3.49757, -0.324867) 
47   ( 3.48953, -0.354312)  ( 3.49489, -0.341953) 
47   ( 3.46374, -0.358321)  ( 3.48953, -0.354312) 
47   ( 3.46166, -0.389363)  ( 3.45642, -0.371946) 
45   ( 3.4569, -0.39892)  ( 3.46166, -0.389363) 
45   ( 3.43559, -0.404856)  ( 3.4569, -0.39892) 
46   ( 3.44055, -0.435706)  ( 3.43127, -0.41403) 
47   ( 3.43775, -0.442899)  ( 3.44055, -0.435706) 
47   ( 3.41931, -0.454549)  ( 3.43775, -0.442899) 
47   ( 3.42928, -0.490263)  ( 3.41548, -0.466488) 
47   ( 3.42439, -0.503782)  ( 3.42928, -0.490263) 
47   ( 3.41093, -0.520711)  ( 3.42439, -0.503782) 
47   ( 3.41913, -0.566824)  ( 3.40451, -0.538124) 
46   ( 3.40933, -0.59024)  ( 3.41913, -0.566824) 
45   ( 3.39645, -0.61137)  ( 3.40933, -0.59024) 
47   ( 3.39045, -0.664397)  ( 3.38702, -0.635371) 
47   ( 3.38036, -0.693343)  ( 3.39045, -0.664397) 
47   ( 3.35642, -0.706104)  ( 3.38036, -0.693343) 
47   ( 3.34173, -0.755652)  ( 3.34498, -0.740745) 
47   ( 3.33141, -0.784261)  ( 3.34173, -0.755652) 
46   ( 3.3022, -0.790521)  ( 3.33141, -0.784261) 
46   ( 3.29363, -0.82603)  ( 3.29389, -0.807248) 
46   ( 3.28336, -0.843531)  ( 3.29363, -0.82603) 
47   ( 3.26216, -0.843454)  ( 3.28336, -0.843531) 
45   ( 3.2577, -0.877265)  ( 3.2499, -0.860151) 
46   ( 3.24519, -0.894064)  ( 3.2577, -0.877265) 
47   ( 3.22854, -0.894239)  ( 3.24519, -0.894064) 
47   ( 3.22279, -0.931646)  ( 3.21665, -0.911052) 
47   ( 3.21394, -0.945002)  ( 3.22279, -0.931646) 
47   ( 3.19229, -0.952616)  ( 3.21394, -0.945002) 
47   ( 3.18866, -0.986753)  ( 3.18525, -0.964255) 
45   ( 3.18023, -1.0017)  ( 3.18866, -0.986753) 
44   ( 3.15933, -1.00619)  ( 3.18023, -1.0017) 
45   ( 3.15689, -1.04275)  ( 3.14955, -1.02377) 
45   ( 3.14588, -1.06145)  ( 3.15689, -1.04275) 
43   ( 3.1276, -1.0664)  ( 3.14588, -1.06145) 
45   ( 3.12152, -1.11337)  ( 3.11526, -1.08549) 
45   ( 3.10871, -1.12957)  ( 3.12152, -1.11337) 
45   ( 3.08902, -1.14528)  ( 3.10871, -1.12957) 
45   ( 3.07063, -1.19884)  ( 3.07283, -1.16368) 
45   ( 3.05029, -1.21949)  ( 3.07063, -1.19884) 
45   ( 3.02497, -1.23441)  ( 3.05029, -1.21949) 
45   ( 2.99659, -1.27415)  ( 3.00171, -1.25852) 
45   ( 2.97369, -1.30661)  ( 2.99659, -1.27415) 
45   ( 2.95372, -1.31296)  ( 2.97369, -1.30661) 
45   ( 2.94193, -1.29727)  ( 2.95372, -1.31296) 
44   ( 2.9018, -1.33634)  ( 2.90814, -1.32763) 
44   ( 2.88935, -1.35239)  ( 2.9018, -1.33634) 
44   ( 2.87512, -1.3601)  ( 2.88935, -1.35239) 
44   ( 2.86478, -1.36055)  ( 2.87512, -1.3601) 
45   ( 2.84875, -1.34789)  ( 2.86478, -1.36055) 
45   ( 2.82231, -1.37559)  ( 2.82682, -1.35984) 
45   ( 2.80012, -1.38568)  ( 2.82231, -1.37559) 
45   ( 2.78566, -1.37472)  ( 2.80012, -1.38568) 
45   ( 2.76249, -1.40203)  ( 2.76444, -1.38248) 
45   ( 2.74029, -1.41001)  ( 2.76249, -1.40203) 
45   ( 2.72582, -1.40197)  ( 2.74029, -1.41001) 
45   ( 2.69839, -1.43061)  ( 2.70626, -1.40971) 
45   ( 2.68085, -1.43737)  ( 2.69839, -1.43061) 
45   ( 2.65842, -1.43148)  ( 2.68085, -1.43737) 
45   ( 2.63667, -1.44756)  ( 2.64382, -1.43718) 
44   ( 2.61438, -1.4653)  ( 2.63667, -1.44756) 
44   ( 2.59682, -1.45219)  ( 2.61438, -1.4653) 
45   ( 2.54621, -1.47966)  ( 2.56208, -1.45783) 
44   ( 2.5259, -1.46623)  ( 2.54621, -1.47966) 
45   ( 2.47836, -1.48555)  ( 2.47964, -1.47017) 
45   ( 2.46604, -1.47103)  ( 2.47836, -1.48555) 
47   ( 4.09704, -0.279653)  ( 4.07785, -0.243165) 
47   ( 4.08889, -0.297181)  ( 4.09704, -0.279653) 
47   ( 4.06085, -0.304957)  ( 4.08889, -0.297181) 
47   ( 4.04101, -0.286626)  ( 4.06085, -0.304957) 
47   ( 4.05215, -0.239385)  ( 4.04101, -0.286626) 
46   ( 3.82586, -0.15418)  ( 3.84892, -0.147549) 
46   ( 3.81341, -0.148132)  ( 3.82586, -0.15418) 
46   ( 3.8122, -0.120899)  ( 3.81341, -0.148132) 
46   ( 3.77963, -0.12833)  ( 3.79647, -0.116063) 
46   ( 3.76741, -0.125163)  ( 3.77963, -0.12833) 
47   ( 3.75533, -0.107277)  ( 3.76741, -0.125163) 
47   ( 3.72686, -0.122293)  ( 3.74506, -0.106417) 
47   ( 3.71775, -0.122016)  ( 3.72686, -0.122293) 
47   ( 3.70184, -0.108568)  ( 3.71775, -0.122016) 
47   ( 3.67677, -0.126152)  ( 3.68747, -0.109485) 
46   ( 3.6623, -0.128075)  ( 3.67677, -0.126152) 
46   ( 3.64922, -0.116174)  ( 3.6623, -0.128075) 
47   ( 3.62851, -0.138801)  ( 3.63512, -0.119158) 
47   ( 3.61827, -0.141535)  ( 3.62851, -0.138801) 
47   ( 3.60384, -0.134944)  ( 3.61827, -0.141535) 
47   ( 3.59227, -0.165232)  ( 3.59439, -0.138292) 
46   ( 3.5856, -0.167978)  ( 3.59227, -0.165232) 
46   ( 3.57545, -0.170421)  ( 3.5856, -0.167978) 
47   ( 3.57497, -0.202573)  ( 3.55913, -0.184306) 
47   ( 3.56831, -0.208288)  ( 3.57497, -0.202573) 
47   ( 3.55834, -0.215938)  ( 3.56831, -0.208288) 
47   ( 3.55239, -0.246098)  ( 3.54955, -0.227759) 
47   ( 3.54185, -0.266634)  ( 3.55239, -0.246098) 
47   ( 3.51952, -0.269332)  ( 3.54185, -0.266634) 
45   ( 3.50506, -0.306741)  ( 3.509, -0.294062) 
47   ( 3.49757, -0.324867)  ( 3.50506, -0.306741) 
46   ( 3.46995, -0.32658)  ( 3.49757, -0.324867) 
47   ( 3.46374, -0.358321)  ( 3.46091, -0.343367) 
47   ( 3.45642, -0.371946)  ( 3.46374, -0.358321) 
47   ( 3.43469, -0.373372)  ( 3.45642, -0.371946) 
47   ( 3.43559, -0.404856)  ( 3.42737, -0.385857) 
46   ( 3.43127, -0.41403)  ( 3.43559, -0.404856) 
46   ( 3.41109, -0.423324)  ( 3.43127, -0.41403) 
47   ( 3.41931, -0.454549)  ( 3.40788, -0.432211) 
47   ( 3.41548, -0.466488)  ( 3.41931, -0.454549) 
47   ( 3.39985, -0.477723)  ( 3.41548, -0.466488) 
47   ( 3.41093, -0.520711)  ( 3.39437, -0.496698) 
47   ( 3.40451, -0.538124)  ( 3.41093, -0.520711) 
47   ( 3.39366, -0.558081)  ( 3.40451, -0.538124) 
46   ( 3.39645, -0.61137)  ( 3.38538, -0.579695) 
46   ( 3.38702, -0.635371)  ( 3.39645, -0.61137) 
47   ( 3.36988, -0.654154)  ( 3.38702, -0.635371) 
47   ( 3.35642, -0.706104)  ( 3.35859, -0.689259) 
47   ( 3.34498, -0.740745)  ( 3.35642, -0.706104) 
47   ( 3.32139, -0.738154)  ( 3.34498, -0.740745) 
46   ( 3.3022, -0.790521)  ( 3.30714, -0.771385) 
46   ( 3.29389, -0.807248)  ( 3.3022, -0.790521) 
47   ( 3.26877, -0.808814)  ( 3.29389, -0.807248) 
46   ( 3.26216, -0.843454)  ( 3.25565, -0.82754) 
46   ( 3.2499, -0.860151)  ( 3.26216, -0.843454) 
46   ( 3.23274, -0.858894)  ( 3.2499, -0.860151) 
47   ( 3.22854, -0.894239)  ( 3.22008, -0.875971) 
47   ( 3.21665, -0.911052)  ( 3.22854, -0.894239) 
47   ( 3.19751, -0.915873)  ( 3.21665, -0.911052) 
47   ( 3.19229, -0.952616)  ( 3.18961, -0.928417) 
47   ( 3.18525, -0.964255)  ( 3.19229, -0.952616) 
47   ( 3.16252, -0.972433)  ( 3.18525, -0.964255) 
46   ( 3.15933, -1.00619)  ( 3.15451, -0.986019) 
45   ( 3.14955, -1.02377)  ( 3.15933, -1.00619) 
45   ( 3.12982, -1.02662)  ( 3.14955, -1.02377) 
43   ( 3.1276, -1.0664)  ( 3.11896, -1.04561) 
43   ( 3.11526, -1.08549)  ( 3.1276, -1.0664) 
45   ( 3.09818, -1.09332)  ( 3.11526, -1.08549) 
44   ( 3.08902, -1.14528)  ( 3.0836, -1.11368) 
45   ( 3.07283, -1.16368)  ( 3.08902, -1.14528) 
44   ( 3.0523, -1.18176)  ( 3.07283, -1.16368) 
45   ( 3.02497, -1.23441)  ( 3.03296, -1.20274) 
45   ( 3.00171, -1.25852)  ( 3.02497, -1.23441) 
45   ( 2.97578, -1.26195)  ( 3.00171, -1.25852) 
45   ( 2.90814, -1.32763)  ( 2.93489, -1.30375) 
45   ( 2.87805, -1.32027)  ( 2.90814, -1.32763) 
45   ( 2.84875, -1.34789)  ( 2.85855, -1.33322) 
45   ( 2.82682, -1.35984)  ( 2.84875, -1.34789) 
45   ( 2.80951, -1.34763)  ( 2.82682, -1.35984) 
44   ( 2.78566, -1.37472)  ( 2.78776, -1.3559) 
45   ( 2.76444, -1.38248)  ( 2.78566, -1.37472) 
45   ( 2.75122, -1.37328)  ( 2.76444, -1.38248) 
45   ( 2.72582, -1.40197)  ( 2.72994, -1.38161) 
45   ( 2.70626, -1.40971)  ( 2.72582, -1.40197) 
44   ( 2.6858, -1.40376)  ( 2.70626, -1.40971) 
45   ( 2.65842, -1.43148)  ( 2.67173, -1.40982) 
45   ( 2.64382, -1.43718)  ( 2.65842, -1.43148) 
44   ( 2.61919, -1.4311)  ( 2.64382, -1.43718) 
45   ( 2.59682, -1.45219)  ( 2.60476, -1.43622) 
45   ( 2.58641, -1.45918)  ( 2.59682, -1.45219) 
45   ( 2.57291, -1.46176)  ( 2.58641, -1.45918) 
45   ( 2.56208, -1.45783)  ( 2.57291, -1.46176) 
45   ( 2.54959, -1.45315)  ( 2.56208, -1.45783) 
42   ( 2.5259, -1.46623)  ( 2.53448, -1.457) 
44   ( 2.51185, -1.47975)  ( 2.5259, -1.46623) 
45   ( 2.48546, -1.46598)  ( 2.51185, -1.47975) 
43   ( 2.44482, -1.486)  ( 2.45192, -1.46881) 
42   ( 2.4114, -1.47537)  ( 2.44482, -1.486) 
45   ( 2.34631, -1.48825)  ( 2.37859, -1.47562) 
44   ( 2.3394, -1.47015)  ( 2.34631, -1.48825) 
45   ( 2.28239, -1.48239)  ( 2.30221, -1.46788) 
45   ( 2.26612, -1.46379)  ( 2.28239, -1.48239) 
45   ( 2.22015, -1.47134)  ( 2.22971, -1.45779) 
45   ( 2.19311, -1.45222)  ( 2.22015, -1.47134) 
45   ( 2.13031, -1.44614)  ( 2.15927, -1.44085) 
45   ( 2.12531, -1.43014)  ( 2.13031, -1.44614) 
45   ( 2.07293, -1.42426)  ( 2.08206, -1.40948) 
45   ( 2.07426, -1.40619)  ( 2.07293, -1.42426) 
44   ( 2.01764, -1.39883)  ( 2.02656, -1.3894) 
44   ( 1.9925, -1.38295)  ( 2.01764, -1.39883) 
42   ( 1.9948, -1.3733)  ( 1.9925, -1.38295) 
45   ( 1.93871, -1.35487)  ( 1.95611, -1.34575) 
44   ( 1.9353, -1.33845)  ( 1.93871, -1.35487) 
44   ( 1.88881, -1.32223)  ( 1.9001, -1.30949) 
44   ( 1.89334, -1.3048)  ( 1.88881, -1.32223) 
45   ( 1.83701, -1.28088)  ( 1.85065, -1.27893) 
45   ( 1.82515, -1.27188)  ( 1.83701, -1.28088) 
45   ( 1.82396, -1.25759)  ( 1.82515, -1.27188) 
44   ( 1.77393, -1.23139)  ( 1.7981, -1.23551) 
45   ( 1.77307, -1.21293)  ( 1.77393, -1.23139) 
45   ( 1.73206, -1.19217)  ( 1.74845, -1.18946) 
44   ( 1.7248, -1.16567)  ( 1.73206, -1.19217) 
43   ( 1.6738, -1.13116)  ( 1.7014, -1.14144) 
43   ( 1.6793, -1.11613)  ( 1.6738, -1.13116) 
45   ( 1.63812, -1.08944)  ( 1.65746, -1.09041) 
45   ( 1.63653, -1.06444)  ( 1.63812, -1.08944) 
45   ( 1.58952, -1.02597)  ( 1.61529, -1.03903) 
45   ( 1.59654, -1.01069)  ( 1.58952, -1.02597) 
47   ( 1.56054, -0.983458)  ( 1.57754, -0.982953) 
47   ( 1.55845, -0.955227)  ( 1.56054, -0.983458) 
47   ( 1.52193, -0.919806)  ( 1.54205, -0.926497) 
47   ( 1.52554, -0.897857)  ( 1.52193, -0.919806) 
47   ( 1.48853, -0.856467)  ( 1.50957, -0.868545) 
47   ( 1.49453, -0.839315)  ( 1.48853, -0.856467) 
47   ( 1.45961, -0.793619)  ( 1.48004, -0.809531) 
46   ( 1.4757, -0.787392)  ( 1.45961, -0.793619) 
47   ( 1.44334, -0.750013)  ( 1.45323, -0.749815) 
47   ( 1.43438, -0.731394)  ( 1.44334, -0.750013) 
47   ( 1.45084, -0.728188)  ( 1.43438, -0.731394) 
47   ( 1.41207, -0.669876)  ( 1.42927, -0.672549) 
47   ( 1.42691, -0.666079)  ( 1.41207, -0.669876) 
46   ( 4.0006, -0.246674)  ( 4.04234, -0.233516) 
46   ( 3.97539, -0.232791)  ( 4.0006, -0.246674) 
47   ( 3.95525, -0.208524)  ( 3.97539, -0.232791) 
46   ( 3.95009, -0.17481)  ( 3.95525, -0.208524) 
47   ( 3.88187, -0.161633)  ( 3.89818, -0.153749) 
47   ( 3.85484, -0.153805)  ( 3.88187, -0.161633) 
47   ( 3.84892, -0.147549)  ( 3.85484, -0.153805) 
47   ( 3.85164, -0.117758)  ( 3.84892, -0.147549) 
46   ( 3.8122, -0.120899)  ( 3.82852, -0.111255) 
46   ( 3.79647, -0.116063)  ( 3.8122, -0.120899) 
48   ( 3.78676, -0.0940192)  ( 3.79647, -0.116063) 
48   ( 3.75533, -0.107277)  ( 3.77324, -0.0922281) 
47   ( 3.74506, -0.106417)  ( 3.75533, -0.107277) 
47   ( 3.7298, -0.0917592)  ( 3.74506, -0.106417) 
48   ( 3.70184, -0.108568)  ( 3.71525, -0.0922488) 
47   ( 3.68747, -0.109485)  ( 3.70184, -0.108568) 
48   ( 3.67369, -0.0969876)  ( 3.68747, -0.109485) 
48   ( 3.64922, -0.116174)  ( 3.65751, -0.0990112) 
47   ( 3.63512, -0.119158)  ( 3.64922, -0.116174) 
47   ( 3.62135, -0.108566)  ( 3.63512, -0.119158) 
47   ( 3.60384, -0.134944)  ( 3.60876, -0.112236) 
47   ( 3.59439, -0.138292)  ( 3.60384, -0.134944) 
47   ( 3.58058, -0.135997)  ( 3.59439, -0.138292) 
47   ( 3.57545, -0.170421)  ( 3.57014, -0.140935) 
46   ( 3.56748, -0.17518)  ( 3.57545, -0.170421) 
47   ( 3.55834, -0.215938)  ( 3.54189, -0.204871) 
47   ( 3.54955, -0.227759)  ( 3.55834, -0.215938) 
47   ( 3.53484, -0.232585)  ( 3.54955, -0.227759) 
47   ( 3.51952, -0.269332)  ( 3.52177, -0.260919) 
45   ( 3.509, -0.294062)  ( 3.51952, -0.269332) 
45   ( 3.48049, -0.295661)  ( 3.509, -0.294062) 
45   ( 3.46995, -0.32658)  ( 3.4722, -0.311984) 
46   ( 3.46091, -0.343367)  ( 3.46995, -0.32658) 
47   ( 3.43735, -0.341963)  ( 3.46091, -0.343367) 
47   ( 3.43469, -0.373372)  ( 3.42771, -0.356272) 
47   ( 3.42737, -0.385857)  ( 3.43469, -0.373372) 
46   ( 3.4079, -0.389649)  ( 3.42737, -0.385857) 
46   ( 3.41109, -0.423324)  ( 3.4018, -0.402206) 
47   ( 3.40788, -0.432211)  ( 3.41109, -0.423324) 
47   ( 3.38893, -0.442597)  ( 3.40788, -0.432211) 
47   ( 3.39985, -0.477723)  ( 3.38444, -0.459087) 
47   ( 3.39437, -0.496698)  ( 3.39985, -0.477723) 
47   ( 3.38232, -0.508245)  ( 3.39437, -0.496698) 
47   ( 3.39366, -0.558081)  ( 3.37528, -0.532115) 
47   ( 3.38538, -0.579695)  ( 3.39366, -0.558081) 
47   ( 3.37483, -0.601816)  ( 3.38538, -0.579695) 
46   ( 3.36988, -0.654154)  ( 3.36538, -0.62866) 
47   ( 3.35859, -0.689259)  ( 3.36988, -0.654154) 
47   ( 3.33719, -0.690431)  ( 3.35859, -0.689259) 
45   ( 3.30714, -0.771385)  ( 3.31731, -0.7466) 
47   ( 3.27935, -0.772072)  ( 3.30714, -0.771385) 
46   ( 3.26877, -0.808814)  ( 3.26429, -0.79563) 
46   ( 3.25565, -0.82754)  ( 3.26877, -0.808814) 
45   ( 3.2365, -0.824956)  ( 3.25565, -0.82754) 
45   ( 3.23274, -0.858894)  ( 3.224, -0.840872) 
47   ( 3.22008, -0.875971)  ( 3.23274, -0.858894) 
47   ( 3.20204, -0.879013)  ( 3.22008, -0.875971) 
47   ( 3.19751, -0.915873)  ( 3.19355, -0.892636) 
47   ( 3.18961, -0.928417)  ( 3.19751, -0.915873) 
46   ( 3.1674, -0.937284)  ( 3.18961, -0.928417) 
47   ( 3.16252, -0.972433)  ( 3.16012, -0.949064) 
47   ( 3.15451, -0.986019)  ( 3.16252, -0.972433) 
47   ( 3.13232, -0.992294)  ( 3.15451, -0.986019) 
45   ( 3.12982, -1.02662)  ( 3.12354, -1.00691) 
45   ( 3.11896, -1.04561)  ( 3.12982, -1.02662) 
45   ( 3.10056, -1.04851)  ( 3.11896, -1.04561) 
45   ( 3.09818, -1.09332)  ( 3.08799, -1.06921) 
44   ( 3.0836, -1.11368)  ( 3.09818, -1.09332) 
43   ( 3.0687, -1.12415)  ( 3.0836, -1.11368) 
44   ( 3.0523, -1.18176)  ( 3.04935, -1.14947) 
44   ( 3.03296, -1.20274)  ( 3.0523, -1.18176) 
45   ( 3.01167, -1.21516)  ( 3.03296, -1.20274) 
45   ( 2.97578, -1.26195)  ( 2.98268, -1.24778) 
45   ( 2.94193, -1.29727)  ( 2.97578, -1.26195) 
45   ( 2.93489, -1.30375)  ( 2.94193, -1.29727) 
44   ( 2.92591, -1.2802)  ( 2.93489, -1.30375) 
45   ( 2.87805, -1.32027)  ( 2.89421, -1.30485) 
45   ( 2.85855, -1.33322)  ( 2.87805, -1.32027) 
45   ( 2.83644, -1.32052)  ( 2.85855, -1.33322) 
45   ( 2.80951, -1.34763)  ( 2.81172, -1.33087) 
44   ( 2.78776, -1.3559)  ( 2.80951, -1.34763) 
44   ( 2.77435, -1.34514)  ( 2.78776, -1.3559) 
45   ( 2.75122, -1.37328)  ( 2.75325, -1.35311) 
45   ( 2.72994, -1.38161)  ( 2.75122, -1.37328) 
44   ( 2.71161, -1.3753)  ( 2.72994, -1.38161) 
43   ( 2.6858, -1.40376)  ( 2.69766, -1.3818) 
44   ( 2.67173, -1.40982)  ( 2.6858, -1.40376) 
45   ( 2.64737, -1.40455)  ( 2.67173, -1.40982) 
44   ( 2.61919, -1.4311)  ( 2.63358, -1.41012) 
44   ( 2.60476, -1.43622)  ( 2.61919, -1.4311) 
45   ( 2.58034, -1.42908)  ( 2.60476, -1.43622) 
45   ( 2.54959, -1.45315)  ( 2.56591, -1.43349) 
43   ( 2.53448, -1.457)  ( 2.54959, -1.45315) 
43   ( 2.51068, -1.44768)  ( 2.53448, -1.457) 
45   ( 2.48546, -1.46598)  ( 2.49565, -1.45074) 
45   ( 2.47964, -1.47017)  ( 2.48546, -1.46598) 
45   ( 2.46604, -1.47103)  ( 2.47964, -1.47017) 
45   ( 2.45192, -1.46881)  ( 2.46604, -1.47103) 
45   ( 2.43879, -1.45948)  ( 2.45192, -1.46881) 
44   ( 2.4114, -1.47537)  ( 2.42323, -1.46099) 
44   ( 2.40358, -1.47578)  ( 2.4114, -1.47537) 
45   ( 2.38609, -1.47626)  ( 2.40358, -1.47578) 
45   ( 2.37859, -1.47562)  ( 2.38609, -1.47626) 
45   ( 2.36563, -1.46366)  ( 2.37859, -1.47562) 
44   ( 2.3394, -1.47015)  ( 2.34992, -1.46347) 
44   ( 2.31483, -1.47873)  ( 2.3394, -1.47015) 
45   ( 2.30221, -1.46788)  ( 2.31483, -1.47873) 
45   ( 2.29278, -1.46004)  ( 2.30221, -1.46788) 
45   ( 2.26612, -1.46379)  ( 2.27715, -1.45819) 
45   ( 2.25221, -1.47095)  ( 2.26612, -1.46379) 
45   ( 2.22971, -1.45779)  ( 2.25221, -1.47095) 
45   ( 2.22132, -1.44908)  ( 2.22971, -1.45779) 
45   ( 2.19311, -1.45222)  ( 2.20588, -1.44566) 
44   ( 2.1846, -1.45185)  ( 2.19311, -1.45222) 
44   ( 2.16954, -1.44844)  ( 2.1846, -1.45185) 
45   ( 2.15927, -1.44085)  ( 2.16954, -1.44844) 
45   ( 2.15198, -1.43145)  ( 2.15927, -1.44085) 
45   ( 2.12531, -1.43014)  ( 2.13681, -1.42656) 
45   ( 2.10295, -1.43152)  ( 2.12531, -1.43014) 
45   ( 2.09158, -1.41021)  ( 2.10295, -1.43152) 
43   ( 2.0474, -1.40679)  ( 2.06435, -1.3987) 
43   ( 2.02656, -1.3894)  ( 2.0474, -1.40679) 
44   ( 2.02149, -1.37913)  ( 2.02656, -1.3894) 
43   ( 1.9948, -1.3733)  ( 2.00698, -1.37159) 
43   ( 1.96863, -1.36453)  ( 1.9948, -1.3733) 
45   ( 1.96605, -1.34879)  ( 1.96863, -1.36453) 
44   ( 1.9353, -1.33845)  ( 1.94185, -1.33426) 
44   ( 1.91559, -1.33563)  ( 1.9353, -1.33845) 
45   ( 1.90793, -1.31186)  ( 1.91559, -1.33563) 
43   ( 1.8685, -1.29984)  ( 1.88487, -1.2955) 
44   ( 1.85065, -1.27893)  ( 1.8685, -1.29984) 
45   ( 1.84832, -1.26818)  ( 1.85065, -1.27893) 
45   ( 1.82396, -1.25759)  ( 1.83531, -1.25761) 
45   ( 1.80037, -1.24542)  ( 1.82396, -1.25759) 
44   ( 1.7981, -1.23551)  ( 1.80037, -1.24542) 
42   ( 1.7965, -1.2247)  ( 1.7981, -1.23551) 
44   ( 1.77307, -1.21293)  ( 1.78413, -1.2134) 
45   ( 1.75624, -1.20817)  ( 1.77307, -1.21293) 
45   ( 1.74845, -1.18946)  ( 1.75624, -1.20817) 
45   ( 1.74747, -1.17859)  ( 1.74845, -1.18946) 
44   ( 1.7248, -1.16567)  ( 1.73581, -1.16671) 
44   ( 1.71622, -1.16264)  ( 1.7248, -1.16567) 
45   ( 1.70322, -1.14791)  ( 1.71622, -1.16264) 
44   ( 1.7014, -1.14144)  ( 1.70322, -1.14791) 
44   ( 1.70117, -1.13009)  ( 1.7014, -1.14144) 
44   ( 1.6793, -1.11613)  ( 1.69026, -1.11776) 
44   ( 1.66055, -1.10619)  ( 1.6793, -1.11613) 
45   ( 1.65746, -1.09041)  ( 1.66055, -1.10619) 
45   ( 1.65755, -1.07937)  ( 1.65746, -1.09041) 
45   ( 1.63653, -1.06444)  ( 1.64745, -1.06671) 
45   ( 1.62731, -1.06093)  ( 1.63653, -1.06444) 
45   ( 1.61569, -1.04347)  ( 1.62731, -1.06093) 
45   ( 1.61529, -1.03903)  ( 1.61569, -1.04347) 
45   ( 1.61664, -1.02651)  ( 1.61529, -1.03903) 
45   ( 1.59654, -1.01069)  ( 1.60741, -1.01364) 
44   ( 1.5805, -1.00075)  ( 1.59654, -1.01069) 
45   ( 1.57754, -0.982953)  ( 1.5805, -1.00075) 
46   ( 1.5786, -0.971655)  ( 1.57754, -0.982953) 
47   ( 1.55845, -0.955227)  ( 1.57031, -0.958737) 
47   ( 1.55257, -0.951366)  ( 1.55845, -0.955227) 
47   ( 1.54431, -0.940137)  ( 1.55257, -0.951366) 
47   ( 1.54205, -0.926497)  ( 1.54431, -0.940137) 
47   ( 1.54361, -0.915109)  ( 1.54205, -0.926497) 
47   ( 1.52554, -0.897857)  ( 1.53623, -0.902211) 
47   ( 1.51734, -0.891546)  ( 1.52554, -0.897857) 
47   ( 1.50996, -0.875995)  ( 1.51734, -0.891546) 
47   ( 1.50957, -0.868545)  ( 1.50996, -0.875995) 
47   ( 1.51161, -0.857094)  ( 1.50957, -0.868545) 
46   ( 1.49453, -0.839315)  ( 1.5051, -0.844332) 
47   ( 1.48511, -0.831873)  ( 1.49453, -0.839315) 
45   ( 1.479, -0.813067)  ( 1.48511, -0.831873) 
45   ( 1.48004, -0.809531)  ( 1.479, -0.813067) 
46   ( 1.4834, -0.800697)  ( 1.48004, -0.809531) 
46   ( 1.4566, -0.770414)  ( 1.47429, -0.779778) 
46   ( 1.45323, -0.749815)  ( 1.4566, -0.770414) 
47   ( 1.45641, -0.739695)  ( 1.45323, -0.749815) 
47   ( 1.43146, -0.709006)  ( 1.44937, -0.719364) 
46   ( 1.42849, -0.69112)  ( 1.43146, -0.709006) 
45   ( 1.43359, -0.68227)  ( 1.42849, -0.69112) 
47   ( 1.40885, -0.648278)  ( 1.42692, -0.658403) 
47   ( 1.40675, -0.630634)  ( 1.40885, -0.648278) 
47   ( 1.41186, -0.621329)  ( 1.40675, -0.630634) 
47   ( 1.38789, -0.588254)  ( 1.40638, -0.597236) 
46   ( 1.38647, -0.57061)  ( 1.38789, -0.588254) 
46   ( 1.39256, -0.562691)  ( 1.38647, -0.57061) 
47   ( 1.36776, -0.528982)  ( 1.38707, -0.536097) 
47   ( 1.36693, -0.511147)  ( 1.36776, -0.528982) 
47   ( 1.37411, -0.504502)  ( 1.36693, -0.511147) 
47   ( 1.34874, -0.470165)  ( 1.36741, -0.476078) 
47   ( 1.35599, -0.446653)  ( 1.34874, -0.470165) 
47   ( 1.33018, -0.411735)  ( 1.34642, -0.417714) 
47   ( 1.33557, -0.388761)  ( 1.33018, -0.411735) 
47   ( 1.31054, -0.353872)  ( 1.32577, -0.348662) 
47   ( 1.32372, -0.342803)  ( 1.31054, -0.353872) 
46   ( 1.28914, -0.296334)  ( 1.3031, -0.291373) 
47   ( 1.30089, -0.285679)  ( 1.28914, -0.296334) 
47   ( 4.31191, -0.243648)  ( 4.34734, -0.195624) 
47   ( 4.29935, -0.246782)  ( 4.31191, -0.243648) 
47   ( 4.27318, -0.228775)  ( 4.29935, -0.246782) 
47   ( 4.25894, -0.223435)  ( 4.27318, -0.228775) 
46   ( 4.23989, -0.18905)  ( 4.25894, -0.223435) 
47   ( 4.12641, -0.214031)  ( 4.14056, -0.183298) 
47   ( 4.10587, -0.230443)  ( 4.12641, -0.214031) 
47   ( 4.07785, -0.243165)  ( 4.10587, -0.230443) 
47   ( 4.05215, -0.239385)  ( 4.07785, -0.243165) 
47   ( 4.04234, -0.233516)  ( 4.05215, -0.239385) 
47   ( 4.01664, -0.169725)  ( 4.04234, -0.233516) 
46   ( 3.95009, -0.17481)  ( 3.98323, -0.167118) 
46   ( 3.93112, -0.173171)  ( 3.95009, -0.17481) 
47   ( 3.89818, -0.153749)  ( 3.93112, -0.173171) 
47   ( 3.89708, -0.114721)  ( 3.89818, -0.153749) 
47   ( 3.85164, -0.117758)  ( 3.86735, -0.109297) 
47   ( 3.82852, -0.111255)  ( 3.85164, -0.117758) 
46   ( 3.81949, -0.08231)  ( 3.82852, -0.111255) 
49   ( 3.78676, -0.0940192)  ( 3.80404, -0.0800411) 
49   ( 3.77324, -0.0922281)  ( 3.78676, -0.0940192) 
48   ( 3.75855, -0.075852)  ( 3.77324, -0.0922281) 
48   ( 3.7298, -0.0917592)  ( 3.74488, -0.0759144) 
48   ( 3.71525, -0.0922488)  ( 3.7298, -0.0917592) 
48   ( 3.7014, -0.0789895)  ( 3.71525, -0.0922488) 
49   ( 3.67369, -0.0969876)  ( 3.68332, -0.0806974) 
49   ( 3.65751, -0.0990112)  ( 3.67369, -0.0969876) 
47   ( 3.644, -0.0873227)  ( 3.65751, -0.0990112) 
46   ( 3.62135, -0.108566)  ( 3.62848, -0.09021) 
47   ( 3.60876, -0.112236)  ( 3.62135, -0.108566) 
46   ( 3.5934, -0.104048)  ( 3.60876, -0.112236) 
47   ( 3.58058, -0.135997)  ( 3.58183, -0.108554) 
47   ( 3.57014, -0.140935)  ( 3.58058, -0.135997) 
47   ( 3.56096, -0.143517)  ( 3.57014, -0.140935) 
46   ( 3.56748, -0.17518)  ( 3.54327, -0.160634) 
46   ( 3.55913, -0.184306)  ( 3.56748, -0.17518) 
47   ( 3.54962, -0.192182)  ( 3.55913, -0.184306) 
47   ( 3.53484, -0.232585)  ( 3.53273, -0.216876) 
47   ( 3.52177, -0.260919)  ( 3.53484, -0.232585) 
47   ( 3.49608, -0.262641)  ( 3.52177, -0.260919) 
47   ( 3.48049, -0.295661)  ( 3.48747, -0.279691) 
46   ( 3.4722, -0.311984)  ( 3.48049, -0.295661) 
45   ( 3.44498, -0.30932)  ( 3.4722, -0.311984) 
47   ( 3.43735, -0.341963)  ( 3.43201, -0.326715) 
47   ( 3.42771, -0.356272)  ( 3.43735, -0.341963) 
47   ( 3.40742, -0.356181)  ( 3.42771, -0.356272) 
46   ( 3.4079, -0.389649)  ( 3.39893, -0.370846) 
45   ( 3.4018, -0.402206)  ( 3.4079, -0.389649) 
45   ( 3.3822, -0.411441)  ( 3.4018, -0.402206) 
47   ( 3.38893, -0.442597)  ( 3.37822, -0.422363) 
47   ( 3.38444, -0.459087)  ( 3.38893, -0.442597) 
47   ( 3.36763, -0.467842)  ( 3.38444, -0.459087) 
47   ( 3.38232, -0.508245)  ( 3.36225, -0.489236) 
47   ( 3.37528, -0.532115)  ( 3.38232, -0.508245) 
47   ( 3.36741, -0.542738)  ( 3.37528, -0.532115) 
47   ( 3.37483, -0.601816)  ( 3.35794, -0.578191) 
46   ( 3.36538, -0.62866)  ( 3.37483, -0.601816) 
45   ( 3.3503, -0.642621)  ( 3.36538, -0.62866) 
46   ( 3.32139, -0.738154)  ( 3.3354, -0.695333) 
45   ( 3.31731, -0.7466)  ( 3.32139, -0.738154) 
45   ( 3.29413, -0.733842)  ( 3.31731, -0.7466) 
47   ( 3.27935, -0.772072)  ( 3.27883, -0.761357) 
46   ( 3.26429, -0.79563)  ( 3.27935, -0.772072) 
46   ( 3.24223, -0.790713)  ( 3.26429, -0.79563) 
46   ( 3.2365, -0.824956)  ( 3.22897, -0.806359) 
44   ( 3.224, -0.840872)  ( 3.2365, -0.824956) 
45   ( 3.20581, -0.842382)  ( 3.224, -0.840872) 
47   ( 3.20204, -0.879013)  ( 3.19652, -0.857336) 
47   ( 3.19355, -0.892636)  ( 3.20204, -0.879013) 
47   ( 3.17212, -0.900981)  ( 3.19355, -0.892636) 
46   ( 3.1674, -0.937284)  ( 3.16525, -0.912683) 
46   ( 3.16012, -0.949064)  ( 3.1674, -0.937284) 
46   ( 3.13717, -0.95815)  ( 3.16012, -0.949064) 
47   ( 3.13232, -0.992294)  ( 3.12973, -0.969575) 
46   ( 3.12354, -1.00691)  ( 3.13232, -0.992294) 
45   ( 3.10179, -1.01207)  ( 3.12354, -1.00691) 
45   ( 3.10056, -1.04851)  ( 3.09232, -1.02724) 
45   ( 3.08799, -1.06921)  ( 3.10056, -1.04851) 
45   ( 3.07232, -1.07261)  ( 3.08799, -1.06921) 
44   ( 3.0687, -1.12415)  ( 3.05564, -1.09877) 
44   ( 3.04935, -1.14947)  ( 3.0687, -1.12415) 
45   ( 3.03761, -1.15637)  ( 3.04935, -1.14947) 
45   ( 3.01167, -1.21516)  ( 3.00851, -1.19612) 
45   ( 2.98268, -1.24778)  ( 3.01167, -1.21516) 
45   ( 2.95856, -1.24771)  ( 2.98268, -1.24778) 
45   ( 2.89421, -1.30485)  ( 2.91676, -1.28715) 
45   ( 2.86933, -1.29323)  ( 2.89421, -1.30485) 
45   ( 2.83644, -1.32052)  ( 2.83816, -1.30758) 
45   ( 2.81172, -1.33087)  ( 2.83644, -1.32052) 
45   ( 2.79706, -1.31736)  ( 2.81172, -1.33087) 
45   ( 2.77435, -1.34514)  ( 2.77637, -1.32466) 
45   ( 2.75325, -1.35311)  ( 2.77435, -1.34514) 
45   ( 2.73579, -1.34628)  ( 2.75325, -1.35311) 
44   ( 2.71161, -1.3753)  ( 2.72174, -1.35326) 
43   ( 2.69766, -1.3818)  ( 2.71161, -1.3753) 
43   ( 2.67367, -1.3772)  ( 2.69766, -1.3818) 
45   ( 2.64737, -1.40455)  ( 2.66056, -1.38313) 
45   ( 2.63358, -1.41012)  ( 2.64737, -1.40455) 
45   ( 2.60916, -1.40393)  ( 2.63358, -1.41012) 
45   ( 2.58034, -1.42908)  ( 2.59544, -1.40881) 
45   ( 2.56591, -1.43349)  ( 2.58034, -1.42908) 
45   ( 2.54205, -1.42519)  ( 2.56591, -1.43349) 
45   ( 2.51068, -1.44768)  ( 2.52773, -1.42885) 
45   ( 2.49565, -1.45074)  ( 2.51068, -1.44768) 
44   ( 2.47262, -1.4402)  ( 2.49565, -1.45074) 
45   ( 2.43879, -1.45948)  ( 2.45774, -1.44246) 
45   ( 2.42323, -1.46099)  ( 2.43879, -1.45948) 
45   ( 2.40144, -1.44811)  ( 2.42323, -1.46099) 
45   ( 2.36563, -1.46366)  ( 2.38621, -1.44876) 
45   ( 2.34992, -1.46347)  ( 2.36563, -1.46366) 
45   ( 2.32982, -1.44835)  ( 2.34992, -1.46347) 
45   ( 2.29278, -1.46004)  ( 2.31457, -1.44736) 
45   ( 2.27715, -1.45819)  ( 2.29278, -1.46004) 
45   ( 2.25902, -1.44114)  ( 2.27715, -1.45819) 
45   ( 2.22132, -1.44908)  ( 2.24391, -1.43858) 
45   ( 2.20588, -1.44566)  ( 2.22132, -1.44908) 
45   ( 2.18991, -1.42704)  ( 2.20588, -1.44566) 
43   ( 2.15198, -1.43145)  ( 2.17503, -1.423) 
45   ( 2.13681, -1.42656)  ( 2.15198, -1.43145) 
44   ( 2.1231, -1.40673)  ( 2.13681, -1.42656) 
45   ( 2.09158, -1.41021)  ( 2.10849, -1.40131) 
45   ( 2.08206, -1.40948)  ( 2.09158, -1.41021) 
45   ( 2.07426, -1.40619)  ( 2.08206, -1.40948) 
44   ( 2.06435, -1.3987)  ( 2.07426, -1.40619) 
44   ( 2.05896, -1.38093)  ( 2.06435, -1.3987) 
45   ( 2.02149, -1.37913)  ( 2.04464, -1.37421) 
45   ( 2.00698, -1.37159)  ( 2.02149, -1.37913) 
45   ( 1.99769, -1.35034)  ( 2.00698, -1.37159) 
45   ( 1.96605, -1.34879)  ( 1.98372, -1.34242) 
45   ( 1.95611, -1.34575)  ( 1.96605, -1.34879) 
45   ( 1.94185, -1.33426)  ( 1.95611, -1.34575) 
45   ( 1.93937, -1.31559)  ( 1.94185, -1.33426) 
45   ( 1.90793, -1.31186)  ( 1.92582, -1.30658) 
44   ( 1.9001, -1.30949)  ( 1.90793, -1.31186) 
43   ( 1.89334, -1.3048)  ( 1.9001, -1.30949) 
43   ( 1.88487, -1.2955)  ( 1.89334, -1.3048) 
44   ( 1.88396, -1.27723)  ( 1.88487, -1.2955) 
45   ( 1.84832, -1.26818)  ( 1.87091, -1.26728) 
45   ( 1.83531, -1.25761)  ( 1.84832, -1.26818) 
45   ( 1.83139, -1.23571)  ( 1.83531, -1.25761) 
43   ( 1.7965, -1.2247)  ( 1.81892, -1.22497) 
42   ( 1.78413, -1.2134)  ( 1.7965, -1.2247) 
43   ( 1.7816, -1.19142)  ( 1.78413, -1.2134) 
45   ( 1.74747, -1.17859)  ( 1.76977, -1.18002) 
45   ( 1.73581, -1.16671)  ( 1.74747, -1.17859) 
44   ( 1.7345, -1.14464)  ( 1.73581, -1.16671) 
45   ( 1.70117, -1.13009)  ( 1.72338, -1.13272) 
45   ( 1.69026, -1.11776)  ( 1.70117, -1.13009) 
45   ( 1.69006, -1.09558)  ( 1.69026, -1.11776) 
45   ( 1.65755, -1.07937)  ( 1.67969, -1.08325) 
45   ( 1.64745, -1.06671)  ( 1.65755, -1.07937) 
45   ( 1.64826, -1.04436)  ( 1.64745, -1.06671) 
45   ( 1.61664, -1.02651)  ( 1.63871, -1.03175) 
45   ( 1.60741, -1.01364)  ( 1.61664, -1.02651) 
46   ( 1.60921, -0.991083)  ( 1.60741, -1.01364) 
46   ( 1.5786, -0.971655)  ( 1.60057, -0.978357) 
46   ( 1.57031, -0.958737)  ( 1.5786, -0.971655) 
47   ( 1.57309, -0.935953)  ( 1.57031, -0.958737) 
46   ( 1.54361, -0.915109)  ( 1.5654, -0.923266) 
47   ( 1.53623, -0.902211)  ( 1.54361, -0.915109) 
47   ( 1.53997, -0.879256)  ( 1.53623, -0.902211) 
47   ( 1.51161, -0.857094)  ( 1.53314, -0.866627) 
46   ( 1.5051, -0.844332)  ( 1.51161, -0.857094) 
46   ( 1.50977, -0.821256)  ( 1.5051, -0.844332) 
46   ( 1.4834, -0.800697)  ( 1.50372, -0.808773) 
45   ( 1.4757, -0.787392)  ( 1.4834, -0.800697) 
46   ( 1.47429, -0.779778)  ( 1.4757, -0.787392) 
47   ( 1.48233, -0.762367)  ( 1.47429, -0.779778) 
47   ( 1.45641, -0.739695)  ( 1.47695, -0.750033) 
47   ( 1.45084, -0.728188)  ( 1.45641, -0.739695) 
47   ( 1.44937, -0.719364)  ( 1.45084, -0.728188) 
47   ( 1.45731, -0.702878)  ( 1.44937, -0.719364) 
46   ( 1.43359, -0.68227)  ( 1.45247, -0.690683) 
46   ( 1.42927, -0.672549)  ( 1.43359, -0.68227) 
47   ( 1.42691, -0.666079)  ( 1.42927, -0.672549) 
47   ( 1.42692, -0.658403)  ( 1.42691, -0.666079) 
46   ( 1.43426, -0.64311)  ( 1.42692, -0.658403) 
47   ( 1.41186, -0.621329)  ( 1.42982, -0.631071) 
47   ( 1.40568, -0.607875)  ( 1.41186, -0.621329) 
47   ( 1.40638, -0.597236)  ( 1.40568, -0.607875) 
46   ( 1.41263, -0.58334)  ( 1.40638, -0.597236) 
47   ( 1.39256, -0.562691)  ( 1.40844, -0.571459) 
45   ( 1.38523, -0.5473)  ( 1.39256, -0.562691) 
45   ( 1.38707, -0.536097)  ( 1.38523, -0.5473) 
45   ( 1.39179, -0.5238)  ( 1.38707, -0.536097) 
47   ( 1.37411, -0.504502)  ( 1.38772, -0.512102) 
45   ( 1.3652, -0.48739)  ( 1.37411, -0.504502) 
45   ( 1.36741, -0.476078)  ( 1.3652, -0.48739) 
47   ( 1.37111, -0.464727)  ( 1.36741, -0.476078) 
47   ( 1.35599, -0.446653)  ( 1.36703, -0.453221) 
47   ( 1.35078, -0.441891)  ( 1.35599, -0.446653) 
47   ( 1.34636, -0.431548)  ( 1.35078, -0.441891) 
47   ( 1.34642, -0.417714)  ( 1.34636, -0.431548) 
46   ( 1.34998, -0.40632)  ( 1.34642, -0.417714) 
46   ( 1.33557, -0.388761)  ( 1.34575, -0.39502) 
47   ( 1.33076, -0.384407)  ( 1.33557, -0.388761) 
47   ( 1.32548, -0.373192)  ( 1.33076, -0.384407) 
47   ( 1.33023, -0.354308)  ( 1.32548, -0.373192) 
47   ( 1.30937, -0.327458)  ( 1.32127, -0.332195) 
47   ( 1.30314, -0.315496)  ( 1.30937, -0.327458) 
47   ( 1.30877, -0.297649)  ( 1.30314, -0.315496) 
47   ( 1.28606, -0.270711)  ( 1.29821, -0.274214) 
46   ( 1.2791, -0.258411)  ( 1.28606, -0.270711) 
45   ( 1.2857, -0.241668)  ( 1.2791, -0.258411) 
47   ( 1.26066, -0.214207)  ( 1.27345, -0.216847) 
45   ( 1.2535, -0.20227)  ( 1.26066, -0.214207) 
45   ( 1.26088, -0.186443)  ( 1.2535, -0.20227) 
47   ( 1.23312, -0.158173)  ( 1.24694, -0.160237) 
47   ( 1.22644, -0.147429)  ( 1.23312, -0.158173) 
47   ( 1.23287, -0.132189)  ( 1.22644, -0.147429) 
47   ( 1.20361, -0.103209)  ( 1.21774, -0.105633) 
48   ( 1.19767, -0.0939181)  ( 1.20361, -0.103209) 
49   ( 1.20197, -0.0791611)  ( 1.19767, -0.0939181) 
48   ( 1.17246, -0.0503305)  ( 1.18584, -0.053272) 
49   ( 1.16644, -0.0415735)  ( 1.17246, -0.0503305) 
49   ( 1.16905, -0.0275232)  ( 1.16644, -0.0415735) 
50   ( 1.14225, -0.0031371)  ( 1.15189, -0.00243505) 
48   ( 1.13087, 0.0129522)  ( 1.14225, -0.0031371) 
47   ( 1.14614, 0.0178422)  ( 1.13087, 0.0129522) 
46   ( 4.41584, -0.198951)  ( 4.45023, -0.14357) 
47   ( 4.37144, -0.208317)  ( 4.41584, -0.198951) 
47   ( 4.34734, -0.195624)  ( 4.37144, -0.208317) 
47   ( 4.32769, -0.168128)  ( 4.34734, -0.195624) 
46   ( 4.23989, -0.18905)  ( 4.26872, -0.159275) 
46   ( 4.20981, -0.191047)  ( 4.23989, -0.18905) 
47   ( 4.17993, -0.194878)  ( 4.20981, -0.191047) 
47   ( 4.14056, -0.183298)  ( 4.17993, -0.194878) 
47   ( 4.11804, -0.141044)  ( 4.14056, -0.183298) 
47   ( 4.01664, -0.169725)  ( 4.06015, -0.143573) 
47   ( 3.98323, -0.167118)  ( 4.01664, -0.169725) 
46   ( 3.9459, -0.103126)  ( 3.98323, -0.167118) 
47   ( 3.89708, -0.114721)  ( 3.92342, -0.102706) 
47   ( 3.86735, -0.109297)  ( 3.89708, -0.114721) 
48   ( 3.85348, -0.0707155)  ( 3.86735, -0.109297) 
47   ( 3.81949, -0.08231)  ( 3.83997, -0.0693162) 
47   ( 3.80404, -0.0800411)  ( 3.81949, -0.08231) 
49   ( 3.78891, -0.0606469)  ( 3.80404, -0.0800411) 
48   ( 3.75855, -0.075852)  ( 3.77575, -0.0605018) 
48   ( 3.74488, -0.0759144)  ( 3.75855, -0.075852) 
49   ( 3.73055, -0.0618391)  ( 3.74488, -0.0759144) 
48   ( 3.7014, -0.0789895)  ( 3.71156, -0.0631386) 
48   ( 3.68332, -0.0806974)  ( 3.7014, -0.0789895) 
49   ( 3.67076, -0.0679873)  ( 3.68332, -0.0806974) 
47   ( 3.644, -0.0873227)  ( 3.65254, -0.0705288) 
45   ( 3.62848, -0.09021)  ( 3.644, -0.0873227) 
47   ( 3.61412, -0.0796369)  ( 3.62848, -0.09021) 
47   ( 3.5934, -0.104048)  ( 3.59975, -0.0833536) 
46   ( 3.58183, -0.108554)  ( 3.5934, -0.104048) 
47   ( 3.56363, -0.105116)  ( 3.58183, -0.108554) 
47   ( 3.56096, -0.143517)  ( 3.55322, -0.110087) 
47   ( 3.54745, -0.152789)  ( 3.56096, -0.143517) 
47   ( 3.54962, -0.192182)  ( 3.52597, -0.180757) 
47   ( 3.54189, -0.204871)  ( 3.54962, -0.192182) 
47   ( 3.53273, -0.216876)  ( 3.54189, -0.204871) 
47   ( 3.51449, -0.224674)  ( 3.53273, -0.216876) 
47   ( 3.49608, -0.262641)  ( 3.50229, -0.249041) 
47   ( 3.48747, -0.279691)  ( 3.49608, -0.262641) 
47   ( 3.45877, -0.273951)  ( 3.48747, -0.279691) 
46   ( 3.44498, -0.30932)  ( 3.44148, -0.295606) 
46   ( 3.43201, -0.326715)  ( 3.44498, -0.30932) 
47   ( 3.40907, -0.322709)  ( 3.43201, -0.326715) 
46   ( 3.40742, -0.356181)  ( 3.3992, -0.337947) 
47   ( 3.39893, -0.370846)  ( 3.40742, -0.356181) 
47   ( 3.37955, -0.377465)  ( 3.39893, -0.370846) 
44   ( 3.3822, -0.411441)  ( 3.3749, -0.38871) 
46   ( 3.37822, -0.422363)  ( 3.3822, -0.411441) 
47   ( 3.35807, -0.435449)  ( 3.37822, -0.422363) 
47   ( 3.36763, -0.467842)  ( 3.35392, -0.447186) 
47   ( 3.36225, -0.489236)  ( 3.36763, -0.467842) 
47   ( 3.34772, -0.499147)  ( 3.36225, -0.489236) 
47   ( 3.36741, -0.542738)  ( 3.34088, -0.524805) 
47   ( 3.35794, -0.578191)  ( 3.36741, -0.542738) 
47   ( 3.34692, -0.584151)  ( 3.35794, -0.578191) 
46   ( 3.3503, -0.642621)  ( 3.34291, -0.635056) 
46   ( 3.33719, -0.690431)  ( 3.3503, -0.642621) 
46   ( 3.3354, -0.695333)  ( 3.33719, -0.690431) 
46   ( 3.31634, -0.688692)  ( 3.3354, -0.695333) 
47   ( 3.29413, -0.733842)  ( 3.29594, -0.724965) 
47   ( 3.27883, -0.761357)  ( 3.29413, -0.733842) 
47   ( 3.25263, -0.750867)  ( 3.27883, -0.761357) 
47   ( 3.24223, -0.790713)  ( 3.23642, -0.771342) 
47   ( 3.22897, -0.806359)  ( 3.24223, -0.790713) 
47   ( 3.20901, -0.806224)  ( 3.22897, -0.806359) 
46   ( 3.20581, -0.842382)  ( 3.1993, -0.821995) 
47   ( 3.19652, -0.857336)  ( 3.20581, -0.842382) 
46   ( 3.1758, -0.864869)  ( 3.19652, -0.857336) 
47   ( 3.17212, -0.900981)  ( 3.16931, -0.876561) 
47   ( 3.16525, -0.912683)  ( 3.17212, -0.900981) 
47   ( 3.14263, -0.922192)  ( 3.16525, -0.912683) 
46   ( 3.13717, -0.95815)  ( 3.13555, -0.933645) 
46   ( 3.12973, -0.969575)  ( 3.13717, -0.95815) 
47   ( 3.10662, -0.978022)  ( 3.12973, -0.969575) 
46   ( 3.10179, -1.01207)  ( 3.09901, -0.989083) 
45   ( 3.09232, -1.02724)  ( 3.10179, -1.01207) 
45   ( 3.07011, -1.03404)  ( 3.09232, -1.02724) 
45   ( 3.07232, -1.07261)  ( 3.06088, -1.04713) 
45   ( 3.05564, -1.09877)  ( 3.07232, -1.07261) 
45   ( 3.04317, -1.10047)  ( 3.05564, -1.09877) 
45   ( 3.03761, -1.15637)  ( 3.02098, -1.13791) 
45   ( 3.00851, -1.19612)  ( 3.03761, -1.15637) 
45   ( 2.99334, -1.19267)  ( 3.00851, -1.19612) 
44   ( 2.95856, -1.24771)  ( 2.9621, -1.23979) 
44   ( 2.92591, -1.2802)  ( 2.95856, -1.24771) 
44   ( 2.91676, -1.28715)  ( 2.92591, -1.2802) 
45   ( 2.90853, -1.26476)  ( 2.91676, -1.28715) 
45   ( 2.86933, -1.29323)  ( 2.86998, -1.28212) 
45   ( 2.83816, -1.30758)  ( 2.86933, -1.29323) 
43   ( 2.82219, -1.289)  ( 2.83816, -1.30758) 
45   ( 2.79706, -1.31736)  ( 2.80074, -1.29675) 
45   ( 2.77637, -1.32466)  ( 2.79706, -1.31736) 
44   ( 2.75863, -1.3168)  ( 2.77637, -1.32466) 
45   ( 2.73579, -1.34628)  ( 2.74444, -1.32431) 
45   ( 2.72174, -1.35326)  ( 2.73579, -1.34628) 
45   ( 2.69833, -1.34909)  ( 2.72174, -1.35326) 
44   ( 2.67367, -1.3772)  ( 2.68578, -1.35537) 
44   ( 2.66056, -1.38313)  ( 2.67367, -1.3772) 
44   ( 2.6362, -1.37782)  ( 2.66056, -1.38313) 
45   ( 2.60916, -1.40393)  ( 2.62307, -1.38313) 
45   ( 2.59544, -1.40881)  ( 2.60916, -1.40393) 
44   ( 2.57151, -1.4015)  ( 2.59544, -1.40881) 
45   ( 2.54205, -1.42519)  ( 2.55783, -1.40569) 
45   ( 2.52773, -1.42885)  ( 2.54205, -1.42519) 
45   ( 2.50449, -1.41939)  ( 2.52773, -1.42885) 
43   ( 2.47262, -1.4402)  ( 2.49029, -1.4223) 
44   ( 2.45774, -1.44246)  ( 2.47262, -1.4402) 
45   ( 2.43552, -1.43072)  ( 2.45774, -1.44246) 
44   ( 2.40144, -1.44811)  ( 2.4209, -1.43215) 
45   ( 2.38621, -1.44876)  ( 2.40144, -1.44811) 
45   ( 2.36548, -1.43471)  ( 2.38621, -1.44876) 
45   ( 2.32982, -1.44835)  ( 2.35072, -1.43456) 
45   ( 2.31457, -1.44736)  ( 2.32982, -1.44835) 
45   ( 2.29568, -1.43124)  ( 2.31457, -1.44736) 
45   ( 2.25902, -1.44114)  ( 2.28097, -1.42953) 
45   ( 2.24391, -1.43858)  ( 2.25902, -1.44114) 
45   ( 2.22708, -1.42073)  ( 2.24391, -1.43858) 
45   ( 2.18991, -1.42704)  ( 2.21253, -1.41754) 
43   ( 2.17503, -1.423)  ( 2.18991, -1.42704) 
43   ( 2.16038, -1.40377)  ( 2.17503, -1.423) 
44   ( 2.1231, -1.40673)  ( 2.14606, -1.39919) 
44   ( 2.10849, -1.40131)  ( 2.1231, -1.40673) 
45   ( 2.09607, -1.38106)  ( 2.10849, -1.40131) 
45   ( 2.05896, -1.38093)  ( 2.08199, -1.37516) 
45   ( 2.04464, -1.37421)  ( 2.05896, -1.38093) 
45   ( 2.03443, -1.35326)  ( 2.04464, -1.37421) 
45   ( 1.99769, -1.35034)  ( 2.02062, -1.34612) 
45   ( 1.98372, -1.34242)  ( 1.99769, -1.35034) 
45   ( 1.97558, -1.32103)  ( 1.98372, -1.34242) 
45   ( 1.93937, -1.31559)  ( 1.96212, -1.31275) 
45   ( 1.92582, -1.30658)  ( 1.93937, -1.31559) 
45   ( 1.91955, -1.28493)  ( 1.92582, -1.30658) 
45   ( 1.88396, -1.27723)  ( 1.90653, -1.27566) 
45   ( 1.87091, -1.26728)  ( 1.88396, -1.27723) 
44   ( 1.8663, -1.24547)  ( 1.87091, -1.26728) 
44   ( 1.83139, -1.23571)  ( 1.8538, -1.23535) 
45   ( 1.81892, -1.22497)  ( 1.83139, -1.23571) 
45   ( 1.81578, -1.20306)  ( 1.81892, -1.22497) 
44   ( 1.7816, -1.19142)  ( 1.80388, -1.19222) 
44   ( 1.76977, -1.18002)  ( 1.7816, -1.19142) 
45   ( 1.76793, -1.15803)  ( 1.76977, -1.18002) 
44   ( 1.7345, -1.14464)  ( 1.75668, -1.14661) 
44   ( 1.72338, -1.13272)  ( 1.7345, -1.14464) 
45   ( 1.72269, -1.11062)  ( 1.72338, -1.13272) 
45   ( 1.69006, -1.09558)  ( 1.71215, -1.09876) 
45   ( 1.67969, -1.08325)  ( 1.69006, -1.09558) 
45   ( 1.68006, -1.06103)  ( 1.67969, -1.08325) 
45   ( 1.64826, -1.04436)  ( 1.67029, -1.04883) 
45   ( 1.63871, -1.03175)  ( 1.64826, -1.04436) 
45   ( 1.64008, -1.00935)  ( 1.63871, -1.03175) 
47   ( 1.60921, -0.991083)  ( 1.63115, -0.996939) 
47   ( 1.60057, -0.978357)  ( 1.60921, -0.991083) 
47   ( 1.60293, -0.955719)  ( 1.60057, -0.978357) 
47   ( 1.57309, -0.935953)  ( 1.59491, -0.943256) 
46   ( 1.5654, -0.923266)  ( 1.57309, -0.935953) 
45   ( 1.56873, -0.90038)  ( 1.5654, -0.923266) 
47   ( 1.53997, -0.879256)  ( 1.56161, -0.887987) 
47   ( 1.53314, -0.866627)  ( 1.53997, -0.879256) 
47   ( 1.53744, -0.843596)  ( 1.53314, -0.866627) 
46   ( 1.50977, -0.821256)  ( 1.53113, -0.83128) 
47   ( 1.50372, -0.808773)  ( 1.50977, -0.821256) 
46   ( 1.50895, -0.78569)  ( 1.50372, -0.808773) 
47   ( 1.48233, -0.762367)  ( 1.50336, -0.773512) 
47   ( 1.47695, -0.750033)  ( 1.48233, -0.762367) 
45   ( 1.483, -0.726981)  ( 1.47695, -0.750033) 
47   ( 1.45731, -0.702878)  ( 1.47798, -0.714897) 
47   ( 1.45247, -0.690683)  ( 1.45731, -0.702878) 
47   ( 1.45918, -0.667721)  ( 1.45247, -0.690683) 
46   ( 1.43426, -0.64311)  ( 1.45461, -0.655749) 
46   ( 1.42982, -0.631071)  ( 1.43426, -0.64311) 
47   ( 1.43701, -0.608213)  ( 1.42982, -0.631071) 
46   ( 1.41263, -0.58334)  ( 1.43274, -0.596355) 
46   ( 1.40844, -0.571459)  ( 1.41263, -0.58334) 
47   ( 1.41588, -0.548689)  ( 1.40844, -0.571459) 
45   ( 1.39179, -0.5238)  ( 1.41178, -0.536947) 
45   ( 1.38772, -0.512102)  ( 1.39179, -0.5238) 
47   ( 1.39519, -0.489381)  ( 1.38772, -0.512102) 
47   ( 1.37111, -0.464727)  ( 1.39112, -0.477767) 
47   ( 1.36703, -0.453221)  ( 1.37111, -0.464727) 
45   ( 1.3743, -0.43049)  ( 1.36703, -0.453221) 
45   ( 1.34998, -0.40632)  ( 1.37013, -0.41903) 
45   ( 1.34575, -0.39502)  ( 1.34998, -0.40632) 
45   ( 1.35259, -0.37222)  ( 1.34575, -0.39502) 
47   ( 1.33023, -0.354308)  ( 1.34821, -0.360936) 
47   ( 1.32577, -0.348662)  ( 1.33023, -0.354308) 
47   ( 1.32372, -0.342803)  ( 1.32577, -0.348662) 
47   ( 1.32127, -0.332195)  ( 1.32372, -0.342803) 
47   ( 1.32951, -0.314761)  ( 1.32127, -0.332195) 
45   ( 1.30877, -0.297649)  ( 1.3248, -0.30364) 
46   ( 1.3031, -0.291373)  ( 1.30877, -0.297649) 
46   ( 1.30089, -0.285679)  ( 1.3031, -0.291373) 
47   ( 1.29821, -0.274214)  ( 1.30089, -0.285679) 
47   ( 1.30468, -0.258098)  ( 1.29821, -0.274214) 
46   ( 1.2857, -0.241668)  ( 1.29963, -0.247143) 
46   ( 1.27667, -0.234444)  ( 1.2857, -0.241668) 
47   ( 1.27345, -0.216847)  ( 1.27667, -0.234444) 
47   ( 1.27807, -0.202297)  ( 1.27345, -0.216847) 
47   ( 1.26088, -0.186443)  ( 1.27267, -0.191527) 
47   ( 1.24968, -0.178234)  ( 1.26088, -0.186443) 
47   ( 1.24694, -0.160237)  ( 1.24968, -0.178234) 
47   ( 1.24963, -0.147475)  ( 1.24694, -0.160237) 
47   ( 1.23287, -0.132189)  ( 1.24387, -0.136916) 
46   ( 1.2208, -0.123145)  ( 1.23287, -0.132189) 
46   ( 1.21774, -0.105633)  ( 1.2208, -0.123145) 
48   ( 1.21928, -0.0937684)  ( 1.21774, -0.105633) 
49   ( 1.20197, -0.0791611)  ( 1.21314, -0.0834585) 
49   ( 1.19004, -0.0695417)  ( 1.20197, -0.0791611) 
48   ( 1.18584, -0.053272)  ( 1.19004, -0.0695417) 
48   ( 1.18692, -0.0413624)  ( 1.18584, -0.053272) 
49   ( 1.16905, -0.0275232)  ( 1.18039, -0.0313472) 
49   ( 1.15742, -0.0177944)  ( 1.16905, -0.0275232) 
50   ( 1.15189, -0.00243505)  ( 1.15742, -0.0177944) 
50   ( 1.15279, 0.00889315)  ( 1.15189, -0.00243505) 
47   ( 1.12297, 0.0317197)  ( 1.14286, 0.0256378) 
47   ( 1.12096, 0.0543358)  ( 1.12297, 0.0317197) 
46   ( 1.0868, 0.0787221)  ( 1.10654, 0.0766665) 
46   ( 1.07965, 0.0935148)  ( 1.0868, 0.0787221) 
46   ( 1.08353, 0.102662)  ( 1.07965, 0.0935148) 
45   ( 1.04928, 0.123163)  ( 1.06752, 0.125668) 
45   ( 1.04055, 0.137966)  ( 1.04928, 0.123163) 
45   ( 1.04547, 0.148192)  ( 1.04055, 0.137966) 
44   ( 1.01018, 0.167341)  ( 1.02474, 0.16984) 
44   ( 1.0006, 0.177882)  ( 1.01018, 0.167341) 
44   ( 1.00204, 0.190713)  ( 1.0006, 0.177882) 
47   ( 0.969427, 0.205349)  ( 0.979009, 0.210368) 
47   ( 0.955569, 0.214304)  ( 0.969427, 0.205349) 
47   ( 0.954831, 0.229395)  ( 0.955569, 0.214304) 
47   ( 0.912936, 0.247582)  ( 0.923417, 0.259212) 
47   ( 0.919185, 0.262251)  ( 0.912936, 0.247582) 
46   ( 4.54072, -0.111059)  ( 4.5384, -0.094951) 
47   ( 4.53845, -0.118231)  ( 4.54072, -0.111059) 
47   ( 4.52881, -0.137766)  ( 4.53845, -0.118231) 
47   ( 4.47323, -0.155755)  ( 4.52881, -0.137766) 
46   ( 4.45023, -0.14357)  ( 4.47323, -0.155755) 
46   ( 4.43637, -0.118206)  ( 4.45023, -0.14357) 
47   ( 4.32769, -0.168128)  ( 4.38187, -0.100797) 
47   ( 4.26872, -0.159275)  ( 4.32769, -0.168128) 
48   ( 4.22607, -0.0984243)  ( 4.26872, -0.159275) 
47   ( 4.11804, -0.141044)  ( 4.15938, -0.100675) 
47   ( 4.06015, -0.143573)  ( 4.11804, -0.141044) 
48   ( 4.02342, -0.0710646)  ( 4.06015, -0.143573) 
47   ( 3.9459, -0.103126)  ( 3.97417, -0.0805734) 
46   ( 3.92342, -0.102706)  ( 3.9459, -0.103126) 
48   ( 3.89339, -0.0545452)  ( 3.92342, -0.102706) 
49   ( 3.85348, -0.0707155)  ( 3.87731, -0.0548525) 
49   ( 3.83997, -0.0693162)  ( 3.85348, -0.0707155) 
49   ( 3.81926, -0.0430845)  ( 3.83997, -0.0693162) 
49   ( 3.78891, -0.0606469)  ( 3.80895, -0.0427095) 
49   ( 3.77575, -0.0605018)  ( 3.78891, -0.0606469) 
49   ( 3.75611, -0.0404067)  ( 3.77575, -0.0605018) 
49   ( 3.73055, -0.0618391)  ( 3.74565, -0.0402645) 
49   ( 3.71156, -0.0631386)  ( 3.73055, -0.0618391) 
47   ( 3.6928, -0.041728)  ( 3.71156, -0.0631386) 
49   ( 3.67076, -0.0679873)  ( 3.68439, -0.0419879) 
49   ( 3.65254, -0.0705288)  ( 3.67076, -0.0679873) 
49   ( 3.63075, -0.0475774)  ( 3.65254, -0.0705288) 
48   ( 3.61412, -0.0796369)  ( 3.6256, -0.0481999) 
49   ( 3.59975, -0.0833536)  ( 3.61412, -0.0796369) 
49   ( 3.57243, -0.0613449)  ( 3.59975, -0.0833536) 
48   ( 3.56363, -0.105116)  ( 3.57036, -0.0619388) 
47   ( 3.55322, -0.110087)  ( 3.56363, -0.105116) 
48   ( 3.52585, -0.0949207)  ( 3.55322, -0.110087) 
47   ( 3.54745, -0.152789)  ( 3.51461, -0.107186) 
47   ( 3.54327, -0.160634)  ( 3.54745, -0.152789) 
47   ( 3.52597, -0.180757)  ( 3.54327, -0.160634) 
47   ( 3.51244, -0.193698)  ( 3.52597, -0.180757) 
47   ( 3.51244, -0.193698)  ( 3.46387, -0.178124) 
47   ( 3.51449, -0.224674)  ( 3.51244, -0.193698) 
47   ( 3.50229, -0.249041)  ( 3.51449, -0.224674) 
46   ( 3.4659, -0.254503)  ( 3.50229, -0.249041) 
46   ( 3.4659, -0.254503)  ( 3.43638, -0.220073) 
46   ( 3.45877, -0.273951)  ( 3.4659, -0.254503) 
47   ( 3.44148, -0.295606)  ( 3.45877, -0.273951) 
47   ( 3.41156, -0.298354)  ( 3.44148, -0.295606) 
46   ( 3.41156, -0.298354)  ( 3.38973, -0.27688) 
47   ( 3.40907, -0.322709)  ( 3.41156, -0.298354) 
46   ( 3.3992, -0.337947)  ( 3.40907, -0.322709) 
46   ( 3.35596, -0.339467)  ( 3.3992, -0.337947) 
47   ( 3.37955, -0.377465)  ( 3.35544, -0.340719) 
45   ( 3.3749, -0.38871)  ( 3.37955, -0.377465) 
45   ( 3.33248, -0.397442)  ( 3.3749, -0.38871) 
47   ( 3.35807, -0.435449)  ( 3.33173, -0.399395) 
47   ( 3.35392, -0.447186)  ( 3.35807, -0.435449) 
47   ( 3.31143, -0.460562)  ( 3.35392, -0.447186) 
47   ( 3.34772, -0.499147)  ( 3.30967, -0.465084) 
47   ( 3.34088, -0.524805)  ( 3.34772, -0.499147) 
47   ( 3.29704, -0.540744)  ( 3.34088, -0.524805) 
47   ( 3.34692, -0.584151)  ( 3.29195, -0.555714) 
47   ( 3.34291, -0.635056)  ( 3.34692, -0.584151) 
47   ( 3.31222, -0.654822)  ( 3.34291, -0.635056) 
47   ( 3.31222, -0.654822)  ( 3.27165, -0.638973) 
47   ( 3.31634, -0.688692)  ( 3.31222, -0.654822) 
47   ( 3.29594, -0.724965)  ( 3.31634, -0.688692) 
47   ( 3.25991, -0.729433)  ( 3.29594, -0.724965) 
47   ( 3.25991, -0.729433)  ( 3.23604, -0.697568) 
47   ( 3.25263, -0.750867)  ( 3.25991, -0.729433) 
47   ( 3.23642, -0.771342)  ( 3.25263, -0.750867) 
47   ( 3.18926, -0.765324)  ( 3.23642, -0.771342) 
47   ( 3.20901, -0.806224)  ( 3.18763, -0.768491) 
46   ( 3.1993, -0.821995)  ( 3.20901, -0.806224) 
46   ( 3.15691, -0.823288)  ( 3.1993, -0.821995) 
44   ( 3.1758, -0.864869)  ( 3.1554, -0.82617) 
46   ( 3.16931, -0.876561)  ( 3.1758, -0.864869) 
47   ( 3.12571, -0.879799)  ( 3.16931, -0.876561) 
47   ( 3.14263, -0.922192)  ( 3.12406, -0.882636) 
47   ( 3.13555, -0.933645)  ( 3.14263, -0.922192) 
47   ( 3.09189, -0.934696)  ( 3.13555, -0.933645) 
47   ( 3.10662, -0.978022)  ( 3.09007, -0.937496) 
47   ( 3.09901, -0.989083)  ( 3.10662, -0.978022) 
47   ( 3.05524, -0.988145)  ( 3.09901, -0.989083) 
46   ( 3.07011, -1.03404)  ( 3.05316, -0.990992) 
45   ( 3.06088, -1.04713)  ( 3.07011, -1.03404) 
45   ( 3.01555, -1.04991)  ( 3.06088, -1.04713) 
45   ( 3.04317, -1.10047)  ( 3.00814, -1.05839) 
45   ( 3.02098, -1.13791)  ( 3.04317, -1.10047) 
45   ( 2.96535, -1.13168)  ( 3.02098, -1.13791) 
44   ( 2.99334, -1.19267)  ( 2.95575, -1.1424) 
44   ( 2.9621, -1.23979)  ( 2.99334, -1.19267) 
44   ( 2.92364, -1.23413)  ( 2.9621, -1.23979) 
44   ( 2.92364, -1.23413)  ( 2.9019, -1.19732) 
45   ( 2.90853, -1.26476)  ( 2.92364, -1.23413) 
45   ( 2.86998, -1.28212)  ( 2.90853, -1.26476) 
45   ( 2.84227, -1.26754)  ( 2.86998, -1.28212) 
45   ( 2.84227, -1.26754)  ( 2.83547, -1.23458) 
43   ( 2.82219, -1.289)  ( 2.84227, -1.26754) 
43   ( 2.80074, -1.29675)  ( 2.82219, -1.289) 
45   ( 2.76461, -1.27076)  ( 2.80074, -1.29675) 
44   ( 2.75863, -1.3168)  ( 2.76201, -1.27237) 
44   ( 2.74444, -1.32431)  ( 2.75863, -1.3168) 
45   ( 2.70641, -1.30375)  ( 2.74444, -1.32431) 
45   ( 2.69833, -1.34909)  ( 2.70307, -1.30559) 
45   ( 2.68578, -1.35537)  ( 2.69833, -1.34909) 
45   ( 2.64797, -1.33319)  ( 2.68578, -1.35537) 
43   ( 2.6362, -1.37782)  ( 2.6444, -1.33481) 
44   ( 2.62307, -1.38313)  ( 2.6362, -1.37782) 
45   ( 2.58725, -1.35798)  ( 2.62307, -1.38313) 
44   ( 2.57151, -1.4015)  ( 2.58342, -1.35935) 
44   ( 2.55783, -1.40569)  ( 2.57151, -1.4015) 
45   ( 2.52443, -1.37754)  ( 2.55783, -1.40569) 
45   ( 2.50449, -1.41939)  ( 2.52032, -1.37861) 
44   ( 2.49029, -1.4223)  ( 2.50449, -1.41939) 
43   ( 2.45982, -1.3912)  ( 2.49029, -1.4223) 
43   ( 2.43552, -1.43072)  ( 2.4554, -1.3919) 
44   ( 2.4209, -1.43215)  ( 2.43552, -1.43072) 
44   ( 2.39395, -1.39826)  ( 2.4209, -1.43215) 
44   ( 2.36548, -1.43471)  ( 2.38931, -1.3985) 
45   ( 2.35072, -1.43456)  ( 2.36548, -1.43471) 
45   ( 2.32766, -1.39832)  ( 2.35072, -1.43456) 
45   ( 2.29568, -1.43124)  ( 2.32294, -1.39807) 
45   ( 2.28097, -1.42953)  ( 2.29568, -1.43124) 
43   ( 2.2619, -1.3916)  ( 2.28097, -1.42953) 
45   ( 2.22708, -1.42073)  ( 2.25718, -1.39088) 
45   ( 2.21253, -1.41754)  ( 2.22708, -1.42073) 
45   ( 2.19741, -1.37857)  ( 2.21253, -1.41754) 
45   ( 2.16038, -1.40377)  ( 2.19267, -1.37738) 
45   ( 2.14606, -1.39919)  ( 2.16038, -1.40377) 
45   ( 2.13467, -1.35982)  ( 2.14606, -1.39919) 
45   ( 2.09607, -1.38106)  ( 2.12989, -1.35817) 
45   ( 2.08199, -1.37516)  ( 2.09607, -1.38106) 
45   ( 2.07404, -1.33597)  ( 2.08199, -1.37516) 
45   ( 2.03443, -1.35326)  ( 2.06917, -1.33384) 
45   ( 2.02062, -1.34612)  ( 2.03443, -1.35326) 
45   ( 2.01572, -1.30761)  ( 2.02062, -1.34612) 
44   ( 1.97558, -1.32103)  ( 2.0107, -1.30497) 
45   ( 1.96212, -1.31275)  ( 1.97558, -1.32103) 
45   ( 1.95979, -1.27529)  ( 1.96212, -1.31275) 
45   ( 1.91955, -1.28493)  ( 1.95459, -1.27209) 
45   ( 1.90653, -1.27566)  ( 1.91955, -1.28493) 
45   ( 1.90629, -1.23949)  ( 1.90653, -1.27566) 
44   ( 1.8663, -1.24547)  ( 1.90088, -1.23567) 
43   ( 1.8538, -1.23535)  ( 1.8663, -1.24547) 
44   ( 1.85523, -1.20062)  ( 1.8538, -1.23535) 
44   ( 1.81578, -1.20306)  ( 1.8496, -1.19612) 
45   ( 1.80388, -1.19222)  ( 1.81578, -1.20306) 
45   ( 1.80658, -1.15899)  ( 1.80388, -1.19222) 
45   ( 1.76793, -1.15803)  ( 1.80075, -1.15377) 
45   ( 1.75668, -1.14661)  ( 1.76793, -1.15803) 
45   ( 1.76035, -1.11486)  ( 1.75668, -1.14661) 
45   ( 1.72269, -1.11062)  ( 1.75436, -1.10888) 
45   ( 1.71215, -1.09876)  ( 1.72269, -1.11062) 
45   ( 1.71657, -1.06844)  ( 1.71215, -1.09876) 
45   ( 1.68006, -1.06103)  ( 1.71046, -1.06167) 
45   ( 1.67029, -1.04883)  ( 1.68006, -1.06103) 
45   ( 1.67529, -1.01984)  ( 1.67029, -1.04883) 
45   ( 1.64008, -1.00935)  ( 1.66916, -1.01227) 
46   ( 1.63115, -0.996939)  ( 1.64008, -1.00935) 
47   ( 1.63666, -0.969172)  ( 1.63115, -0.996939) 
46   ( 1.60293, -0.955719)  ( 1.63064, -0.96082) 
47   ( 1.59491, -0.943256)  ( 1.60293, -0.955719) 
47   ( 1.60088, -0.916556)  ( 1.59491, -0.943256) 
46   ( 1.56873, -0.90038)  ( 1.59508, -0.907488) 
46   ( 1.56161, -0.887987)  ( 1.56873, -0.90038) 
47   ( 1.56797, -0.862166)  ( 1.56161, -0.887987) 
47   ( 1.53744, -0.843596)  ( 1.56245, -0.852423) 
46   ( 1.53113, -0.83128)  ( 1.53744, -0.843596) 
45   ( 1.53788, -0.80621)  ( 1.53113, -0.83128) 
46   ( 1.50895, -0.78569)  ( 1.53272, -0.795945) 
46   ( 1.50336, -0.773512)  ( 1.50895, -0.78569) 
47   ( 1.51048, -0.749054)  ( 1.50336, -0.773512) 
45   ( 1.483, -0.726981)  ( 1.50566, -0.738373) 
45   ( 1.47798, -0.714897)  ( 1.483, -0.726981) 
47   ( 1.48542, -0.690972)  ( 1.47798, -0.714897) 
46   ( 1.45918, -0.667721)  ( 1.48092, -0.67996) 
47   ( 1.45461, -0.655749)  ( 1.45918, -0.667721) 
47   ( 1.46227, -0.632265)  ( 1.45461, -0.655749) 
46   ( 1.43701, -0.608213)  ( 1.45802, -0.62101) 
47   ( 1.43274, -0.596355)  ( 1.43701, -0.608213) 
46   ( 1.4405, -0.573196)  ( 1.43274, -0.596355) 
46   ( 1.41588, -0.548689)  ( 1.4364, -0.561773) 
47   ( 1.41178, -0.536947)  ( 1.41588, -0.548689) 
46   ( 1.4195, -0.513996)  ( 1.41178, -0.536947) 
47   ( 1.39519, -0.489381)  ( 1.41544, -0.502501) 
47   ( 1.39112, -0.477767)  ( 1.39519, -0.489381) 
47   ( 1.39862, -0.454913)  ( 1.39112, -0.477767) 
44   ( 1.3743, -0.43049)  ( 1.3945, -0.443414) 
44   ( 1.37013, -0.41903)  ( 1.3743, -0.43049) 
46   ( 1.37723, -0.396166)  ( 1.37013, -0.41903) 
46   ( 1.35259, -0.37222)  ( 1.37293, -0.384728) 
46   ( 1.34821, -0.360936)  ( 1.35259, -0.37222) 
47   ( 1.35473, -0.337978)  ( 1.34821, -0.360936) 
47   ( 1.32951, -0.314761)  ( 1.35015, -0.326678) 
45   ( 1.3248, -0.30364)  ( 1.32951, -0.314761) 
44   ( 1.3306, -0.280529)  ( 1.3248, -0.30364) 
47   ( 1.30468, -0.258098)  ( 1.32567, -0.269366) 
47   ( 1.29963, -0.247143)  ( 1.30468, -0.258098) 
47   ( 1.30469, -0.223871)  ( 1.29963, -0.247143) 
46   ( 1.27807, -0.202297)  ( 1.2994, -0.212873) 
47   ( 1.27267, -0.191527)  ( 1.27807, -0.202297) 
47   ( 1.27696, -0.168108)  ( 1.27267, -0.191527) 
47   ( 1.24963, -0.147475)  ( 1.27131, -0.157305) 
47   ( 1.24387, -0.136916)  ( 1.24963, -0.147475) 
47   ( 1.24733, -0.113368)  ( 1.24387, -0.136916) 
47   ( 1.21928, -0.0937684)  ( 1.2413, -0.102784) 
49   ( 1.21314, -0.0834585)  ( 1.21928, -0.0937684) 
49   ( 1.21571, -0.0598041)  ( 1.21314, -0.0834585) 
49   ( 1.18692, -0.0413624)  ( 1.20927, -0.0494721) 
49   ( 1.18039, -0.0313472)  ( 1.18692, -0.0413624) 
50   ( 1.18197, -0.00761512)  ( 1.18039, -0.0313472) 
49   ( 1.15279, 0.00889315)  ( 1.17512, 0.00241325) 
48   ( 1.14614, 0.0178422)  ( 1.15279, 0.00889315) 
47   ( 1.14286, 0.0256378)  ( 1.14614, 0.0178422) 
46   ( 1.14598, 0.042982)  ( 1.14286, 0.0256378) 
47   ( 1.12096, 0.0543358)  ( 1.13867, 0.0526475) 
47   ( 1.11579, 0.0585637)  ( 1.12096, 0.0543358) 
47   ( 1.11005, 0.0657848)  ( 1.11579, 0.0585637) 
47   ( 1.10654, 0.0766665)  ( 1.11005, 0.0657848) 
47   ( 1.10759, 0.0916598)  ( 1.10654, 0.0766665) 
45   ( 1.08353, 0.102662)  ( 1.09979, 0.100915) 
45   ( 1.06984, 0.114324)  ( 1.08353, 0.102662) 
45   ( 1.06752, 0.125668)  ( 1.06984, 0.114324) 
45   ( 1.06662, 0.138067)  ( 1.06752, 0.125668) 
45   ( 1.04547, 0.148192)  ( 1.05831, 0.146826) 
45   ( 1.02967, 0.156956)  ( 1.04547, 0.148192) 
44   ( 1.02474, 0.16984)  ( 1.02967, 0.156956) 
44   ( 1.02291, 0.181744)  ( 1.02474, 0.16984) 
45   ( 1.00204, 0.190713)  ( 1.01406, 0.189883) 
45   ( 0.988604, 0.19596)  ( 1.00204, 0.190713) 
46   ( 0.979009, 0.210368)  ( 0.988604, 0.19596) 
47   ( 0.976306, 0.222114)  ( 0.979009, 0.210368) 
47   ( 0.954831, 0.229395)  ( 0.966898, 0.229524) 
46   ( 0.94511, 0.233497)  ( 0.954831, 0.229395) 
46   ( 0.935153, 0.242041)  ( 0.94511, 0.233497) 
47   ( 0.932714, 0.255782)  ( 0.935153, 0.242041) 
47   ( 0.898583, 0.266415)  ( 0.911942, 0.269856) 
47   ( 0.888732, 0.271347)  ( 0.898583, 0.266415) 
47   ( 0.881758, 0.289005)  ( 0.888732, 0.271347) 
47   ( 0.839563, 0.296928)  ( 0.858428, 0.301715) 
47   ( 0.827928, 0.305573)  ( 0.839563, 0.296928) 
47   ( 0.827369, 0.316607)  ( 0.827928, 0.305573) 
47   ( 0.787617, 0.321244)  ( 0.801617, 0.328666) 
47   ( 0.779367, 0.323752)  ( 0.787617, 0.321244) 
47   ( 0.771649, 0.339558)  ( 0.779367, 0.323752) 
47   ( 0.724054, 0.335631)  ( 0.742142, 0.347109) 
46   ( 0.711365, 0.35297)  ( 0.724054, 0.335631) 
47   ( 0.672001, 0.345318)  ( 0.681176, 0.356762) 
47   ( 0.655464, 0.348987)  ( 0.672001, 0.345318) 
47   ( 0.649861, 0.358691)  ( 0.655464, 0.348987) 
46   ( 0.599167, 0.347518)  ( 0.619451, 0.35865) 
46   ( 0.59183, 0.364521)  ( 0.599167, 0.347518) 
46   ( 0.599216, 0.366075)  ( 0.59183, 0.364521) 
46   ( 0.549237, 0.359113)  ( 0.542878, 0.35848) 
45   ( 0.54206, 0.34209)  ( 0.549237, 0.359113) 
45   ( 0.532581, 0.356068)  ( 0.54206, 0.34209) 
47   ( 0.537025, 0.357191)  ( 0.532581, 0.356068) 
47   ( 3.07944, -0.260893)  ( 3.08143, -0.289248) 
47   ( 3.08743, -0.260294)  ( 3.07944, -0.260893) 
47   ( 3.05091, -0.328162)  ( 3.05699, -0.342202) 
47   ( 3.07048, -0.314813)  ( 3.05091, -0.328162) 
47   ( 2.90984, -0.683575)  ( 2.91561, -0.701132) 
47   ( 2.92342, -0.676375)  ( 2.90984, -0.683575) 
45   ( 2.88528, -0.73899)  ( 2.8908, -0.743585) 
46   ( 2.90465, -0.720583)  ( 2.88528, -0.73899) 
47   ( 2.87128, -0.765053)  ( 2.87711, -0.778641) 
47   ( 2.88849, -0.759617)  ( 2.87128, -0.765053) 
47   ( 3.11016, -0.194707)  ( 3.12332, -0.207342) 
46   ( 3.1287, -0.165448)  ( 3.11016, -0.194707) 
46   ( 3.13601, -0.166051)  ( 3.1287, -0.165448) 
47   ( 3.08743, -0.260294)  ( 3.09533, -0.275132) 
47   ( 3.10555, -0.237001)  ( 3.08743, -0.260294) 
47   ( 3.07048, -0.314813)  ( 3.07362, -0.323969) 
46   ( 3.06751, -0.29551)  ( 3.07048, -0.314813) 
46   ( 3.08143, -0.289248)  ( 3.06751, -0.29551) 
47   ( 3.09206, -0.283656)  ( 3.08143, -0.289248) 
47   ( 3.03879, -0.362618)  ( 3.05023, -0.377795) 
47   ( 3.05699, -0.342202)  ( 3.03879, -0.362618) 
46   ( 3.0691, -0.338632)  ( 3.05699, -0.342202) 
47   ( 3.01199, -0.432878)  ( 3.01569, -0.454748) 
47   ( 3.01788, -0.422546)  ( 3.01199, -0.432878) 
46   ( 3.03163, -0.42655)  ( 3.01788, -0.422546) 
47   ( 2.96467, -0.517855)  ( 2.98981, -0.527655) 
43   ( 2.968, -0.4981)  ( 2.96467, -0.517855) 
43   ( 2.99234, -0.493097)  ( 2.968, -0.4981) 
46   ( 2.94745, -0.603947)  ( 2.9597, -0.610242) 
46   ( 2.9533, -0.579288)  ( 2.94745, -0.603947) 
46   ( 2.96188, -0.578223)  ( 2.9533, -0.579288) 
46   ( 2.92342, -0.676375)  ( 2.9287, -0.687777) 
46   ( 2.92294, -0.65475)  ( 2.92342, -0.676375) 
46   ( 2.94133, -0.651062)  ( 2.92294, -0.65475) 
47   ( 2.90465, -0.720583)  ( 2.91174, -0.733079) 
47   ( 2.90239, -0.713906)  ( 2.90465, -0.720583) 
47   ( 2.91561, -0.701132)  ( 2.90239, -0.713906) 
47   ( 2.92472, -0.695954)  ( 2.91561, -0.701132) 
47   ( 2.88849, -0.759617)  ( 2.89119, -0.771393) 
46   ( 2.8908, -0.743585)  ( 2.88849, -0.759617) 
45   ( 2.9088, -0.738905)  ( 2.8908, -0.743585) 
47   ( 2.86204, -0.793285)  ( 2.86569, -0.806204) 
47   ( 2.87711, -0.778641)  ( 2.86204, -0.793285) 
47   ( 2.88829, -0.776143)  ( 2.87711, -0.778641) 
45   ( 2.8437, -0.816388)  ( 2.84172, -0.84145) 
46   ( 2.86016, -0.815639)  ( 2.8437, -0.816388) 
46   ( 3.13601, -0.166051)  ( 3.1436, -0.176383) 
47   ( 3.14399, -0.130105)  ( 3.13601, -0.166051) 
47   ( 3.16124, -0.142608)  ( 3.14399, -0.130105) 
47   ( 3.10555, -0.237001)  ( 3.11883, -0.253432) 
47   ( 3.10357, -0.231837)  ( 3.10555, -0.237001) 
47   ( 3.12332, -0.207342)  ( 3.10357, -0.231837) 
47   ( 3.12842, -0.203763)  ( 3.12332, -0.207342) 
46   ( 3.09206, -0.283656)  ( 3.0999, -0.305179) 
47   ( 3.09533, -0.275132)  ( 3.09206, -0.283656) 
47   ( 3.11469, -0.263283)  ( 3.09533, -0.275132) 
46   ( 3.0691, -0.338632)  ( 3.07356, -0.355181) 
46   ( 3.07362, -0.323969)  ( 3.0691, -0.338632) 
47   ( 3.09665, -0.314678)  ( 3.07362, -0.323969) 
46   ( 3.03252, -0.399234)  ( 3.0403, -0.417188) 
47   ( 3.05023, -0.377795)  ( 3.03252, -0.399234) 
47   ( 3.06765, -0.374918)  ( 3.05023, -0.377795) 
47   ( 2.99234, -0.493097)  ( 3.00138, -0.504746) 
46   ( 2.9913, -0.479224)  ( 2.99234, -0.493097) 
46   ( 3.00843, -0.456291)  ( 2.9913, -0.479224) 
47   ( 3.01569, -0.454748)  ( 3.00843, -0.456291) 
47   ( 3.02654, -0.456146)  ( 3.01569, -0.454748) 
46   ( 2.96188, -0.578223)  ( 2.9744, -0.588482) 
47   ( 2.96828, -0.552423)  ( 2.96188, -0.578223) 
47   ( 2.99133, -0.544964)  ( 2.96828, -0.552423) 
47   ( 2.94133, -0.651062)  ( 2.95039, -0.666328) 
47   ( 2.94305, -0.627785)  ( 2.94133, -0.651062) 
47   ( 2.95887, -0.620785)  ( 2.94305, -0.627785) 
47   ( 2.92472, -0.695954)  ( 2.93415, -0.717782) 
46   ( 2.9287, -0.687777)  ( 2.92472, -0.695954) 
45   ( 2.9453, -0.676709)  ( 2.9287, -0.687777) 
46   ( 2.9088, -0.738905)  ( 2.91545, -0.759759) 
46   ( 2.91174, -0.733079)  ( 2.9088, -0.738905) 
47   ( 2.93051, -0.725615)  ( 2.91174, -0.733079) 
47   ( 2.88829, -0.776143)  ( 2.89158, -0.797376) 
47   ( 2.89119, -0.771393)  ( 2.88829, -0.776143) 
46   ( 2.9124, -0.765383)  ( 2.89119, -0.771393) 
47   ( 2.86016, -0.815639)  ( 2.86011, -0.833375) 
47   ( 2.86569, -0.806204)  ( 2.86016, -0.815639) 
45   ( 2.8877, -0.80306)  ( 2.86569, -0.806204) 
47   ( 2.82762, -0.858074)  ( 2.83062, -0.869824) 
47   ( 2.83135, -0.842458)  ( 2.82762, -0.858074) 
46   ( 2.84172, -0.84145)  ( 2.83135, -0.842458) 
46   ( 2.85448, -0.840909)  ( 2.84172, -0.84145) 
45   ( 3.63416, 0.155954)  ( 3.62621, 0.140297) 
45   ( 3.63999, 0.138578)  ( 3.63416, 0.155954) 
45   ( 3.54507, 0.159506)  ( 3.53864, 0.141966) 
45   ( 3.55369, 0.142745)  ( 3.54507, 0.159506) 
45   ( 3.41188, 0.130737)  ( 3.40787, 0.111783) 
45   ( 3.42495, 0.118742)  ( 3.41188, 0.130737) 
48   ( 3.24236, 0.00832778)  ( 3.2588, 0.00259855) 
48   ( 3.23893, 0.0313914)  ( 3.24236, 0.00832778) 
47   ( 3.25965, 0.0502065)  ( 3.23893, 0.0313914) 
47   ( 3.29007, 0.0510685)  ( 3.25965, 0.0502065) 
47   ( 3.29353, 0.0371036)  ( 3.29007, 0.0510685) 
47   ( 3.16464, -0.0998246)  ( 3.1785, -0.114978) 
49   ( 3.18787, -0.0765092)  ( 3.16464, -0.0998246) 
49   ( 3.20439, -0.0750528)  ( 3.18787, -0.0765092) 
47   ( 3.12842, -0.203763)  ( 3.14222, -0.226776) 
46   ( 3.1436, -0.176383)  ( 3.12842, -0.203763) 
46   ( 3.15166, -0.168388)  ( 3.1436, -0.176383) 
47   ( 3.11469, -0.263283)  ( 3.12432, -0.286307) 
47   ( 3.11883, -0.253432)  ( 3.11469, -0.263283) 
47   ( 3.13583, -0.240895)  ( 3.11883, -0.253432) 
47   ( 3.09665, -0.314678)  ( 3.10262, -0.334565) 
46   ( 3.0999, -0.305179)  ( 3.09665, -0.314678) 
46   ( 3.12134, -0.294488)  ( 3.0999, -0.305179) 
47   ( 3.06765, -0.374918)  ( 3.06971, -0.391315) 
47   ( 3.07356, -0.355181)  ( 3.06765, -0.374918) 
47   ( 3.09854, -0.346898)  ( 3.07356, -0.355181) 
47   ( 3.02654, -0.456146)  ( 3.02914, -0.471742) 
46   ( 3.03163, -0.42655)  ( 3.02654, -0.456146) 
45   ( 3.0403, -0.417188)  ( 3.03163, -0.42655) 
46   ( 3.06264, -0.414379)  ( 3.0403, -0.417188) 
47   ( 2.99133, -0.544964)  ( 2.99659, -0.558016) 
47   ( 2.98981, -0.527655)  ( 2.99133, -0.544964) 
47   ( 3.00138, -0.504746)  ( 2.98981, -0.527655) 
47   ( 3.02129, -0.493478)  ( 3.00138, -0.504746) 
47   ( 2.95887, -0.620785)  ( 2.97277, -0.639196) 
46   ( 2.9597, -0.610242)  ( 2.95887, -0.620785) 
45   ( 2.9744, -0.588482)  ( 2.9597, -0.610242) 
46   ( 2.98523, -0.581578)  ( 2.9744, -0.588482) 
45   ( 2.9453, -0.676709)  ( 2.95586, -0.69994) 
46   ( 2.95039, -0.666328)  ( 2.9453, -0.676709) 
47   ( 2.96522, -0.654155)  ( 2.95039, -0.666328) 
47   ( 2.93051, -0.725615)  ( 2.93911, -0.745626) 
47   ( 2.93415, -0.717782)  ( 2.93051, -0.725615) 
47   ( 2.95164, -0.709333)  ( 2.93415, -0.717782) 
46   ( 2.9124, -0.765383)  ( 2.91722, -0.786641) 
46   ( 2.91545, -0.759759)  ( 2.9124, -0.765383) 
47   ( 2.93546, -0.753334)  ( 2.91545, -0.759759) 
45   ( 2.8877, -0.80306)  ( 2.88959, -0.823927) 
45   ( 2.89158, -0.797376)  ( 2.8877, -0.80306) 
47   ( 2.91372, -0.792322)  ( 2.89158, -0.797376) 
47   ( 2.85448, -0.840909)  ( 2.85221, -0.860953) 
47   ( 2.86011, -0.833375)  ( 2.85448, -0.840909) 
47   ( 2.88427, -0.831046)  ( 2.86011, -0.833375) 
47   ( 2.80354, -0.880074)  ( 2.80328, -0.895871) 
47   ( 2.81188, -0.871545)  ( 2.80354, -0.880074) 
47   ( 2.83062, -0.869824)  ( 2.81188, -0.871545) 
47   ( 2.84529, -0.869953)  ( 2.83062, -0.869824) 
44   ( 3.7211, 0.137457)  ( 3.70629, 0.130594) 
44   ( 3.73369, 0.136931)  ( 3.7211, 0.137457) 
45   ( 3.74205, 0.122821)  ( 3.73369, 0.136931) 
45   ( 3.66094, 0.147409)  ( 3.64854, 0.134213) 
45   ( 3.68502, 0.139906)  ( 3.66094, 0.147409) 
45   ( 3.69223, 0.131395)  ( 3.68502, 0.139906) 
45   ( 3.58116, 0.150551)  ( 3.56903, 0.136982) 
44   ( 3.6011, 0.151535)  ( 3.58116, 0.150551) 
43   ( 3.61499, 0.13652)  ( 3.6011, 0.151535) 
45   ( 3.48032, 0.149233)  ( 3.47892, 0.126385) 
44   ( 3.5086, 0.146216)  ( 3.48032, 0.149233) 
43   ( 3.5178, 0.130973)  ( 3.5086, 0.146216) 
46   ( 3.3303, 0.0847254)  ( 3.33641, 0.0661521) 
46   ( 3.34369, 0.0878172)  ( 3.3303, 0.0847254) 
46   ( 3.3542, 0.0767809)  ( 3.34369, 0.0878172) 
49   ( 3.20439, -0.0750528)  ( 3.21246, -0.0816696) 
49   ( 3.20823, -0.0401695)  ( 3.20439, -0.0750528) 
49   ( 3.22471, -0.0302298)  ( 3.20823, -0.0401695) 
49   ( 3.23334, -0.0392265)  ( 3.22471, -0.0302298) 
46   ( 3.15166, -0.168388)  ( 3.16701, -0.19277) 
47   ( 3.16124, -0.142608)  ( 3.15166, -0.168388) 
47   ( 3.17798, -0.131514)  ( 3.16124, -0.142608) 
46   ( 3.13583, -0.240895)  ( 3.14722, -0.26507) 
47   ( 3.14222, -0.226776)  ( 3.13583, -0.240895) 
46   ( 3.15615, -0.21429)  ( 3.14222, -0.226776) 
47   ( 3.12134, -0.294488)  ( 3.12936, -0.315975) 
47   ( 3.12432, -0.286307)  ( 3.12134, -0.294488) 
47   ( 3.14369, -0.274627)  ( 3.12432, -0.286307) 
47   ( 3.09854, -0.346898)  ( 3.10185, -0.366178) 
47   ( 3.10262, -0.334565)  ( 3.09854, -0.346898) 
47   ( 3.12633, -0.324521)  ( 3.10262, -0.334565) 
46   ( 3.06264, -0.414379)  ( 3.0625, -0.432857) 
47   ( 3.06971, -0.391315)  ( 3.06264, -0.414379) 
47   ( 3.09652, -0.382196)  ( 3.06971, -0.391315) 
46   ( 3.02129, -0.493478)  ( 3.0229, -0.520302) 
47   ( 3.02914, -0.471742)  ( 3.02129, -0.493478) 
47   ( 3.05463, -0.457208)  ( 3.02914, -0.471742) 
47   ( 2.98523, -0.581578)  ( 2.99624, -0.605744) 
47   ( 2.99659, -0.558016)  ( 2.98523, -0.581578) 
46   ( 3.0134, -0.542412)  ( 2.99659, -0.558016) 
47   ( 2.96522, -0.654155)  ( 2.97694, -0.678865) 
47   ( 2.97277, -0.639196)  ( 2.96522, -0.654155) 
47   ( 2.98515, -0.627354)  ( 2.97277, -0.639196) 
47   ( 2.95164, -0.709333)  ( 2.96198, -0.729277) 
46   ( 2.95586, -0.69994)  ( 2.95164, -0.709333) 
46   ( 2.97211, -0.689389)  ( 2.95586, -0.69994) 
47   ( 2.93546, -0.753334)  ( 2.94233, -0.773285) 
47   ( 2.93911, -0.745626)  ( 2.93546, -0.753334) 
45   ( 2.9578, -0.73922)  ( 2.93911, -0.745626) 
47   ( 2.91372, -0.792322)  ( 2.91706, -0.813776) 
47   ( 2.91722, -0.786641)  ( 2.91372, -0.792322) 
47   ( 2.93849, -0.780513)  ( 2.91722, -0.786641) 
47   ( 2.88427, -0.831046)  ( 2.88466, -0.851248) 
47   ( 2.88959, -0.823927)  ( 2.88427, -0.831046) 
47   ( 2.91211, -0.820774)  ( 2.88959, -0.823927) 
47   ( 2.84529, -0.869953)  ( 2.84055, -0.889321) 
47   ( 2.85221, -0.860953)  ( 2.84529, -0.869953) 
45   ( 2.878, -0.859695)  ( 2.85221, -0.860953) 
47   ( 2.78944, -0.909045)  ( 2.78918, -0.927531) 
47   ( 2.80328, -0.895871)  ( 2.78944, -0.909045) 
47   ( 2.83162, -0.900649)  ( 2.80328, -0.895871) 
47   ( 2.72694, -0.971387)  ( 2.73233, -0.985296) 
47   ( 2.73885, -0.952062)  ( 2.72694, -0.971387) 
46   ( 2.75802, -0.96938)  ( 2.73885, -0.952062) 
45   ( 3.74205, 0.122821)  ( 3.73455, 0.115286) 
45   ( 3.76379, 0.126041)  ( 3.74205, 0.122821) 
45   ( 3.77182, 0.114396)  ( 3.76379, 0.126041) 
45   ( 3.69223, 0.131395)  ( 3.67875, 0.118698) 
45   ( 3.70629, 0.130594)  ( 3.69223, 0.131395) 
45   ( 3.72158, 0.114822)  ( 3.70629, 0.130594) 
44   ( 3.61499, 0.13652)  ( 3.60907, 0.123915) 
44   ( 3.62621, 0.140297)  ( 3.61499, 0.13652) 
45   ( 3.63999, 0.138578)  ( 3.62621, 0.140297) 
45   ( 3.64854, 0.134213)  ( 3.63999, 0.138578) 
45   ( 3.65392, 0.121489)  ( 3.64854, 0.134213) 
44   ( 3.5178, 0.130973)  ( 3.51701, 0.125567) 
44   ( 3.53864, 0.141966)  ( 3.5178, 0.130973) 
45   ( 3.55369, 0.142745)  ( 3.53864, 0.141966) 
45   ( 3.56903, 0.136982)  ( 3.55369, 0.142745) 
44   ( 3.5727, 0.126378)  ( 3.56903, 0.136982) 
46   ( 3.39456, 0.105214)  ( 3.38948, 0.0774902) 
45   ( 3.40787, 0.111783)  ( 3.39456, 0.105214) 
45   ( 3.42495, 0.118742)  ( 3.40787, 0.111783) 
44   ( 3.44274, 0.12419)  ( 3.42495, 0.118742) 
44   ( 3.45844, 0.111193)  ( 3.44274, 0.12419) 
48   ( 3.2588, 0.00259855)  ( 3.26052, -0.0275756) 
47   ( 3.29353, 0.0371036)  ( 3.2588, 0.00259855) 
47   ( 3.31629, 0.0349868)  ( 3.29353, 0.0371036) 
47   ( 3.17798, -0.131514)  ( 3.19932, -0.144061) 
46   ( 3.1785, -0.114978)  ( 3.17798, -0.131514) 
47   ( 3.21246, -0.0816696)  ( 3.1785, -0.114978) 
49   ( 3.21547, -0.0810234)  ( 3.21246, -0.0816696) 
46   ( 3.15615, -0.21429)  ( 3.16935, -0.239084) 
45   ( 3.16701, -0.19277)  ( 3.15615, -0.21429) 
45   ( 3.17628, -0.18312)  ( 3.16701, -0.19277) 
47   ( 3.14369, -0.274627)  ( 3.15401, -0.296509) 
46   ( 3.14722, -0.26507)  ( 3.14369, -0.274627) 
46   ( 3.16438, -0.252132)  ( 3.14722, -0.26507) 
47   ( 3.12633, -0.324521)  ( 3.13182, -0.345862) 
47   ( 3.12936, -0.315975)  ( 3.12633, -0.324521) 
47   ( 3.15094, -0.305561)  ( 3.12936, -0.315975) 
47   ( 3.09652, -0.382196)  ( 3.09679, -0.401868) 
47   ( 3.10185, -0.366178)  ( 3.09652, -0.382196) 
47   ( 3.12798, -0.356088)  ( 3.10185, -0.366178) 
47   ( 3.05463, -0.457208)  ( 3.05318, -0.480265) 
46   ( 3.0625, -0.432857)  ( 3.05463, -0.457208) 
45   ( 3.0902, -0.421616)  ( 3.0625, -0.432857) 
46   ( 3.0134, -0.542412)  ( 3.02045, -0.567841) 
45   ( 3.0229, -0.520302)  ( 3.0134, -0.542412) 
46   ( 3.04505, -0.502444)  ( 3.0229, -0.520302) 
47   ( 2.98515, -0.627354)  ( 2.99805, -0.652319) 
47   ( 2.99624, -0.605744)  ( 2.98515, -0.627354) 
47   ( 3.00739, -0.594102)  ( 2.99624, -0.605744) 
47   ( 2.97211, -0.689389)  ( 2.98389, -0.710882) 
47   ( 2.97694, -0.678865)  ( 2.97211, -0.689389) 
47   ( 2.99139, -0.666062)  ( 2.97694, -0.678865) 
45   ( 2.9578, -0.73922)  ( 2.96692, -0.757303) 
45   ( 2.96198, -0.729277)  ( 2.9578, -0.73922) 
47   ( 2.97927, -0.722456)  ( 2.96198, -0.729277) 
47   ( 2.93849, -0.780513)  ( 2.94317, -0.801818) 
47   ( 2.94233, -0.773285)  ( 2.93849, -0.780513) 
47   ( 2.96241, -0.767399)  ( 2.94233, -0.773285) 
46   ( 2.91211, -0.820774)  ( 2.9146, -0.841503) 
47   ( 2.91706, -0.813776)  ( 2.91211, -0.820774) 
46   ( 2.93888, -0.80868)  ( 2.91706, -0.813776) 
45   ( 2.878, -0.859695)  ( 2.87609, -0.879384) 
45   ( 2.88466, -0.851248)  ( 2.878, -0.859695) 
47   ( 2.90788, -0.850065)  ( 2.88466, -0.851248) 
47   ( 2.83162, -0.900649)  ( 2.82453, -0.918964) 
47   ( 2.84055, -0.889321)  ( 2.83162, -0.900649) 
47   ( 2.86847, -0.888821)  ( 2.84055, -0.889321) 
46   ( 2.7703, -0.940133)  ( 2.77111, -0.964967) 
46   ( 2.78918, -0.927531)  ( 2.7703, -0.940133) 
47   ( 2.81294, -0.932956)  ( 2.78918, -0.927531) 
45   ( 2.70776, -1.00086)  ( 2.71502, -1.02609) 
46   ( 2.73233, -0.985296)  ( 2.70776, -1.00086) 
47   ( 2.74191, -0.989875)  ( 2.73233, -0.985296) 
45   ( 2.65764, -1.05442)  ( 2.66842, -1.07994) 
45   ( 2.67066, -1.03879)  ( 2.65764, -1.05442) 
45   ( 2.68087, -1.03726)  ( 2.67066, -1.03879) 
45   ( 2.63043, -1.09399)  ( 2.62729, -1.11708) 
44   ( 2.64866, -1.0965)  ( 2.63043, -1.09399) 
44   ( 2.59332, -1.1271)  ( 2.59376, -1.14455) 
44   ( 2.61604, -1.12589)  ( 2.59332, -1.1271) 
45   ( 2.55527, -1.15735)  ( 2.55401, -1.16818) 
45   ( 2.57787, -1.15582)  ( 2.55527, -1.15735) 
46   ( 3.77182, 0.114396)  ( 3.76301, 0.0992772) 
45   ( 3.78797, 0.116326)  ( 3.77182, 0.114396) 
44   ( 3.7987, 0.106911)  ( 3.78797, 0.116326) 
44   ( 3.72158, 0.114822)  ( 3.7063, 0.101522) 
45   ( 3.73455, 0.115286)  ( 3.72158, 0.114822) 
46   ( 3.74855, 0.0978457)  ( 3.73455, 0.115286) 
45   ( 3.65392, 0.121489)  ( 3.64408, 0.105894) 
45   ( 3.67875, 0.118698)  ( 3.65392, 0.121489) 
45   ( 3.68951, 0.102765)  ( 3.67875, 0.118698) 
44   ( 3.5727, 0.126378)  ( 3.56657, 0.110391) 
44   ( 3.60907, 0.123915)  ( 3.5727, 0.126378) 
45   ( 3.61397, 0.109881)  ( 3.60907, 0.123915) 
46   ( 3.45844, 0.111193)  ( 3.44821, 0.0975256) 
45   ( 3.47892, 0.126385)  ( 3.45844, 0.111193) 
45   ( 3.51701, 0.125567)  ( 3.47892, 0.126385) 
45   ( 3.52369, 0.108912)  ( 3.51701, 0.125567) 
46   ( 3.31629, 0.0349868)  ( 3.3137, 0.0205563) 
47   ( 3.33641, 0.0661521)  ( 3.31629, 0.0349868) 
46   ( 3.3542, 0.0767809)  ( 3.33641, 0.0661521) 
46   ( 3.35852, 0.0794565)  ( 3.3542, 0.0767809) 
47   ( 3.38948, 0.0774902)  ( 3.35852, 0.0794565) 
47   ( 3.40453, 0.0766899)  ( 3.38948, 0.0774902) 
49   ( 3.21547, -0.0810234)  ( 3.23272, -0.0944386) 
49   ( 3.23334, -0.0392265)  ( 3.21547, -0.0810234) 
49   ( 3.26052, -0.0275756)  ( 3.23334, -0.0392265) 
49   ( 3.27156, -0.0225028)  ( 3.26052, -0.0275756) 
46   ( 3.17628, -0.18312)  ( 3.19138, -0.207765) 
45   ( 3.1968, -0.148543)  ( 3.17628, -0.18312) 
47   ( 3.16438, -0.252132)  ( 3.17704, -0.273394) 
47   ( 3.16935, -0.239084)  ( 3.16438, -0.252132) 
47   ( 3.18447, -0.223857)  ( 3.16935, -0.239084) 
47   ( 3.15094, -0.305561)  ( 3.15918, -0.326862) 
47   ( 3.15401, -0.296509)  ( 3.15094, -0.305561) 
47   ( 3.17299, -0.286962)  ( 3.15401, -0.296509) 
47   ( 3.12798, -0.356088)  ( 3.13046, -0.377629) 
47   ( 3.13182, -0.345862)  ( 3.12798, -0.356088) 
47   ( 3.15606, -0.335093)  ( 3.13182, -0.345862) 
46   ( 3.0902, -0.421616)  ( 3.08779, -0.442056) 
46   ( 3.09679, -0.401868)  ( 3.0902, -0.421616) 
46   ( 3.1251, -0.391401)  ( 3.09679, -0.401868) 
47   ( 3.04505, -0.502444)  ( 3.04575, -0.528754) 
47   ( 3.05318, -0.480265)  ( 3.04505, -0.502444) 
47   ( 3.08001, -0.465094)  ( 3.05318, -0.480265) 
47   ( 3.00739, -0.594102)  ( 3.02022, -0.617846) 
47   ( 3.02045, -0.567841)  ( 3.00739, -0.594102) 
47   ( 3.03485, -0.553272)  ( 3.02045, -0.567841) 
47   ( 2.99139, -0.666062)  ( 3.00473, -0.689585) 
47   ( 2.99805, -0.652319)  ( 2.99139, -0.666062) 
47   ( 3.00923, -0.639425)  ( 2.99805, -0.652319) 
43   ( 2.97927, -0.722456)  ( 2.99041, -0.74) 
47   ( 2.98389, -0.710882)  ( 2.97927, -0.722456) 
47   ( 2.99949, -0.702491)  ( 2.98389, -0.710882) 
45   ( 2.96241, -0.767399)  ( 2.9692, -0.78652) 
47   ( 2.96692, -0.757303)  ( 2.96241, -0.767399) 
47   ( 2.98584, -0.752009)  ( 2.96692, -0.757303) 
46   ( 2.93888, -0.80868)  ( 2.94231, -0.830438) 
46   ( 2.94317, -0.801818)  ( 2.93888, -0.80868) 
47   ( 2.96453, -0.795351)  ( 2.94317, -0.801818) 
47   ( 2.90788, -0.850065)  ( 2.90935, -0.869807) 
46   ( 2.9146, -0.841503)  ( 2.90788, -0.850065) 
46   ( 2.93616, -0.838921)  ( 2.9146, -0.841503) 
47   ( 2.86847, -0.888821)  ( 2.86332, -0.907943) 
47   ( 2.87609, -0.879384)  ( 2.86847, -0.888821) 
47   ( 2.90119, -0.879565)  ( 2.87609, -0.879384) 
47   ( 2.81294, -0.932956)  ( 2.80345, -0.951532) 
47   ( 2.82453, -0.918964)  ( 2.81294, -0.932956) 
47   ( 2.85415, -0.919089)  ( 2.82453, -0.918964) 
45   ( 2.74191, -0.989875)  ( 2.74252, -1.0079) 
46   ( 2.75802, -0.96938)  ( 2.74191, -0.989875) 
46   ( 2.77111, -0.964967)  ( 2.75802, -0.96938) 
47   ( 2.78996, -0.966206)  ( 2.77111, -0.964967) 
45   ( 2.68087, -1.03726)  ( 2.68972, -1.06853) 
44   ( 2.68616, -1.0305)  ( 2.68087, -1.03726) 
44   ( 2.71502, -1.02609)  ( 2.68616, -1.0305) 
45   ( 2.72315, -1.02299)  ( 2.71502, -1.02609) 
44   ( 2.64866, -1.0965)  ( 2.65151, -1.11285) 
44   ( 2.65407, -1.08634)  ( 2.64866, -1.0965) 
45   ( 2.66842, -1.07994)  ( 2.65407, -1.08634) 
45   ( 2.67746, -1.07704)  ( 2.66842, -1.07994) 
45   ( 2.61604, -1.12589)  ( 2.61571, -1.14323) 
44   ( 2.61942, -1.1192)  ( 2.61604, -1.12589) 
44   ( 2.62729, -1.11708)  ( 2.61942, -1.1192) 
45   ( 2.64237, -1.11976)  ( 2.62729, -1.11708) 
45   ( 2.57787, -1.15582)  ( 2.57412, -1.16728) 
45   ( 2.58042, -1.14912)  ( 2.57787, -1.15582) 
45   ( 2.59376, -1.14455)  ( 2.58042, -1.14912) 
45   ( 2.60704, -1.14917)  ( 2.59376, -1.14455) 
45   ( 2.53874, -1.17267)  ( 2.53621, -1.18911) 
45   ( 2.55401, -1.16818)  ( 2.53874, -1.17267) 
45   ( 2.56602, -1.17134)  ( 2.55401, -1.16818) 
44   ( 2.4963, -1.19663)  ( 2.50221, -1.21113) 
44   ( 2.51466, -1.19933)  ( 2.4963, -1.19663) 
45   ( 3.7987, 0.106911)  ( 3.79072, 0.0851058) 
44   ( 3.81328, 0.109505)  ( 3.7987, 0.106911) 
45   ( 3.82648, 0.101193)  ( 3.81328, 0.109505) 
47   ( 3.74855, 0.0978457)  ( 3.73417, 0.0840347) 
47   ( 3.76301, 0.0992772)  ( 3.74855, 0.0978457) 
46   ( 3.77726, 0.082986)  ( 3.76301, 0.0992772) 
45   ( 3.68951, 0.102765)  ( 3.6764, 0.0886162) 
44   ( 3.7063, 0.101522)  ( 3.68951, 0.102765) 
44   ( 3.7227, 0.0844384)  ( 3.7063, 0.101522) 
46   ( 3.61397, 0.109881)  ( 3.60579, 0.0928292) 
45   ( 3.64408, 0.105894)  ( 3.61397, 0.109881) 
46   ( 3.64978, 0.0917992)  ( 3.64408, 0.105894) 
46   ( 3.52369, 0.108912)  ( 3.51922, 0.0944946) 
45   ( 3.56657, 0.110391)  ( 3.52369, 0.108912) 
46   ( 3.57225, 0.0955438)  ( 3.56657, 0.110391) 
47   ( 3.40453, 0.0766899)  ( 3.38727, 0.0578982) 
47   ( 3.44821, 0.0975256)  ( 3.40453, 0.0766899) 
47   ( 3.46931, 0.0844031)  ( 3.44821, 0.0975256) 
49   ( 3.27156, -0.0225028)  ( 3.27593, -0.0441641) 
47   ( 3.3137, 0.0205563)  ( 3.27156, -0.0225028) 
46   ( 3.34042, 0.0242026)  ( 3.3137, 0.0205563) 
46   ( 3.1968, -0.148543)  ( 3.22061, -0.156016) 
46   ( 3.19932, -0.144061)  ( 3.1968, -0.148543) 
46   ( 3.23099, -0.09926)  ( 3.19932, -0.144061) 
47   ( 3.18447, -0.223857)  ( 3.19874, -0.245785) 
47   ( 3.19138, -0.207765)  ( 3.18447, -0.223857) 
47   ( 3.20314, -0.191793)  ( 3.19138, -0.207765) 
47   ( 3.17299, -0.286962)  ( 3.18442, -0.305221) 
47   ( 3.17704, -0.273394)  ( 3.17299, -0.286962) 
47   ( 3.19315, -0.265486)  ( 3.17704, -0.273394) 
47   ( 3.15606, -0.335093)  ( 3.16199, -0.356343) 
47   ( 3.15918, -0.326862)  ( 3.15606, -0.335093) 
47   ( 3.18077, -0.316972)  ( 3.15918, -0.326862) 
45   ( 3.1251, -0.391401)  ( 3.1241, -0.413108) 
46   ( 3.13046, -0.377629)  ( 3.1251, -0.391401) 
47   ( 3.15652, -0.368743)  ( 3.13046, -0.377629) 
47   ( 3.08001, -0.465094)  ( 3.07601, -0.488527) 
47   ( 3.08779, -0.442056)  ( 3.08001, -0.465094) 
47   ( 3.11754, -0.430351)  ( 3.08779, -0.442056) 
47   ( 3.03485, -0.553272)  ( 3.04332, -0.577216) 
47   ( 3.04575, -0.528754)  ( 3.03485, -0.553272) 
46   ( 3.0675, -0.511087)  ( 3.04575, -0.528754) 
46   ( 3.00923, -0.639425)  ( 3.0242, -0.664239) 
47   ( 3.02022, -0.617846)  ( 3.00923, -0.639425) 
47   ( 3.02815, -0.606667)  ( 3.02022, -0.617846) 
47   ( 2.99949, -0.702491)  ( 3.01274, -0.721107) 
47   ( 3.00473, -0.689585)  ( 2.99949, -0.702491) 
47   ( 3.01827, -0.677938)  ( 3.00473, -0.689585) 
47   ( 2.98584, -0.752009)  ( 2.99487, -0.768744) 
43   ( 2.99041, -0.74)  ( 2.98584, -0.752009) 
43   ( 3.00821, -0.734432)  ( 2.99041, -0.74) 
47   ( 2.96453, -0.795351)  ( 2.96884, -0.816917) 
45   ( 2.9692, -0.78652)  ( 2.96453, -0.795351) 
45   ( 2.98956, -0.780714)  ( 2.9692, -0.78652) 
47   ( 2.93616, -0.838921)  ( 2.93926, -0.859795) 
47   ( 2.94231, -0.830438)  ( 2.93616, -0.838921) 
47   ( 2.96372, -0.825065)  ( 2.94231, -0.830438) 
47   ( 2.90119, -0.879565)  ( 2.90056, -0.898447) 
47   ( 2.90935, -0.869807)  ( 2.90119, -0.879565) 
47   ( 2.93146, -0.869516)  ( 2.90935, -0.869807) 
47   ( 2.85415, -0.919089)  ( 2.84547, -0.937062) 
47   ( 2.86332, -0.907943)  ( 2.85415, -0.919089) 
47   ( 2.89119, -0.909304)  ( 2.86332, -0.907943) 
47   ( 2.78996, -0.966206)  ( 2.77971, -0.986996) 
47   ( 2.80345, -0.951532)  ( 2.78996, -0.966206) 
47   ( 2.83373, -0.950671)  ( 2.80345, -0.951532) 
43   ( 2.72315, -1.02299)  ( 2.72268, -1.049) 
44   ( 2.74252, -1.0079)  ( 2.72315, -1.02299) 
44   ( 2.76324, -1.00199)  ( 2.74252, -1.0079) 
45   ( 2.67746, -1.07704)  ( 2.67889, -1.10455) 
45   ( 2.68972, -1.06853)  ( 2.67746, -1.07704) 
45   ( 2.70422, -1.06206)  ( 2.68972, -1.06853) 
45   ( 2.64237, -1.11976)  ( 2.64327, -1.14153) 
45   ( 2.65151, -1.11285)  ( 2.64237, -1.11976) 
45   ( 2.66814, -1.11283)  ( 2.65151, -1.11285) 
45   ( 2.60704, -1.14917)  ( 2.60366, -1.16847) 
45   ( 2.61571, -1.14323)  ( 2.60704, -1.14917) 
45   ( 2.63442, -1.14838)  ( 2.61571, -1.14323) 
45   ( 2.56602, -1.17134)  ( 2.55728, -1.19104) 
45   ( 2.57412, -1.16728)  ( 2.56602, -1.17134) 
45   ( 2.59456, -1.17374)  ( 2.57412, -1.16728) 
45   ( 2.51466, -1.19933)  ( 2.50942, -1.20887) 
43   ( 2.52042, -1.191)  ( 2.51466, -1.19933) 
43   ( 2.53621, -1.18911)  ( 2.52042, -1.191) 
43   ( 2.549, -1.19449)  ( 2.53621, -1.18911) 
45   ( 2.47603, -1.20753)  ( 2.46889, -1.22702) 
45   ( 2.49584, -1.21513)  ( 2.47603, -1.20753) 
45   ( 2.43465, -1.22487)  ( 2.43256, -1.24221) 
44   ( 2.4448, -1.23287)  ( 2.43465, -1.22487) 
45   ( 4.06731, 0.215137)  ( 4.07344, 0.166992) 
45   ( 4.08896, 0.231294)  ( 4.06731, 0.215137) 
44   ( 4.11602, 0.22063)  ( 4.08896, 0.231294) 
43   ( 4.1223, 0.202346)  ( 4.11602, 0.22063) 
43   ( 4.0994, 0.168065)  ( 4.1223, 0.202346) 
46   ( 3.82648, 0.101193)  ( 3.82243, 0.0742351) 
45   ( 3.83949, 0.105907)  ( 3.82648, 0.101193) 
46   ( 3.86173, 0.0969015)  ( 3.83949, 0.105907) 
46   ( 3.77726, 0.082986)  ( 3.76359, 0.0665912) 
46   ( 3.79072, 0.0851058)  ( 3.77726, 0.082986) 
46   ( 3.8062, 0.0710534)  ( 3.79072, 0.0851058) 
45   ( 3.7227, 0.0844384)  ( 3.7059, 0.0714835) 
46   ( 3.73417, 0.0840347)  ( 3.7227, 0.0844384) 
47   ( 3.75193, 0.0666652)  ( 3.73417, 0.0840347) 
47   ( 3.64978, 0.0917992)  ( 3.64047, 0.0759323) 
46   ( 3.6764, 0.0886162)  ( 3.64978, 0.0917992) 
46   ( 3.68521, 0.0734741)  ( 3.6764, 0.0886162) 
47   ( 3.57225, 0.0955438)  ( 3.56546, 0.0784039) 
47   ( 3.60579, 0.0928292)  ( 3.57225, 0.0955438) 
47   ( 3.61094, 0.0792315)  ( 3.60579, 0.0928292) 
46   ( 3.46931, 0.0844031)  ( 3.4639, 0.0724664) 
47   ( 3.51922, 0.0944946)  ( 3.46931, 0.0844031) 
47   ( 3.52736, 0.0778951)  ( 3.51922, 0.0944946) 
48   ( 3.34042, 0.0242026)  ( 3.33298, 0.00631929) 
47   ( 3.38727, 0.0578982)  ( 3.34042, 0.0242026) 
47   ( 3.41144, 0.0501975)  ( 3.38727, 0.0578982) 
46   ( 3.23099, -0.09926)  ( 3.24769, -0.107911) 
47   ( 3.23272, -0.0944386)  ( 3.23099, -0.09926) 
49   ( 3.27593, -0.0441641)  ( 3.23272, -0.0944386) 
49   ( 3.28375, -0.0411198)  ( 3.27593, -0.0441641) 
47   ( 3.20314, -0.191793)  ( 3.21968, -0.214015) 
47   ( 3.21629, -0.166864)  ( 3.20314, -0.191793) 
47   ( 3.19315, -0.265486)  ( 3.20752, -0.280243) 
47   ( 3.19874, -0.245785)  ( 3.19315, -0.265486) 
47   ( 3.21188, -0.238557)  ( 3.19874, -0.245785) 
47   ( 3.18077, -0.316972)  ( 3.18934, -0.337471) 
47   ( 3.18442, -0.305221)  ( 3.18077, -0.316972) 
47   ( 3.20365, -0.297558)  ( 3.18442, -0.305221) 
47   ( 3.15652, -0.368743)  ( 3.16092, -0.387548) 
47   ( 3.16199, -0.356343)  ( 3.15652, -0.368743) 
46   ( 3.1854, -0.347108)  ( 3.16199, -0.356343) 
47   ( 3.11754, -0.430351)  ( 3.11271, -0.452191) 
46   ( 3.1241, -0.413108)  ( 3.11754, -0.430351) 
46   ( 3.15229, -0.405963)  ( 3.1241, -0.413108) 
45   ( 3.0675, -0.511087)  ( 3.06756, -0.53566) 
46   ( 3.07601, -0.488527)  ( 3.0675, -0.511087) 
47   ( 3.10493, -0.473135)  ( 3.07601, -0.488527) 
47   ( 3.02815, -0.606667)  ( 3.04845, -0.618493) 
47   ( 3.04332, -0.577216)  ( 3.02815, -0.606667) 
47   ( 3.05372, -0.564944)  ( 3.04332, -0.577216) 
47   ( 3.01827, -0.677938)  ( 3.03383, -0.698579) 
46   ( 3.0242, -0.664239)  ( 3.01827, -0.677938) 
46   ( 3.03442, -0.649618)  ( 3.0242, -0.664239) 
47   ( 3.00821, -0.734432)  ( 3.01947, -0.750213) 
47   ( 3.01274, -0.721107)  ( 3.00821, -0.734432) 
46   ( 3.0286, -0.714993)  ( 3.01274, -0.721107) 
47   ( 2.98956, -0.780714)  ( 2.99557, -0.800161) 
47   ( 2.99487, -0.768744)  ( 2.98956, -0.780714) 
47   ( 3.01437, -0.764027)  ( 2.99487, -0.768744) 
46   ( 2.96372, -0.825065)  ( 2.96681, -0.84755) 
47   ( 2.96884, -0.816917)  ( 2.96372, -0.825065) 
47   ( 2.99041, -0.809574)  ( 2.96884, -0.816917) 
47   ( 2.93146, -0.869516)  ( 2.93391, -0.889452) 
47   ( 2.93926, -0.859795)  ( 2.93146, -0.869516) 
46   ( 2.9604, -0.856611)  ( 2.93926, -0.859795) 
47   ( 2.89119, -0.909304)  ( 2.88715, -0.927007) 
47   ( 2.90056, -0.898447)  ( 2.89119, -0.909304) 
46   ( 2.92461, -0.90018)  ( 2.90056, -0.898447) 
47   ( 2.83373, -0.950671)  ( 2.82189, -0.968206) 
47   ( 2.84547, -0.937062)  ( 2.83373, -0.950671) 
47   ( 2.87577, -0.939762)  ( 2.84547, -0.937062) 
45   ( 2.76324, -1.00199)  ( 2.75832, -1.02505) 
46   ( 2.77971, -0.986996)  ( 2.76324, -1.00199) 
47   ( 2.80736, -0.983262)  ( 2.77971, -0.986996) 
45   ( 2.70422, -1.06206)  ( 2.70671, -1.09084) 
43   ( 2.72268, -1.049)  ( 2.70422, -1.06206) 
43   ( 2.73536, -1.04235)  ( 2.72268, -1.049) 
45   ( 2.66814, -1.11283)  ( 2.67132, -1.13657) 
45   ( 2.67889, -1.10455)  ( 2.66814, -1.11283) 
45   ( 2.69447, -1.10024)  ( 2.67889, -1.10455) 
45   ( 2.63442, -1.14838)  ( 2.63355, -1.16794) 
45   ( 2.64327, -1.14153)  ( 2.63442, -1.14838) 
45   ( 2.66126, -1.14524)  ( 2.64327, -1.14153) 
44   ( 2.59456, -1.17374)  ( 2.5873, -1.19355) 
45   ( 2.60366, -1.16847)  ( 2.59456, -1.17374) 
44   ( 2.6233, -1.17488)  ( 2.60366, -1.16847) 
43   ( 2.549, -1.19449)  ( 2.53834, -1.21414) 
43   ( 2.55728, -1.19104)  ( 2.549, -1.19449) 
45   ( 2.57876, -1.19758)  ( 2.55728, -1.19104) 
45   ( 2.49584, -1.21513)  ( 2.48826, -1.23031) 
45   ( 2.50221, -1.21113)  ( 2.49584, -1.21513) 
45   ( 2.50942, -1.20887)  ( 2.50221, -1.21113) 
45   ( 2.52963, -1.21729)  ( 2.50942, -1.20887) 
44   ( 2.4448, -1.23287)  ( 2.43939, -1.24135) 
44   ( 2.45842, -1.22401)  ( 2.4448, -1.23287) 
45   ( 2.46889, -1.22702)  ( 2.45842, -1.22401) 
45   ( 2.47954, -1.23261)  ( 2.46889, -1.22702) 
45   ( 2.39545, -1.24117)  ( 2.38765, -1.24932) 
45   ( 2.41446, -1.23613)  ( 2.39545, -1.24117) 
44   ( 2.4245, -1.24474)  ( 2.41446, -1.23613) 
44   ( 2.35207, -1.2414)  ( 2.34288, -1.25383) 
44   ( 2.36758, -1.24275)  ( 2.35207, -1.2414) 
45   ( 2.37809, -1.24997)  ( 2.36758, -1.24275) 
45   ( 2.30694, -1.23838)  ( 2.29167, -1.25226) 
45   ( 2.31969, -1.25382)  ( 2.30694, -1.23838) 
45   ( 2.24277, -1.23503)  ( 2.23439, -1.24132) 
45   ( 2.26346, -1.23508)  ( 2.24277, -1.23503) 
45   ( 2.26703, -1.24898)  ( 2.26346, -1.23508) 
44   ( 2.19837, -1.22179)  ( 2.1873, -1.23272) 
45   ( 2.21444, -1.23893)  ( 2.19837, -1.22179) 
44   ( 2.1548, -1.20914)  ( 2.13521, -1.21575) 
44   ( 2.16146, -1.22484)  ( 2.1548, -1.20914) 
45   ( 2.09052, -1.18711)  ( 2.08288, -1.19408) 
45   ( 2.10993, -1.19356)  ( 2.09052, -1.18711) 
44   ( 2.1096, -1.20584)  ( 2.10993, -1.19356) 
43   ( 2.04719, -1.16394)  ( 2.033, -1.17017) 
45   ( 2.05844, -1.18301)  ( 2.04719, -1.16394) 
43   ( 2.00526, -1.141)  ( 1.98338, -1.14219) 
43   ( 2.00823, -1.15669)  ( 2.00526, -1.141) 
45   ( 1.94746, -1.10723)  ( 1.93482, -1.11089) 
44   ( 1.9582, -1.11466)  ( 1.94746, -1.10723) 
44   ( 1.95922, -1.12714)  ( 1.9582, -1.11466) 
45   ( 1.90513, -1.07378)  ( 1.88815, -1.07717) 
44   ( 1.91156, -1.0946)  ( 1.90513, -1.07378) 
43   ( 1.8675, -1.0437)  ( 1.84295, -1.04057) 
43   ( 1.86548, -1.05931)  ( 1.8675, -1.0437) 
46   ( 1.81429, -0.996106)  ( 1.79964, -1.00147) 
46   ( 1.82327, -1.02063)  ( 1.81429, -0.996106) 
47   ( 1.78124, -0.963194)  ( 1.75847, -0.960027) 
47   ( 1.77891, -0.981177)  ( 1.78124, -0.963194) 
47   ( 1.73573, -0.912868)  ( 1.71979, -0.916385) 
46   ( 1.74626, -0.93055)  ( 1.73573, -0.912868) 
46   ( 1.74189, -0.938473)  ( 1.74626, -0.93055) 
46   ( 1.69363, -0.86576)  ( 1.68405, -0.868375) 
46   ( 1.70821, -0.879006)  ( 1.69363, -0.86576) 
47   ( 1.70162, -0.893938)  ( 1.70821, -0.879006) 
46   ( 1.6707, -0.827697)  ( 1.65066, -0.822505) 
46   ( 1.66704, -0.846995)  ( 1.6707, -0.827697) 
47   ( 1.63711, -0.775638)  ( 1.62017, -0.772249) 
47   ( 1.63517, -0.797786)  ( 1.63711, -0.775638) 
47   ( 1.60679, -0.722716)  ( 1.59226, -0.720024) 
47   ( 1.60599, -0.746516)  ( 1.60679, -0.722716) 
46   ( 1.5791, -0.668857)  ( 1.56522, -0.677979) 
44   ( 1.586, -0.686319)  ( 1.5791, -0.668857) 
44   ( 1.57925, -0.69337)  ( 1.586, -0.686319) 
46   ( 1.55342, -0.61404)  ( 1.53974, -0.620746) 
46   ( 1.54304, -0.628622)  ( 1.55342, -0.61404) 
44   ( 3.97385, 0.146428)  ( 3.9652, 0.113437) 
45   ( 3.99642, 0.168456)  ( 3.97385, 0.146428) 
45   ( 4.02294, 0.179629)  ( 3.99642, 0.168456) 
44   ( 4.06308, 0.16218)  ( 4.02294, 0.179629) 
47   ( 3.86173, 0.0969015)  ( 3.86132, 0.0669896) 
46   ( 3.86828, 0.102504)  ( 3.86173, 0.0969015) 
45   ( 3.89597, 0.107464)  ( 3.86828, 0.102504) 
46   ( 3.91137, 0.0979177)  ( 3.89597, 0.107464) 
46   ( 3.8062, 0.0710534)  ( 3.79425, 0.0501782) 
46   ( 3.82243, 0.0742351)  ( 3.8062, 0.0710534) 
47   ( 3.83765, 0.0629392)  ( 3.82243, 0.0742351) 
46   ( 3.75193, 0.0666652)  ( 3.73547, 0.053254) 
47   ( 3.76359, 0.0665912)  ( 3.75193, 0.0666652) 
46   ( 3.7801, 0.0497659)  ( 3.76359, 0.0665912) 
47   ( 3.68521, 0.0734741)  ( 3.67278, 0.0597387) 
46   ( 3.7059, 0.0714835)  ( 3.68521, 0.0734741) 
46   ( 3.71801, 0.0550731)  ( 3.7059, 0.0714835) 
47   ( 3.61094, 0.0792315)  ( 3.60287, 0.0620057) 
47   ( 3.64047, 0.0759323)  ( 3.61094, 0.0792315) 
47   ( 3.64726, 0.0620031)  ( 3.64047, 0.0759323) 
47   ( 3.52736, 0.0778951)  ( 3.52282, 0.0621772) 
47   ( 3.56546, 0.0784039)  ( 3.52736, 0.0778951) 
47   ( 3.57166, 0.0636804)  ( 3.56546, 0.0784039) 
47   ( 3.41144, 0.0501975)  ( 3.40684, 0.0395821) 
46   ( 3.4639, 0.0724664)  ( 3.41144, 0.0501975) 
46   ( 3.47733, 0.0547057)  ( 3.4639, 0.0724664) 
48   ( 3.28375, -0.0411198)  ( 3.2919, -0.0566819) 
49   ( 3.33298, 0.00631929)  ( 3.28375, -0.0411198) 
47   ( 3.34815, 0.002075)  ( 3.33298, 0.00631929) 
47   ( 3.21629, -0.166864)  ( 3.24794, -0.162302) 
47   ( 3.22061, -0.156016)  ( 3.21629, -0.166864) 
47   ( 3.24922, -0.114716)  ( 3.22061, -0.156016) 
47   ( 3.21188, -0.238557)  ( 3.22874, -0.253048) 
47   ( 3.21968, -0.214015)  ( 3.21188, -0.238557) 
47   ( 3.23069, -0.201302)  ( 3.21968, -0.214015) 
47   ( 3.20365, -0.297558)  ( 3.21508, -0.312822) 
47   ( 3.20752, -0.280243)  ( 3.20365, -0.297558) 
46   ( 3.2251, -0.273737)  ( 3.20752, -0.280243) 
46   ( 3.1854, -0.347108)  ( 3.19268, -0.367611) 
46   ( 3.18934, -0.337471)  ( 3.1854, -0.347108) 
47   ( 3.21051, -0.328094)  ( 3.18934, -0.337471) 
47   ( 3.15229, -0.405963)  ( 3.15383, -0.422588) 
47   ( 3.16092, -0.387548)  ( 3.15229, -0.405963) 
47   ( 3.18462, -0.383856)  ( 3.16092, -0.387548) 
46   ( 3.10493, -0.473135)  ( 3.0984, -0.496018) 
47   ( 3.11271, -0.452191)  ( 3.10493, -0.473135) 
46   ( 3.14354, -0.44506)  ( 3.11271, -0.452191) 
46   ( 3.05372, -0.564944)  ( 3.0645, -0.587465) 
46   ( 3.06756, -0.53566)  ( 3.05372, -0.564944) 
46   ( 3.08813, -0.520647)  ( 3.06756, -0.53566) 
47   ( 3.03442, -0.649618)  ( 3.05306, -0.670701) 
47   ( 3.04353, -0.630081)  ( 3.03442, -0.649618) 
46   ( 3.0286, -0.714993)  ( 3.04278, -0.730597) 
46   ( 3.03383, -0.698579)  ( 3.0286, -0.714993) 
47   ( 3.04612, -0.692388)  ( 3.03383, -0.698579) 
47   ( 3.01437, -0.764027)  ( 3.02207, -0.781902) 
47   ( 3.01947, -0.750213)  ( 3.01437, -0.764027) 
47   ( 3.03847, -0.745224)  ( 3.01947, -0.750213) 
47   ( 2.99041, -0.809574)  ( 2.99396, -0.831922) 
47   ( 2.99557, -0.800161)  ( 2.99041, -0.809574) 
47   ( 3.01681, -0.792514)  ( 2.99557, -0.800161) 
46   ( 2.9604, -0.856611)  ( 2.96314, -0.878753) 
45   ( 2.96681, -0.84755)  ( 2.9604, -0.856611) 
45   ( 2.9883, -0.841092)  ( 2.96681, -0.84755) 
46   ( 2.92461, -0.90018)  ( 2.92542, -0.919069) 
46   ( 2.93391, -0.889452)  ( 2.92461, -0.90018) 
47   ( 2.95575, -0.888354)  ( 2.93391, -0.889452) 
47   ( 2.87577, -0.939762)  ( 2.86808, -0.954942) 
47   ( 2.88715, -0.927007)  ( 2.87577, -0.939762) 
47   ( 2.91416, -0.931331)  ( 2.88715, -0.927007) 
45   ( 2.80736, -0.983262)  ( 2.79702, -1.0017) 
47   ( 2.82189, -0.968206)  ( 2.80736, -0.983262) 
46   ( 2.8524, -0.971194)  ( 2.82189, -0.968206) 
45   ( 2.73536, -1.04235)  ( 2.74702, -1.06136) 
45   ( 2.75832, -1.02505)  ( 2.73536, -1.04235) 
45   ( 2.77522, -1.02023)  ( 2.75832, -1.02505) 
44   ( 2.69447, -1.10024)  ( 2.70015, -1.1265) 
45   ( 2.70671, -1.09084)  ( 2.69447, -1.10024) 
43   ( 2.721, -1.08187)  ( 2.70671, -1.09084) 
44   ( 2.66126, -1.14524)  ( 2.66326, -1.1656) 
45   ( 2.67132, -1.13657)  ( 2.66126, -1.14524) 
45   ( 2.68715, -1.13858)  ( 2.67132, -1.13657) 
44   ( 2.6233, -1.17488)  ( 2.61812, -1.19448) 
44   ( 2.63355, -1.16794)  ( 2.6233, -1.17488) 
45   ( 2.65269, -1.17399)  ( 2.63355, -1.16794) 
45   ( 2.57876, -1.19758)  ( 2.56878, -1.21771) 
44   ( 2.5873, -1.19355)  ( 2.57876, -1.19758) 
44   ( 2.60923, -1.19919)  ( 2.5873, -1.19355) 
45   ( 2.52963, -1.21729)  ( 2.51789, -1.23655) 
45   ( 2.53834, -1.21414)  ( 2.52963, -1.21729) 
45   ( 2.55971, -1.22142)  ( 2.53834, -1.21414) 
45   ( 2.47954, -1.23261)  ( 2.46627, -1.25073) 
45   ( 2.48826, -1.23031)  ( 2.47954, -1.23261) 
45   ( 2.50875, -1.23942)  ( 2.48826, -1.23031) 
43   ( 2.4245, -1.24474)  ( 2.4143, -1.25989) 
44   ( 2.43256, -1.24221)  ( 2.4245, -1.24474) 
45   ( 2.43939, -1.24135)  ( 2.43256, -1.24221) 
44   ( 2.45714, -1.2527)  ( 2.43939, -1.24135) 
44   ( 2.37809, -1.24997)  ( 2.3621, -1.26375) 
45   ( 2.38765, -1.24932)  ( 2.37809, -1.24997) 
45   ( 2.40522, -1.26092)  ( 2.38765, -1.24932) 
45   ( 2.31969, -1.25382)  ( 2.30942, -1.26238) 
45   ( 2.32839, -1.24907)  ( 2.31969, -1.25382) 
45   ( 2.34288, -1.25383)  ( 2.32839, -1.24907) 
45   ( 2.35286, -1.26385)  ( 2.34288, -1.25383) 
45   ( 2.26703, -1.24898)  ( 2.25647, -1.25597) 
45   ( 2.28447, -1.24621)  ( 2.26703, -1.24898) 
45   ( 2.29167, -1.25226)  ( 2.28447, -1.24621) 
45   ( 2.29995, -1.26155)  ( 2.29167, -1.25226) 
45   ( 2.21444, -1.23893)  ( 2.20354, -1.24478) 
45   ( 2.22253, -1.23792)  ( 2.21444, -1.23893) 
45   ( 2.23439, -1.24132)  ( 2.22253, -1.23792) 
45   ( 2.24676, -1.25421)  ( 2.23439, -1.24132) 
45   ( 2.16146, -1.22484)  ( 2.15091, -1.22914) 
45   ( 2.17458, -1.22274)  ( 2.16146, -1.22484) 
44   ( 2.1873, -1.23272)  ( 2.17458, -1.22274) 
43   ( 2.1936, -1.24209)  ( 2.1873, -1.23272) 
43   ( 2.1096, -1.20584)  ( 2.09883, -1.2094) 
43   ( 2.1304, -1.20887)  ( 2.1096, -1.20584) 
44   ( 2.13521, -1.21575)  ( 2.1304, -1.20887) 
45   ( 2.14074, -1.22553)  ( 2.13521, -1.21575) 
45   ( 2.05844, -1.18301)  ( 2.04754, -1.18591) 
45   ( 2.06581, -1.18222)  ( 2.05844, -1.18301) 
45   ( 2.08288, -1.19408)  ( 2.06581, -1.18222) 
45   ( 2.08847, -1.20489)  ( 2.08288, -1.19408) 
45   ( 2.00823, -1.15669)  ( 1.99726, -1.15896) 
45   ( 2.02322, -1.15808)  ( 2.00823, -1.15669) 
43   ( 2.033, -1.17017)  ( 2.02322, -1.15808) 
43   ( 2.03706, -1.18051)  ( 2.033, -1.17017) 
45   ( 1.95922, -1.12714)  ( 1.94818, -1.12881) 
45   ( 1.98051, -1.13527)  ( 1.95922, -1.12714) 
45   ( 1.98338, -1.14219)  ( 1.98051, -1.13527) 
45   ( 1.98674, -1.15271)  ( 1.98338, -1.14219) 
44   ( 1.91156, -1.0946)  ( 1.90049, -1.09569) 
44   ( 1.92012, -1.09477)  ( 1.91156, -1.0946) 
45   ( 1.93482, -1.11089)  ( 1.92012, -1.09477) 
45   ( 1.93773, -1.12177)  ( 1.93482, -1.11089) 
45   ( 1.86548, -1.05931)  ( 1.85438, -1.05981) 
45   ( 1.88189, -1.06422)  ( 1.86548, -1.05931) 
45   ( 1.88815, -1.07717)  ( 1.88189, -1.06422) 
45   ( 1.89024, -1.08794)  ( 1.88815, -1.07717) 
45   ( 1.82327, -1.02063)  ( 1.81005, -1.02134) 
45   ( 1.82802, -1.02304)  ( 1.82327, -1.02063) 
45   ( 1.83964, -1.03304)  ( 1.82802, -1.02304) 
45   ( 1.84295, -1.04057)  ( 1.83964, -1.03304) 
45   ( 1.84445, -1.05144)  ( 1.84295, -1.04057) 
47   ( 1.77891, -0.981177)  ( 1.76774, -0.980414) 
47   ( 1.79208, -0.985191)  ( 1.77891, -0.981177) 
46   ( 1.79964, -1.00147)  ( 1.79208, -0.985191) 
45   ( 1.80057, -1.01243)  ( 1.79964, -1.00147) 
47   ( 1.74189, -0.938473)  ( 1.72776, -0.937164) 
47   ( 1.75768, -0.952752)  ( 1.74189, -0.938473) 
47   ( 1.75847, -0.960027)  ( 1.75768, -0.952752) 
47   ( 1.75885, -0.971091)  ( 1.75847, -0.960027) 
47   ( 1.70162, -0.893938)  ( 1.69045, -0.891678) 
47   ( 1.71535, -0.901125)  ( 1.70162, -0.893938) 
47   ( 1.71979, -0.916385)  ( 1.71535, -0.901125) 
47   ( 1.71958, -0.927545)  ( 1.71979, -0.916385) 
47   ( 1.66704, -0.846995)  ( 1.65596, -0.843944) 
47   ( 1.67562, -0.851203)  ( 1.66704, -0.846995) 
47   ( 1.68405, -0.868375)  ( 1.67562, -0.851203) 
47   ( 1.68302, -0.881798)  ( 1.68405, -0.868375) 
47   ( 1.63517, -0.797786)  ( 1.62424, -0.793963) 
47   ( 1.64123, -0.801791)  ( 1.63517, -0.797786) 
47   ( 1.64905, -0.813334)  ( 1.64123, -0.801791) 
47   ( 1.65066, -0.822505)  ( 1.64905, -0.813334) 
47   ( 1.64923, -0.833793)  ( 1.65066, -0.822505) 
47   ( 1.60599, -0.746516)  ( 1.59524, -0.741983) 
46   ( 1.60945, -0.74783)  ( 1.60599, -0.746516) 
46   ( 1.61923, -0.761698)  ( 1.60945, -0.74783) 
47   ( 1.62017, -0.772249)  ( 1.61923, -0.761698) 
47   ( 1.61819, -0.783583)  ( 1.62017, -0.772249) 
46   ( 1.57925, -0.69337)  ( 1.56963, -0.689634) 
46   ( 1.59117, -0.708059)  ( 1.57925, -0.69337) 
47   ( 1.59226, -0.720024)  ( 1.59117, -0.708059) 
47   ( 1.58977, -0.731375)  ( 1.59226, -0.720024) 
47   ( 1.55573, -0.639298)  ( 1.54553, -0.635726) 
46   ( 1.56518, -0.65308)  ( 1.55573, -0.639298) 
46   ( 1.56103, -0.672235)  ( 1.56518, -0.65308) 
46   ( 1.53176, -0.583366)  ( 1.52172, -0.57968) 
47   ( 1.54123, -0.597282)  ( 1.53176, -0.583366) 
47   ( 1.53544, -0.616301)  ( 1.54123, -0.597282) 
47   ( 1.50888, -0.526414)  ( 1.49911, -0.524151) 
47   ( 1.51871, -0.540562)  ( 1.50888, -0.526414) 
47   ( 1.51084, -0.558992)  ( 1.51871, -0.540562) 
47   ( 1.48645, -0.468583)  ( 1.47669, -0.467979) 
47   ( 1.49704, -0.482938)  ( 1.48645, -0.468583) 
46   ( 1.4867, -0.500574)  ( 1.49704, -0.482938) 
47   ( 1.47441, -0.424938)  ( 1.45348, -0.411355) 
47   ( 1.46379, -0.441504)  ( 1.47441, -0.424938) 
47   ( 1.45015, -0.366651)  ( 1.43058, -0.352397) 
47   ( 1.44189, -0.382114)  ( 1.45015, -0.366651) 
46   ( 1.42443, -0.307872)  ( 1.4073, -0.309028) 
47   ( 1.40989, -0.314731)  ( 1.42443, -0.307872) 
47   ( 1.39675, -0.249003)  ( 1.38095, -0.250367) 
47   ( 1.38369, -0.255972)  ( 1.39675, -0.249003) 
46   ( 4.27743, 0.129514)  ( 4.25491, 0.0973072) 
45   ( 4.29216, 0.133335)  ( 4.27743, 0.129514) 
45   ( 4.32007, 0.148508)  ( 4.29216, 0.133335) 
45   ( 4.33223, 0.144078)  ( 4.32007, 0.148508) 
46   ( 4.36245, 0.0926135)  ( 4.33223, 0.144078) 
44   ( 4.06308, 0.16218)  ( 4.03085, 0.101425) 
44   ( 4.07344, 0.166992)  ( 4.06308, 0.16218) 
44   ( 4.0994, 0.168065)  ( 4.07344, 0.166992) 
44   ( 4.12594, 0.152483)  ( 4.0994, 0.168065) 
45   ( 4.14465, 0.134014)  ( 4.12594, 0.152483) 
44   ( 4.1555, 0.101969)  ( 4.14465, 0.134014) 
46   ( 3.91137, 0.0979177)  ( 3.9062, 0.0592189) 
46   ( 3.94615, 0.113792)  ( 3.91137, 0.0979177) 
44   ( 3.9652, 0.113437)  ( 3.94615, 0.113792) 
44   ( 3.99735, 0.102324)  ( 3.9652, 0.113437) 
47   ( 3.83765, 0.0629392)  ( 3.82564, 0.0350961) 
47   ( 3.86132, 0.0669896)  ( 3.83765, 0.0629392) 
47   ( 3.87606, 0.0569327)  ( 3.86132, 0.0669896) 
45   ( 3.7801, 0.0497659)  ( 3.76387, 0.034961) 
46   ( 3.79425, 0.0501782)  ( 3.7801, 0.0497659) 
47   ( 3.81001, 0.0344534)  ( 3.79425, 0.0501782) 
47   ( 3.71801, 0.0550731)  ( 3.70416, 0.0419373) 
46   ( 3.73547, 0.053254)  ( 3.71801, 0.0550731) 
46   ( 3.74921, 0.0364082)  ( 3.73547, 0.053254) 
47   ( 3.64726, 0.0620031)  ( 3.63709, 0.0473551) 
47   ( 3.67278, 0.0597387)  ( 3.64726, 0.0620031) 
47   ( 3.68104, 0.0447277)  ( 3.67278, 0.0597387) 
46   ( 3.57166, 0.0636804)  ( 3.56451, 0.045951) 
47   ( 3.60287, 0.0620057)  ( 3.57166, 0.0636804) 
47   ( 3.60991, 0.0484983)  ( 3.60287, 0.0620057) 
47   ( 3.47733, 0.0547057)  ( 3.47559, 0.0421488) 
47   ( 3.52282, 0.0621772)  ( 3.47733, 0.0547057) 
46   ( 3.5312, 0.0443678)  ( 3.52282, 0.0621772) 
47   ( 3.34815, 0.002075)  ( 3.35218, -0.0113916) 
46   ( 3.40684, 0.0395821)  ( 3.34815, 0.002075) 
47   ( 3.42039, 0.0237885)  ( 3.40684, 0.0395821) 
46   ( 3.24922, -0.114716)  ( 3.26814, -0.12099) 
47   ( 3.24769, -0.107911)  ( 3.24922, -0.114716) 
47   ( 3.2941, -0.0611601)  ( 3.24769, -0.107911) 
47   ( 3.23069, -0.201302)  ( 3.24871, -0.221061) 
47   ( 3.23965, -0.180404)  ( 3.23069, -0.201302) 
46   ( 3.2251, -0.273737)  ( 3.23923, -0.286701) 
46   ( 3.22874, -0.253048)  ( 3.2251, -0.273737) 
45   ( 3.24475, -0.2469)  ( 3.22874, -0.253048) 
47   ( 3.21051, -0.328094)  ( 3.21869, -0.348133) 
47   ( 3.21508, -0.312822)  ( 3.21051, -0.328094) 
46   ( 3.2347, -0.305816)  ( 3.21508, -0.312822) 
47   ( 3.18462, -0.383856)  ( 3.19164, -0.401447) 
47   ( 3.19268, -0.367611)  ( 3.18462, -0.383856) 
47   ( 3.21406, -0.359575)  ( 3.19268, -0.367611) 
46   ( 3.14354, -0.44506)  ( 3.14238, -0.458294) 
46   ( 3.15383, -0.422588)  ( 3.14354, -0.44506) 
47   ( 3.18139, -0.421479)  ( 3.15383, -0.422588) 
46   ( 3.08813, -0.520647)  ( 3.08904, -0.54174) 
46   ( 3.0984, -0.496018)  ( 3.08813, -0.520647) 
46   ( 3.12674, -0.490022)  ( 3.0984, -0.496018) 
46   ( 3.04353, -0.630081)  ( 3.06941, -0.63784) 
47   ( 3.04845, -0.618493)  ( 3.04353, -0.630081) 
46   ( 3.0645, -0.587465)  ( 3.04845, -0.618493) 
46   ( 3.07049, -0.577732)  ( 3.0645, -0.587465) 
47   ( 3.04612, -0.692388)  ( 3.06459, -0.707728) 
47   ( 3.05306, -0.670701)  ( 3.04612, -0.692388) 
47   ( 3.06078, -0.663072)  ( 3.05306, -0.670701) 
47   ( 3.03847, -0.745224)  ( 3.04824, -0.762169) 
47   ( 3.04278, -0.730597)  ( 3.03847, -0.745224) 
47   ( 3.06104, -0.724089)  ( 3.04278, -0.730597) 
47   ( 3.01681, -0.792514)  ( 3.02125, -0.814358) 
47   ( 3.02207, -0.781902)  ( 3.01681, -0.792514) 
47   ( 3.04277, -0.774568)  ( 3.02207, -0.781902) 
46   ( 2.9883, -0.841092)  ( 2.99082, -0.864156) 
46   ( 2.99396, -0.831922)  ( 2.9883, -0.841092) 
47   ( 3.01574, -0.823835)  ( 2.99396, -0.831922) 
46   ( 2.95575, -0.888354)  ( 2.9578, -0.910287) 
47   ( 2.96314, -0.878753)  ( 2.95575, -0.888354) 
47   ( 2.98481, -0.873334)  ( 2.96314, -0.878753) 
47   ( 2.91416, -0.931331)  ( 2.91265, -0.947711) 
47   ( 2.92542, -0.919069)  ( 2.91416, -0.931331) 
46   ( 2.94948, -0.92037)  ( 2.92542, -0.919069) 
46   ( 2.8524, -0.971194)  ( 2.84528, -0.982721) 
46   ( 2.86808, -0.954942)  ( 2.8524, -0.971194) 
47   ( 2.89663, -0.963898)  ( 2.86808, -0.954942) 
45   ( 2.77522, -1.02023)  ( 2.77234, -1.04254) 
44   ( 2.79702, -1.0017)  ( 2.77522, -1.02023) 
44   ( 2.81884, -1.00549)  ( 2.79702, -1.0017) 
43   ( 2.721, -1.08187)  ( 2.72961, -1.10898) 
43   ( 2.73771, -1.06892)  ( 2.721, -1.08187) 
45   ( 2.68715, -1.13858)  ( 2.69307, -1.16056) 
44   ( 2.70015, -1.1265)  ( 2.68715, -1.13858) 
44   ( 2.71167, -1.12698)  ( 2.70015, -1.1265) 
45   ( 2.65269, -1.17399)  ( 2.64947, -1.19385) 
44   ( 2.66326, -1.1656)  ( 2.65269, -1.17399) 
44   ( 2.68248, -1.17054)  ( 2.66326, -1.1656) 
45   ( 2.60923, -1.19919)  ( 2.59997, -1.21979) 
45   ( 2.61812, -1.19448)  ( 2.60923, -1.19919) 
45   ( 2.64018, -1.19936)  ( 2.61812, -1.19448) 
45   ( 2.55971, -1.22142)  ( 2.54853, -1.24125) 
45   ( 2.56878, -1.21771)  ( 2.55971, -1.22142) 
45   ( 2.59066, -1.22403)  ( 2.56878, -1.21771) 
45   ( 2.50875, -1.23942)  ( 2.49606, -1.25819) 
45   ( 2.51789, -1.23655)  ( 2.50875, -1.23942) 
45   ( 2.53908, -1.24467)  ( 2.51789, -1.23655) 
43   ( 2.45714, -1.2527)  ( 2.44291, -1.2702) 
44   ( 2.46627, -1.25073)  ( 2.45714, -1.2527) 
45   ( 2.48652, -1.26071)  ( 2.46627, -1.25073) 
44   ( 2.40522, -1.26092)  ( 2.38941, -1.2769) 
44   ( 2.4143, -1.25989)  ( 2.40522, -1.26092) 
44   ( 2.43336, -1.27177)  ( 2.4143, -1.25989) 
45   ( 2.35286, -1.26385)  ( 2.33551, -1.27817) 
44   ( 2.3621, -1.26375)  ( 2.35286, -1.26385) 
43   ( 2.37979, -1.2775)  ( 2.3621, -1.26375) 
45   ( 2.29995, -1.26155)  ( 2.28127, -1.27415) 
45   ( 2.30942, -1.26238)  ( 2.29995, -1.26155) 
45   ( 2.32568, -1.27779)  ( 2.30942, -1.26238) 
45   ( 2.24676, -1.25421)  ( 2.22701, -1.26509) 
45   ( 2.25647, -1.25597)  ( 2.24676, -1.25421) 
44   ( 2.27123, -1.2728)  ( 2.25647, -1.25597) 
44   ( 2.1936, -1.24209)  ( 2.17305, -1.25134) 
44   ( 2.20354, -1.24478)  ( 2.1936, -1.24209) 
45   ( 2.21678, -1.26279)  ( 2.20354, -1.24478) 
45   ( 2.14074, -1.22553)  ( 2.11966, -1.23326) 
45   ( 2.15091, -1.22914)  ( 2.14074, -1.22553) 
45   ( 2.16262, -1.24809)  ( 2.15091, -1.22914) 
45   ( 2.08847, -1.20489)  ( 2.06705, -1.21124) 
44   ( 2.09883, -1.2094)  ( 2.08847, -1.20489) 
44   ( 2.10903, -1.22908)  ( 2.09883, -1.2094) 
45   ( 2.03706, -1.18051)  ( 2.01543, -1.18558) 
45   ( 2.04754, -1.18591)  ( 2.03706, -1.18051) 
45   ( 2.05627, -1.20613)  ( 2.04754, -1.18591) 
45   ( 1.98674, -1.15271)  ( 1.96499, -1.15659) 
45   ( 1.99726, -1.15896)  ( 1.98674, -1.15271) 
45   ( 2.00458, -1.17959)  ( 1.99726, -1.15896) 
44   ( 1.93773, -1.12177)  ( 1.9159, -1.12449) 
45   ( 1.94818, -1.12881)  ( 1.93773, -1.12177) 
45   ( 1.95417, -1.14975)  ( 1.94818, -1.12881) 
45   ( 1.89024, -1.08794)  ( 1.86834, -1.08952) 
45   ( 1.90049, -1.09569)  ( 1.89024, -1.08794) 
45   ( 1.90523, -1.11689)  ( 1.90049, -1.09569) 
44   ( 1.84445, -1.05144)  ( 1.8225, -1.05184) 
45   ( 1.85438, -1.05981)  ( 1.84445, -1.05144) 
45   ( 1.85793, -1.08123)  ( 1.85438, -1.05981) 
45   ( 1.80057, -1.01243)  ( 1.77857, -1.01161) 
45   ( 1.81005, -1.02134)  ( 1.80057, -1.01243) 
45   ( 1.81248, -1.04295)  ( 1.81005, -1.02134) 
47   ( 1.75885, -0.971091)  ( 1.73682, -0.968943) 
47   ( 1.76774, -0.980414)  ( 1.75885, -0.971091) 
46   ( 1.76907, -1.00222)  ( 1.76774, -0.980414) 
47   ( 1.71958, -0.927545)  ( 1.69756, -0.923938) 
47   ( 1.72776, -0.937164)  ( 1.71958, -0.927545) 
47   ( 1.72797, -0.959176)  ( 1.72776, -0.937164) 
47   ( 1.68302, -0.881798)  ( 1.66111, -0.876628) 
47   ( 1.69045, -0.891678)  ( 1.68302, -0.881798) 
47   ( 1.68951, -0.913904)  ( 1.69045, -0.891678) 
47   ( 1.64923, -0.833793)  ( 1.62752, -0.827048) 
47   ( 1.65596, -0.843944)  ( 1.64923, -0.833793) 
46   ( 1.65384, -0.86636)  ( 1.65596, -0.843944) 
47   ( 1.61819, -0.783583)  ( 1.59674, -0.775321) 
47   ( 1.62424, -0.793963)  ( 1.61819, -0.783583) 
47   ( 1.62096, -0.816517)  ( 1.62424, -0.793963) 
47   ( 1.58977, -0.731375)  ( 1.56866, -0.721754) 
47   ( 1.59524, -0.741983)  ( 1.58977, -0.731375) 
47   ( 1.59086, -0.764589)  ( 1.59524, -0.741983) 
47   ( 1.56103, -0.672235)  ( 1.54293, -0.666571) 
47   ( 1.56522, -0.677979)  ( 1.56103, -0.672235) 
47   ( 1.56963, -0.689634)  ( 1.56522, -0.677979) 
47   ( 1.56335, -0.710826)  ( 1.56963, -0.689634) 
47   ( 1.53544, -0.616301)  ( 1.51914, -0.610056) 
47   ( 1.53974, -0.620746)  ( 1.53544, -0.616301) 
47   ( 1.54304, -0.628622)  ( 1.53974, -0.620746) 
47   ( 1.54553, -0.635726)  ( 1.54304, -0.628622) 
47   ( 1.53808, -0.655448)  ( 1.54553, -0.635726) 
47   ( 1.51084, -0.558992)  ( 1.49675, -0.552462) 
47   ( 1.51779, -0.566313)  ( 1.51084, -0.558992) 
46   ( 1.52172, -0.57968)  ( 1.51779, -0.566313) 
46   ( 1.51462, -0.598755)  ( 1.52172, -0.57968) 
46   ( 1.4867, -0.500574)  ( 1.47516, -0.494027) 
46   ( 1.49507, -0.508015)  ( 1.4867, -0.500574) 
47   ( 1.49911, -0.524151)  ( 1.49507, -0.508015) 
47   ( 1.49244, -0.540993)  ( 1.49911, -0.524151) 
47   ( 1.46379, -0.441504)  ( 1.45372, -0.435019) 
46   ( 1.47276, -0.44894)  ( 1.46379, -0.441504) 
46   ( 1.47669, -0.467979)  ( 1.47276, -0.44894) 
47   ( 1.47094, -0.482428)  ( 1.47669, -0.467979) 
47   ( 1.44189, -0.382114)  ( 1.43176, -0.375687) 
47   ( 1.45114, -0.392736)  ( 1.44189, -0.382114) 
47   ( 1.45461, -0.404231)  ( 1.45114, -0.392736) 
47   ( 1.45348, -0.411355)  ( 1.45461, -0.404231) 
47   ( 1.44944, -0.423313)  ( 1.45348, -0.411355) 
47   ( 1.42734, -0.332828)  ( 1.41055, -0.322665) 
47   ( 1.43131, -0.346092)  ( 1.42734, -0.332828) 
47   ( 1.43058, -0.352397)  ( 1.43131, -0.346092) 
47   ( 1.42728, -0.363911)  ( 1.43058, -0.352397) 
46   ( 1.40173, -0.272936)  ( 1.38441, -0.26525) 
47   ( 1.40634, -0.287539)  ( 1.40173, -0.272936) 
47   ( 1.40094, -0.298709)  ( 1.40634, -0.287539) 
46   ( 1.37408, -0.21377)  ( 1.35649, -0.208673) 
46   ( 1.37933, -0.228907)  ( 1.37408, -0.21377) 
47   ( 1.37357, -0.239838)  ( 1.37933, -0.228907) 
46   ( 1.3444, -0.155759)  ( 1.32676, -0.153039) 
44   ( 1.3502, -0.17052)  ( 1.3444, -0.155759) 
45   ( 1.34411, -0.181877)  ( 1.3502, -0.17052) 
49   ( 1.31277, -0.0993544)  ( 1.29622, -0.0970157) 
48   ( 1.31881, -0.112551)  ( 1.31277, -0.0993544) 
47   ( 1.31245, -0.124959)  ( 1.31881, -0.112551) 
46   ( 1.27924, -0.0445351)  ( 1.26393, -0.0416) 
49   ( 1.28517, -0.0555656)  ( 1.27924, -0.0445351) 
49   ( 1.28027, -0.0690438)  ( 1.28517, -0.0555656) 
47   ( 1.24362, 0.00956439)  ( 1.22939, 0.012581) 
51   ( 1.24982, -0.000737818)  ( 1.24362, 0.00956439) 
51   ( 1.24686, -0.0142044)  ( 1.24982, -0.000737818) 
47   ( 1.20266, 0.0653142)  ( 1.19299, 0.0530671) 
47   ( 1.21506, 0.0482621)  ( 1.20266, 0.0653142) 
47   ( 1.20049, 0.0433859)  ( 1.21506, 0.0482621) 
47   ( 4.36245, 0.0926135)  ( 4.34003, 0.0673228) 
46   ( 4.38774, 0.102718)  ( 4.36245, 0.0926135) 
46   ( 4.43092, 0.0887622)  ( 4.38774, 0.102718) 
47   ( 4.45934, 0.0300892)  ( 4.43092, 0.0887622) 
44   ( 4.1555, 0.101969)  ( 4.1287, 0.0623013) 
44   ( 4.19583, 0.109385)  ( 4.1555, 0.101969) 
45   ( 4.22524, 0.102425)  ( 4.19583, 0.109385) 
46   ( 4.25491, 0.0973072)  ( 4.22524, 0.102425) 
47   ( 4.28046, 0.0646819)  ( 4.25491, 0.0973072) 
46   ( 3.99735, 0.102324)  ( 3.95354, 0.0425838) 
45   ( 4.03085, 0.101425)  ( 3.99735, 0.102324) 
46   ( 4.07139, 0.0708673)  ( 4.03085, 0.101425) 
47   ( 3.87606, 0.0569327)  ( 3.85823, 0.0200124) 
46   ( 3.9062, 0.0592189)  ( 3.87606, 0.0569327) 
46   ( 3.93114, 0.0445163)  ( 3.9062, 0.0592189) 
47   ( 3.81001, 0.0344534)  ( 3.79289, 0.0167546) 
47   ( 3.82564, 0.0350961)  ( 3.81001, 0.0344534) 
47   ( 3.84466, 0.0200324)  ( 3.82564, 0.0350961) 
46   ( 3.74921, 0.0364082)  ( 3.73396, 0.023366) 
46   ( 3.76387, 0.034961)  ( 3.74921, 0.0364082) 
46   ( 3.77958, 0.0179969)  ( 3.76387, 0.034961) 
47   ( 3.68104, 0.0447277)  ( 3.66987, 0.0308449) 
47   ( 3.70416, 0.0419373)  ( 3.68104, 0.0447277) 
47   ( 3.71286, 0.0262298)  ( 3.70416, 0.0419373) 
47   ( 3.60991, 0.0484983)  ( 3.60095, 0.0330908) 
47   ( 3.63709, 0.0473551)  ( 3.60991, 0.0484983) 
47   ( 3.64531, 0.0329606)  ( 3.63709, 0.0473551) 
46   ( 3.5312, 0.0443678)  ( 3.52432, 0.0277259) 
45   ( 3.56451, 0.045951)  ( 3.5312, 0.0443678) 
46   ( 3.57349, 0.0319435)  ( 3.56451, 0.045951) 
45   ( 3.42039, 0.0237885)  ( 3.422, 0.0063536) 
47   ( 3.47559, 0.0421488)  ( 3.42039, 0.0237885) 
47   ( 3.48878, 0.0186937)  ( 3.47559, 0.0421488) 
48   ( 3.2941, -0.0611601)  ( 3.30572, -0.0754349) 
47   ( 3.2919, -0.0566819)  ( 3.2941, -0.0611601) 
48   ( 3.35218, -0.0113916)  ( 3.2919, -0.0566819) 
49   ( 3.35661, -0.0159984)  ( 3.35218, -0.0113916) 
47   ( 3.23965, -0.180404)  ( 3.26825, -0.182615) 
47   ( 3.24794, -0.162302)  ( 3.23965, -0.180404) 
47   ( 3.26351, -0.135154)  ( 3.24794, -0.162302) 
45   ( 3.24475, -0.2469)  ( 3.26266, -0.259473) 
45   ( 3.24871, -0.221061)  ( 3.24475, -0.2469) 
46   ( 3.26365, -0.21483)  ( 3.24871, -0.221061) 
46   ( 3.2347, -0.305816)  ( 3.24408, -0.323668) 
46   ( 3.23923, -0.286701)  ( 3.2347, -0.305816) 
47   ( 3.25832, -0.280271)  ( 3.23923, -0.286701) 
47   ( 3.21406, -0.359575)  ( 3.22032, -0.383026) 
47   ( 3.21869, -0.348133)  ( 3.21406, -0.359575) 
47   ( 3.23955, -0.335894)  ( 3.21869, -0.348133) 
47   ( 3.18139, -0.421479)  ( 3.18587, -0.438501) 
47   ( 3.19164, -0.401447)  ( 3.18139, -0.421479) 
47   ( 3.21551, -0.394939)  ( 3.19164, -0.401447) 
47   ( 3.12674, -0.490022)  ( 3.13048, -0.501489) 
47   ( 3.14238, -0.458294)  ( 3.12674, -0.490022) 
47   ( 3.17427, -0.462166)  ( 3.14238, -0.458294) 
47   ( 3.07049, -0.577732)  ( 3.08447, -0.594494) 
46   ( 3.08904, -0.54174)  ( 3.07049, -0.577732) 
46   ( 3.10131, -0.540242)  ( 3.08904, -0.54174) 
47   ( 3.06078, -0.663072)  ( 3.08739, -0.674825) 
46   ( 3.06941, -0.63784)  ( 3.06078, -0.663072) 
44   ( 3.074, -0.629676)  ( 3.06941, -0.63784) 
46   ( 3.06104, -0.724089)  ( 3.07389, -0.74097) 
47   ( 3.06459, -0.707728)  ( 3.06104, -0.724089) 
46   ( 3.0819, -0.699242)  ( 3.06459, -0.707728) 
47   ( 3.04277, -0.774568)  ( 3.04832, -0.795692) 
47   ( 3.04824, -0.762169)  ( 3.04277, -0.774568) 
47   ( 3.06834, -0.754952)  ( 3.04824, -0.762169) 
47   ( 3.01574, -0.823835)  ( 3.01877, -0.846954) 
47   ( 3.02125, -0.814358)  ( 3.01574, -0.823835) 
47   ( 3.04291, -0.805568)  ( 3.02125, -0.814358) 
47   ( 2.98481, -0.873334)  ( 2.98663, -0.896607) 
47   ( 2.99082, -0.864156)  ( 2.98481, -0.873334) 
47   ( 3.01285, -0.856538)  ( 2.99082, -0.864156) 
46   ( 2.94948, -0.92037)  ( 2.94905, -0.943181) 
45   ( 2.9578, -0.910287)  ( 2.94948, -0.92037) 
46   ( 2.98028, -0.905804)  ( 2.9578, -0.910287) 
47   ( 2.89663, -0.963898)  ( 2.89513, -0.975845) 
47   ( 2.91265, -0.947711)  ( 2.89663, -0.963898) 
47   ( 2.94113, -0.952749)  ( 2.91265, -0.947711) 
45   ( 2.81884, -1.00549)  ( 2.81888, -1.01869) 
46   ( 2.84528, -0.982721)  ( 2.81884, -1.00549) 
47   ( 2.86827, -0.998221)  ( 2.84528, -0.982721) 
42   ( 2.73771, -1.06892)  ( 2.7591, -1.084) 
45   ( 2.74702, -1.06136)  ( 2.73771, -1.06892) 
45   ( 2.77234, -1.04254)  ( 2.74702, -1.06136) 
45   ( 2.78331, -1.04197)  ( 2.77234, -1.04254) 
45   ( 2.71167, -1.12698)  ( 2.72489, -1.15049) 
45   ( 2.72961, -1.10898)  ( 2.71167, -1.12698) 
45   ( 2.73777, -1.10929)  ( 2.72961, -1.10898) 
44   ( 2.68248, -1.17054)  ( 2.6814, -1.19148) 
45   ( 2.69307, -1.16056)  ( 2.68248, -1.17054) 
45   ( 2.71272, -1.16306)  ( 2.69307, -1.16056) 
45   ( 2.64018, -1.19936)  ( 2.63191, -1.22031) 
45   ( 2.64947, -1.19385)  ( 2.64018, -1.19936) 
45   ( 2.67171, -1.19783)  ( 2.64947, -1.19385) 
45   ( 2.59066, -1.22403)  ( 2.58007, -1.24439) 
45   ( 2.59997, -1.21979)  ( 2.59066, -1.22403) 
45   ( 2.62236, -1.22511)  ( 2.59997, -1.21979) 
45   ( 2.53908, -1.24467)  ( 2.52692, -1.26407) 
45   ( 2.54853, -1.24125)  ( 2.53908, -1.24467) 
45   ( 2.57031, -1.24838)  ( 2.54853, -1.24125) 
45   ( 2.48652, -1.26071)  ( 2.47278, -1.27894) 
45   ( 2.49606, -1.25819)  ( 2.48652, -1.26071) 
45   ( 2.51701, -1.26717)  ( 2.49606, -1.25819) 
45   ( 2.43336, -1.27177)  ( 2.41803, -1.28858) 
44   ( 2.44291, -1.2702)  ( 2.43336, -1.27177) 
43   ( 2.46279, -1.2811)  ( 2.44291, -1.2702) 
43   ( 2.37979, -1.2775)  ( 2.3629, -1.29267) 
43   ( 2.38941, -1.2769)  ( 2.37979, -1.2775) 
44   ( 2.40801, -1.28973)  ( 2.38941, -1.2769) 
45   ( 2.32568, -1.27779)  ( 2.30737, -1.29123) 
45   ( 2.33551, -1.27817)  ( 2.32568, -1.27779) 
45   ( 2.35271, -1.29278)  ( 2.33551, -1.27817) 
44   ( 2.27123, -1.2728)  ( 2.25177, -1.28449) 
44   ( 2.28127, -1.27415)  ( 2.27123, -1.2728) 
43   ( 2.297, -1.29033)  ( 2.28127, -1.27415) 
45   ( 2.21678, -1.26279)  ( 2.19643, -1.27279) 
45   ( 2.22701, -1.26509)  ( 2.21678, -1.26279) 
45   ( 2.24123, -1.28259)  ( 2.22701, -1.26509) 
44   ( 2.16262, -1.24809)  ( 2.14165, -1.2565) 
45   ( 2.17305, -1.25134)  ( 2.16262, -1.24809) 
45   ( 2.18571, -1.26991)  ( 2.17305, -1.25134) 
45   ( 2.10903, -1.22908)  ( 2.08767, -1.23605) 
45   ( 2.11966, -1.23326)  ( 2.10903, -1.22908) 
45   ( 2.13076, -1.25267)  ( 2.11966, -1.23326) 
45   ( 2.05627, -1.20613)  ( 2.03468, -1.21179) 
45   ( 2.06705, -1.21124)  ( 2.05627, -1.20613) 
45   ( 2.07661, -1.23126)  ( 2.06705, -1.21124) 
45   ( 2.00458, -1.17959)  ( 1.98285, -1.18402) 
45   ( 2.01543, -1.18558)  ( 2.00458, -1.17959) 
45   ( 2.02352, -1.20608)  ( 2.01543, -1.18558) 
45   ( 1.95417, -1.14975)  ( 1.93236, -1.15302) 
45   ( 1.96499, -1.15659)  ( 1.95417, -1.14975) 
45   ( 1.97168, -1.17743)  ( 1.96499, -1.15659) 
45   ( 1.90523, -1.11689)  ( 1.88335, -1.11902) 
44   ( 1.9159, -1.12449)  ( 1.90523, -1.11689) 
44   ( 1.92129, -1.14562)  ( 1.9159, -1.12449) 
42   ( 1.85793, -1.08123)  ( 1.836, -1.0822) 
45   ( 1.86834, -1.08952)  ( 1.85793, -1.08123) 
45   ( 1.87251, -1.11087)  ( 1.86834, -1.08952) 
44   ( 1.81248, -1.04295)  ( 1.7905, -1.04273) 
44   ( 1.8225, -1.05184)  ( 1.81248, -1.04295) 
43   ( 1.82552, -1.0734)  ( 1.8225, -1.05184) 
45   ( 1.76907, -1.00222)  ( 1.74704, -1.00072) 
45   ( 1.77857, -1.01161)  ( 1.76907, -1.00222) 
45   ( 1.78048, -1.03337)  ( 1.77857, -1.01161) 
47   ( 1.72797, -0.959176)  ( 1.70592, -0.956277) 
47   ( 1.73682, -0.968943)  ( 1.72797, -0.959176) 
47   ( 1.73762, -0.990908)  ( 1.73682, -0.968943) 
47   ( 1.68951, -0.913904)  ( 1.66747, -0.909458) 
47   ( 1.69756, -0.923938)  ( 1.68951, -0.913904) 
47   ( 1.69723, -0.946115)  ( 1.69756, -0.923938) 
46   ( 1.65384, -0.86636)  ( 1.63189, -0.860294) 
46   ( 1.66111, -0.876628)  ( 1.65384, -0.86636) 
46   ( 1.65958, -0.89902)  ( 1.66111, -0.876628) 
47   ( 1.62096, -0.816517)  ( 1.59924, -0.808895) 
47   ( 1.62752, -0.827048)  ( 1.62096, -0.816517) 
47   ( 1.62481, -0.849645)  ( 1.62752, -0.827048) 
47   ( 1.59086, -0.764589)  ( 1.56945, -0.755543) 
47   ( 1.59674, -0.775321)  ( 1.59086, -0.764589) 
47   ( 1.59289, -0.798052)  ( 1.59674, -0.775321) 
47   ( 1.56335, -0.710826)  ( 1.54229, -0.700537) 
47   ( 1.56866, -0.721754)  ( 1.56335, -0.710826) 
47   ( 1.56377, -0.744552)  ( 1.56866, -0.721754) 
47   ( 1.53808, -0.655448)  ( 1.51737, -0.644136) 
47   ( 1.54293, -0.666571)  ( 1.53808, -0.655448) 
47   ( 1.53715, -0.689368)  ( 1.54293, -0.666571) 
47   ( 1.51462, -0.598755)  ( 1.49421, -0.586659) 
47   ( 1.51914, -0.610056)  ( 1.51462, -0.598755) 
47   ( 1.51266, -0.632822)  ( 1.51914, -0.610056) 
47   ( 1.49244, -0.540993)  ( 1.47223, -0.528371) 
47   ( 1.49675, -0.552462)  ( 1.49244, -0.540993) 
46   ( 1.4898, -0.575219)  ( 1.49675, -0.552462) 
46   ( 1.47094, -0.482428)  ( 1.4508, -0.469539) 
47   ( 1.47516, -0.494027)  ( 1.47094, -0.482428) 
46   ( 1.46799, -0.51682)  ( 1.47516, -0.494027) 
46   ( 1.44944, -0.423313)  ( 1.42923, -0.41041) 
47   ( 1.45372, -0.435019)  ( 1.44944, -0.423313) 
47   ( 1.44658, -0.457903)  ( 1.45372, -0.435019) 
47   ( 1.42728, -0.363911)  ( 1.40685, -0.351243) 
47   ( 1.43176, -0.375687)  ( 1.42728, -0.363911) 
46   ( 1.4249, -0.398729)  ( 1.43176, -0.375687) 
47   ( 1.40094, -0.298709)  ( 1.38303, -0.292358) 
46   ( 1.4073, -0.309028)  ( 1.40094, -0.298709) 
46   ( 1.40989, -0.314731)  ( 1.4073, -0.309028) 
47   ( 1.41055, -0.322665)  ( 1.40989, -0.314731) 
47   ( 1.40227, -0.339559)  ( 1.41055, -0.322665) 
46   ( 1.37357, -0.239838)  ( 1.35744, -0.23407) 
47   ( 1.38095, -0.250367)  ( 1.37357, -0.239838) 
47   ( 1.38369, -0.255972)  ( 1.38095, -0.250367) 
46   ( 1.38441, -0.26525)  ( 1.38369, -0.255972) 
45   ( 1.3781, -0.280749)  ( 1.38441, -0.26525) 
47   ( 1.34411, -0.181877)  ( 1.33002, -0.176574) 
46   ( 1.3568, -0.196035)  ( 1.34411, -0.181877) 
46   ( 1.35649, -0.208673)  ( 1.3568, -0.196035) 
47   ( 1.35215, -0.222608)  ( 1.35649, -0.208673) 
47   ( 1.31245, -0.124959)  ( 1.30066, -0.119976) 
47   ( 1.32676, -0.137999)  ( 1.31245, -0.124959) 
47   ( 1.32676, -0.153039)  ( 1.32676, -0.137999) 
47   ( 1.32435, -0.165274)  ( 1.32676, -0.153039) 
49   ( 1.28027, -0.0690438)  ( 1.26925, -0.0643969) 
47   ( 1.2947, -0.081062)  ( 1.28027, -0.0690438) 
47   ( 1.29622, -0.0970157)  ( 1.2947, -0.081062) 
47   ( 1.29459, -0.10886)  ( 1.29622, -0.0970157) 
49   ( 1.24686, -0.0142044)  ( 1.23567, -0.0100004) 
49   ( 1.26065, -0.0255679)  ( 1.24686, -0.0142044) 
46   ( 1.26393, -0.0416)  ( 1.26065, -0.0255679) 
46   ( 1.26276, -0.0534969)  ( 1.26393, -0.0416) 
47   ( 1.22462, 0.0281542)  ( 1.20326, 0.0376002) 
46   ( 1.22939, 0.012581)  ( 1.22462, 0.0281542) 
48   ( 1.22873, 0.000644408)  ( 1.22939, 0.012581) 
47   ( 1.18662, 0.0797717)  ( 1.16427, 0.0874621) 
47   ( 1.18625, 0.0580812)  ( 1.18662, 0.0797717) 
44   ( 1.13176, 0.138727)  ( 1.12238, 0.13606) 
45   ( 1.14657, 0.128864)  ( 1.13176, 0.138727) 
45   ( 1.14428, 0.108095)  ( 1.14657, 0.128864) 
44   ( 1.0882, 0.184536)  ( 1.07791, 0.179639) 
43   ( 1.1041, 0.174698)  ( 1.0882, 0.184536) 
44   ( 1.09953, 0.155685)  ( 1.1041, 0.174698) 
45   ( 1.04344, 0.226284)  ( 1.03108, 0.223058) 
45   ( 1.05677, 0.216413)  ( 1.04344, 0.226284) 
44   ( 1.05455, 0.20148)  ( 1.05677, 0.216413) 
47   ( 0.996478, 0.267054)  ( 0.986138, 0.253443) 
46   ( 1.00951, 0.254608)  ( 0.996478, 0.267054) 
45   ( 1.00635, 0.244159)  ( 1.00951, 0.254608) 
47   ( 0.947041, 0.299596)  ( 0.935973, 0.288169) 
47   ( 0.940747, 0.285292)  ( 0.947041, 0.299596) 
46   ( 4.45934, 0.0300892)  ( 4.4429, 0.0063132) 
47   ( 4.48348, 0.0398046)  ( 4.45934, 0.0300892) 
47   ( 4.53687, 0.0161048)  ( 4.48348, 0.0398046) 
49   ( 4.54442, -0.00433237)  ( 4.53687, 0.0161048) 
49   ( 4.54592, -0.011701)  ( 4.54442, -0.00433237) 
48   ( 4.54194, -0.0274789)  ( 4.54592, -0.011701) 
48   ( 4.50018, -0.0591192)  ( 4.50789, -0.059523) 
48   ( 4.28046, 0.0646819)  ( 4.23168, 0.00862336) 
47   ( 4.34003, 0.0673228)  ( 4.28046, 0.0646819) 
49   ( 4.38687, -0.00530321)  ( 4.34003, 0.0673228) 
49   ( 4.28817, -0.0480083)  ( 4.33756, -0.0505966) 
48   ( 4.07139, 0.0708673)  ( 4.02728, 0.00259606) 
46   ( 4.1287, 0.0623013)  ( 4.07139, 0.0708673) 
46   ( 4.16559, 0.0178324)  ( 4.1287, 0.0623013) 
49   ( 4.06348, -0.0362326)  ( 4.10214, -0.0382587) 
50   ( 3.93114, 0.0445163)  ( 3.89624, -0.000241363) 
47   ( 3.95354, 0.0425838)  ( 3.93114, 0.0445163) 
47   ( 3.97929, 0.0172009)  ( 3.95354, 0.0425838) 
49   ( 3.92377, -0.0289107)  ( 3.93462, -0.0294792) 
49   ( 3.84466, 0.0200324)  ( 3.82131, -0.00389017) 
47   ( 3.85823, 0.0200124)  ( 3.84466, 0.0200324) 
48   ( 3.88028, 0.00174459)  ( 3.85823, 0.0200124) 
48   ( 3.84324, -0.0246905)  ( 3.8513, -0.0251128) 
51   ( 3.77958, 0.0179969)  ( 3.75802, -7.92482e-005) 
47   ( 3.79289, 0.0167546)  ( 3.77958, 0.0179969) 
49   ( 3.81101, -0.00318475)  ( 3.79289, 0.0167546) 
49   ( 3.77998, -0.0213791)  ( 3.78699, -0.0217429) 
48   ( 3.71286, 0.0262298)  ( 3.69358, 0.00512595) 
46   ( 3.73396, 0.023366)  ( 3.71286, 0.0262298) 
48   ( 3.74715, 0.000768709)  ( 3.73396, 0.023366) 
49   ( 3.71975, -0.0187869)  ( 3.72198, -0.0188526) 
48   ( 3.64531, 0.0329606)  ( 3.62741, 0.00644329) 
47   ( 3.66987, 0.0308449)  ( 3.64531, 0.0329606) 
47   ( 3.68346, 0.0055374)  ( 3.66987, 0.0308449) 
49   ( 3.57349, 0.0319435)  ( 3.55931, -0.00112298) 
47   ( 3.60095, 0.0330908)  ( 3.57349, 0.0319435) 
48   ( 3.61828, 0.00590278)  ( 3.60095, 0.0330908) 
48   ( 3.48878, 0.0186937)  ( 3.47413, -0.0224982) 
47   ( 3.52432, 0.0277259)  ( 3.48878, 0.0186937) 
49   ( 3.55043, -0.00328681)  ( 3.52432, 0.0277259) 
49   ( 3.35661, -0.0159984)  ( 3.37831, -0.0834044) 
46   ( 3.422, 0.0063536)  ( 3.35661, -0.0159984) 
46   ( 3.45702, -0.0330192)  ( 3.422, 0.0063536) 
47   ( 3.26351, -0.135154)  ( 3.28906, -0.156082) 
46   ( 3.26814, -0.12099)  ( 3.26351, -0.135154) 
47   ( 3.30572, -0.0754349)  ( 3.26814, -0.12099) 
48   ( 3.36285, -0.100106)  ( 3.30572, -0.0754349) 
46   ( 3.26365, -0.21483)  ( 3.28086, -0.239313) 
46   ( 3.26825, -0.182615)  ( 3.26365, -0.21483) 
47   ( 3.28906, -0.156082)  ( 3.26825, -0.182615) 
47   ( 3.33189, -0.160423)  ( 3.28906, -0.156082) 
46   ( 3.25832, -0.280271)  ( 3.2879, -0.311168) 
47   ( 3.26266, -0.259473)  ( 3.25832, -0.280271) 
47   ( 3.28086, -0.239313)  ( 3.26266, -0.259473) 
47   ( 3.30919, -0.241933)  ( 3.28086, -0.239313) 
47   ( 3.23955, -0.335894)  ( 3.26495, -0.371104) 
47   ( 3.24408, -0.323668)  ( 3.23955, -0.335894) 
47   ( 3.28699, -0.313452)  ( 3.24408, -0.323668) 
47   ( 3.21551, -0.394939)  ( 3.23858, -0.433246) 
47   ( 3.22032, -0.383026)  ( 3.21551, -0.394939) 
47   ( 3.26401, -0.373562)  ( 3.22032, -0.383026) 
47   ( 3.17427, -0.462166)  ( 3.19687, -0.502488) 
47   ( 3.18587, -0.438501)  ( 3.17427, -0.462166) 
46   ( 3.23693, -0.43782)  ( 3.18587, -0.438501) 
47   ( 3.10131, -0.540242)  ( 3.10948, -0.573352) 
47   ( 3.13048, -0.501489)  ( 3.10131, -0.540242) 
46   ( 3.19068, -0.51705)  ( 3.13048, -0.501489) 
45   ( 3.074, -0.629676)  ( 3.09474, -0.660214) 
45   ( 3.08447, -0.594494)  ( 3.074, -0.629676) 
47   ( 3.10948, -0.573352)  ( 3.08447, -0.594494) 
47   ( 3.15131, -0.590524)  ( 3.10948, -0.573352) 
45   ( 3.0819, -0.699242)  ( 3.09416, -0.72432) 
46   ( 3.08739, -0.674825)  ( 3.0819, -0.699242) 
47   ( 3.09474, -0.660214)  ( 3.08739, -0.674825) 
47   ( 3.13483, -0.655336)  ( 3.09474, -0.660214) 
47   ( 3.06834, -0.754952)  ( 3.09213, -0.790432) 
46   ( 3.07389, -0.74097)  ( 3.06834, -0.754952) 
45   ( 3.09416, -0.72432)  ( 3.07389, -0.74097) 
46   ( 3.11809, -0.730948)  ( 3.09416, -0.72432) 
47   ( 3.04291, -0.805568)  ( 3.06262, -0.844164) 
47   ( 3.04832, -0.795692)  ( 3.04291, -0.805568) 
46   ( 3.0915, -0.791633)  ( 3.04832, -0.795692) 
46   ( 3.01285, -0.856538)  ( 3.03065, -0.89597) 
47   ( 3.01877, -0.846954)  ( 3.01285, -0.856538) 
47   ( 3.06203, -0.845172)  ( 3.01877, -0.846954) 
47   ( 2.98028, -0.905804)  ( 2.99587, -0.946263) 
47   ( 2.98663, -0.896607)  ( 2.98028, -0.905804) 
44   ( 3.03, -0.896959)  ( 2.98663, -0.896607) 
47   ( 2.94113, -0.952749)  ( 2.94998, -0.995208) 
47   ( 2.94905, -0.943181)  ( 2.94113, -0.952749) 
46   ( 2.9951, -0.947312)  ( 2.94905, -0.943181) 
46   ( 2.86827, -0.998221)  ( 2.87927, -1.04958) 
47   ( 2.89513, -0.975845)  ( 2.86827, -0.998221) 
46   ( 2.94332, -1.00395)  ( 2.89513, -0.975845) 
45   ( 2.78331, -1.04197)  ( 2.78401, -1.07501) 
45   ( 2.81888, -1.01869)  ( 2.78331, -1.04197) 
44   ( 2.8716, -1.05716)  ( 2.81888, -1.01869) 
45   ( 2.73777, -1.10929)  ( 2.74466, -1.13986) 
42   ( 2.7591, -1.084)  ( 2.73777, -1.10929) 
42   ( 2.78401, -1.07501)  ( 2.7591, -1.084) 
45   ( 2.82288, -1.10334)  ( 2.78401, -1.07501) 
44   ( 2.71272, -1.16306)  ( 2.7079, -1.18924) 
45   ( 2.72489, -1.15049)  ( 2.71272, -1.16306) 
45   ( 2.74466, -1.13986)  ( 2.72489, -1.15049) 
45   ( 2.77646, -1.15638)  ( 2.74466, -1.13986) 
45   ( 2.67171, -1.19783)  ( 2.67019, -1.24098) 
44   ( 2.6814, -1.19148)  ( 2.67171, -1.19783) 
43   ( 2.7079, -1.18924)  ( 2.6814, -1.19148) 
43   ( 2.7226, -1.20782)  ( 2.7079, -1.18924) 
45   ( 2.62236, -1.22511)  ( 2.61654, -1.26794) 
45   ( 2.63191, -1.22031)  ( 2.62236, -1.22511) 
43   ( 2.6696, -1.2413)  ( 2.63191, -1.22031) 
44   ( 2.57031, -1.24838)  ( 2.5612, -1.29051) 
45   ( 2.58007, -1.24439)  ( 2.57031, -1.24838) 
45   ( 2.61605, -1.26816)  ( 2.58007, -1.24439) 
45   ( 2.51701, -1.26717)  ( 2.50441, -1.30824) 
45   ( 2.52692, -1.26407)  ( 2.51701, -1.26717) 
45   ( 2.56082, -1.29065)  ( 2.52692, -1.26407) 
44   ( 2.46279, -1.2811)  ( 2.44648, -1.32065) 
44   ( 2.47278, -1.27894)  ( 2.46279, -1.2811) 
45   ( 2.50414, -1.30831)  ( 2.47278, -1.27894) 
43   ( 2.40801, -1.28973)  ( 2.3879, -1.3272) 
45   ( 2.41803, -1.28858)  ( 2.40801, -1.28973) 
44   ( 2.4462, -1.32069)  ( 2.41803, -1.28858) 
45   ( 2.35271, -1.29278)  ( 2.32906, -1.32771) 
44   ( 2.3629, -1.29267)  ( 2.35271, -1.29278) 
44   ( 2.38759, -1.32722)  ( 2.3629, -1.29267) 
42   ( 2.297, -1.29033)  ( 2.27026, -1.3224) 
43   ( 2.30737, -1.29123)  ( 2.297, -1.29033) 
45   ( 2.32849, -1.32769)  ( 2.30737, -1.29123) 
45   ( 2.24123, -1.28259)  ( 2.21199, -1.31163) 
45   ( 2.25177, -1.28449)  ( 2.24123, -1.28259) 
45   ( 2.26931, -1.32226)  ( 2.25177, -1.28449) 
45   ( 2.18571, -1.26991)  ( 2.15462, -1.29583) 
45   ( 2.19643, -1.27279)  ( 2.18571, -1.26991) 
45   ( 2.21059, -1.31129)  ( 2.19643, -1.27279) 
45   ( 2.13076, -1.25267)  ( 2.09841, -1.27548) 
44   ( 2.14165, -1.2565)  ( 2.13076, -1.25267) 
43   ( 2.15271, -1.2952)  ( 2.14165, -1.2565) 
45   ( 2.07661, -1.23126)  ( 2.04355, -1.25102) 
45   ( 2.08767, -1.23605)  ( 2.07661, -1.23126) 
45   ( 2.09597, -1.27446)  ( 2.08767, -1.23605) 
44   ( 2.02352, -1.20608)  ( 1.9902, -1.22284) 
45   ( 2.03468, -1.21179)  ( 2.02352, -1.20608) 
45   ( 2.04056, -1.24951)  ( 2.03468, -1.21179) 
45   ( 1.97168, -1.17743)  ( 1.93847, -1.19128) 
45   ( 1.98285, -1.18402)  ( 1.97168, -1.17743) 
45   ( 1.98666, -1.22075)  ( 1.98285, -1.18402) 
45   ( 1.92129, -1.14562)  ( 1.88849, -1.15665) 
45   ( 1.93236, -1.15302)  ( 1.92129, -1.14562) 
45   ( 1.93441, -1.18855)  ( 1.93236, -1.15302) 
45   ( 1.87251, -1.11087)  ( 1.84036, -1.11918) 
45   ( 1.88335, -1.11902)  ( 1.87251, -1.11087) 
44   ( 1.88395, -1.1532)  ( 1.88335, -1.11902) 
42   ( 1.82552, -1.0734)  ( 1.7942, -1.0791) 
41   ( 1.836, -1.0822)  ( 1.82552, -1.0734) 
41   ( 1.8354, -1.11498)  ( 1.836, -1.0822) 
45   ( 1.78048, -1.03337)  ( 1.75014, -1.03654) 
44   ( 1.7905, -1.04273)  ( 1.78048, -1.03337) 
44   ( 1.78889, -1.07409)  ( 1.7905, -1.04273) 
47   ( 1.73762, -0.990908)  ( 1.70838, -0.991626) 
46   ( 1.74704, -1.00072)  ( 1.73762, -0.990908) 
45   ( 1.74458, -1.03071)  ( 1.74704, -1.00072) 
44   ( 1.70881, -1.02544)  ( 1.70957, -1.0263) 
47   ( 1.69723, -0.946115)  ( 1.66916, -0.944439) 
47   ( 1.70592, -0.956277)  ( 1.69723, -0.946115) 
47   ( 1.70267, -0.984979)  ( 1.70592, -0.956277) 
47   ( 1.66784, -0.976207)  ( 1.67011, -0.979093) 
45   ( 1.65958, -0.89902)  ( 1.63275, -0.89504) 
46   ( 1.66747, -0.909458)  ( 1.65958, -0.89902) 
47   ( 1.66346, -0.936992)  ( 1.66747, -0.909458) 
46   ( 1.62987, -0.924931)  ( 1.6332, -0.929678) 
47   ( 1.62481, -0.849645)  ( 1.59921, -0.843511) 
47   ( 1.63189, -0.860294)  ( 1.62481, -0.849645) 
47   ( 1.62716, -0.886809)  ( 1.63189, -0.860294) 
47   ( 1.59502, -0.871773)  ( 1.59899, -0.878164) 
47   ( 1.59289, -0.798052)  ( 1.56849, -0.790024) 
47   ( 1.59924, -0.808895)  ( 1.59289, -0.798052) 
45   ( 1.5938, -0.83451)  ( 1.59924, -0.808895) 
47   ( 1.56324, -0.816926)  ( 1.56751, -0.824697) 
47   ( 1.56377, -0.744552)  ( 1.54047, -0.734925) 
47   ( 1.56945, -0.755543)  ( 1.56377, -0.744552) 
47   ( 1.56337, -0.780385)  ( 1.56945, -0.755543) 
46   ( 1.53436, -0.760687)  ( 1.5387, -0.769572) 
47   ( 1.53715, -0.689368)  ( 1.51484, -0.678483) 
47   ( 1.54229, -0.700537)  ( 1.53715, -0.689368) 
47   ( 1.53566, -0.724747)  ( 1.54229, -0.700537) 
47   ( 1.50807, -0.703304)  ( 1.51236, -0.713089) 
47   ( 1.51266, -0.632822)  ( 1.49117, -0.621005) 
47   ( 1.51737, -0.644136)  ( 1.51266, -0.632822) 
47   ( 1.51031, -0.667854)  ( 1.51737, -0.644136) 
47   ( 1.48395, -0.645082)  ( 1.48812, -0.655525) 
46   ( 1.4898, -0.575219)  ( 1.46893, -0.562759) 
46   ( 1.49421, -0.586659)  ( 1.4898, -0.575219) 
47   ( 1.48687, -0.610013)  ( 1.49421, -0.586659) 
47   ( 1.46146, -0.586304)  ( 1.46553, -0.597216) 
46   ( 1.46799, -0.51682)  ( 1.44751, -0.503991) 
46   ( 1.47223, -0.528371)  ( 1.46799, -0.51682) 
47   ( 1.46477, -0.551484)  ( 1.47223, -0.528371) 
44   ( 1.44, -0.527198)  ( 1.44402, -0.538428) 
46   ( 1.44658, -0.457903)  ( 1.42627, -0.44497) 
46   ( 1.4508, -0.469539)  ( 1.44658, -0.457903) 
46   ( 1.44339, -0.492536)  ( 1.4508, -0.469539) 
46   ( 1.41891, -0.46801)  ( 1.42298, -0.479427) 
46   ( 1.4249, -0.398729)  ( 1.40454, -0.385939) 
45   ( 1.42923, -0.41041)  ( 1.4249, -0.398729) 
46   ( 1.42207, -0.433408)  ( 1.42923, -0.41041) 
47   ( 1.39754, -0.408965)  ( 1.40176, -0.420449) 
47   ( 1.40227, -0.339559)  ( 1.38168, -0.327157) 
47   ( 1.40685, -0.351243)  ( 1.40227, -0.339559) 
47   ( 1.40015, -0.374344)  ( 1.40685, -0.351243) 
47   ( 1.37525, -0.350281)  ( 1.37972, -0.361741) 
46   ( 1.3781, -0.280749)  ( 1.35717, -0.268926) 
46   ( 1.38303, -0.292358)  ( 1.3781, -0.280749) 
47   ( 1.37699, -0.315625)  ( 1.38303, -0.292358) 
47   ( 1.35145, -0.292203)  ( 1.35627, -0.303567) 
47   ( 1.35215, -0.222608)  ( 1.33087, -0.211438) 
46   ( 1.35744, -0.23407)  ( 1.35215, -0.222608) 
46   ( 1.35213, -0.257514)  ( 1.35744, -0.23407) 
47   ( 1.32589, -0.234876)  ( 1.33106, -0.246087) 
47   ( 1.32435, -0.165274)  ( 1.30271, -0.154808) 
47   ( 1.33002, -0.176574)  ( 1.32435, -0.165274) 
46   ( 1.32546, -0.20018)  ( 1.33002, -0.176574) 
47   ( 1.29851, -0.178401)  ( 1.30404, -0.189436) 
47   ( 1.29459, -0.10886)  ( 1.27259, -0.0991569) 
46   ( 1.30066, -0.119976)  ( 1.29459, -0.10886) 
47   ( 1.29692, -0.143734)  ( 1.30066, -0.119976) 
47   ( 1.26923, -0.122888)  ( 1.27514, -0.133726) 
48   ( 1.26276, -0.0534969)  ( 1.2404, -0.0446287) 
49   ( 1.26925, -0.0643969)  ( 1.26276, -0.0534969) 
48   ( 1.2664, -0.0882869)  ( 1.26925, -0.0643969) 
49   ( 1.23795, -0.0684772)  ( 1.24427, -0.0790831) 
48   ( 1.22873, 0.000644408)  ( 1.206, 0.00858839) 
50   ( 1.23567, -0.0100004)  ( 1.22873, 0.000644408) 
49   ( 1.23377, -0.0339921)  ( 1.23567, -0.0100004) 
48   ( 1.20456, -0.0153508)  ( 1.2113, -0.0256819) 
47   ( 1.18625, 0.0580812)  ( 1.16923, 0.0602884) 
47   ( 1.19299, 0.0530671)  ( 1.18625, 0.0580812) 
47   ( 1.20049, 0.0433859)  ( 1.19299, 0.0530671) 
47   ( 1.20326, 0.0376002)  ( 1.20049, 0.0433859) 
47   ( 1.19892, 0.0189428)  ( 1.20326, 0.0376002) 
46   ( 1.16889, 0.0363035)  ( 1.1761, 0.0262656) 
44   ( 1.14428, 0.108095)  ( 1.1299, 0.110151) 
45   ( 1.15518, 0.102022)  ( 1.14428, 0.108095) 
46   ( 1.16131, 0.0941238)  ( 1.15518, 0.102022) 
47   ( 1.16427, 0.0874621)  ( 1.16131, 0.0941238) 
46   ( 1.16166, 0.070304)  ( 1.16427, 0.0874621) 
44   ( 1.1308, 0.086181)  ( 1.1385, 0.0765204) 
45   ( 1.09953, 0.155685)  ( 1.08782, 0.157831) 
45   ( 1.11174, 0.152263)  ( 1.09953, 0.155685) 
44   ( 1.12238, 0.13606)  ( 1.11174, 0.152263) 
44   ( 1.12179, 0.119783)  ( 1.12238, 0.13606) 
45   ( 1.09011, 0.133941)  ( 1.09832, 0.124738) 
44   ( 1.05455, 0.20148)  ( 1.04275, 0.202869) 
44   ( 1.06862, 0.196749)  ( 1.05455, 0.20148) 
45   ( 1.07791, 0.179639)  ( 1.06862, 0.196749) 
45   ( 1.07912, 0.166995)  ( 1.07791, 0.179639) 
45   ( 1.04661, 0.179167)  ( 1.05539, 0.170502) 
46   ( 1.00635, 0.244159)  ( 0.997818, 0.242338) 
45   ( 1.02361, 0.236893)  ( 1.00635, 0.244159) 
45   ( 1.03108, 0.223058)  ( 1.02361, 0.236893) 
45   ( 1.03344, 0.211437)  ( 1.03108, 0.223058) 
45   ( 1.00012, 0.221318)  ( 1.00952, 0.213291) 
47   ( 0.961099, 0.280407)  ( 0.947985, 0.277438) 
47   ( 0.974479, 0.272776)  ( 0.961099, 0.280407) 
47   ( 0.979094, 0.256217)  ( 0.974479, 0.272776) 
47   ( 0.950514, 0.259706)  ( 0.960517, 0.252492) 
46   ( 0.91195, 0.313021)  ( 0.893339, 0.309052) 
46   ( 0.923157, 0.304778)  ( 0.91195, 0.313021) 
45   ( 0.92522, 0.29187)  ( 0.923157, 0.304778) 
47   ( 0.897693, 0.293566)  ( 0.908333, 0.287308) 
45   ( 0.843704, 0.343166)  ( 0.83582, 0.33596) 
47   ( 0.859588, 0.340533)  ( 0.843704, 0.343166) 
47   ( 0.867757, 0.321805)  ( 0.859588, 0.340533) 
47   ( 0.841784, 0.321968)  ( 0.853019, 0.316856) 
47   ( 0.791099, 0.362897)  ( 0.776093, 0.353351) 
46   ( 0.801024, 0.35922)  ( 0.791099, 0.362897) 
46   ( 0.806952, 0.344797)  ( 0.801024, 0.35922) 
47   ( 0.783063, 0.343993)  ( 0.794808, 0.340208) 
47   ( 0.732426, 0.379466)  ( 0.714078, 0.367206) 
47   ( 0.744855, 0.361344)  ( 0.732426, 0.379466) 
47   ( 0.722148, 0.358795)  ( 0.734259, 0.356487) 
47   ( 0.656391, 0.382682)  ( 0.650751, 0.373156) 
47   ( 0.675049, 0.384989)  ( 0.656391, 0.382682) 
47   ( 0.682065, 0.371227)  ( 0.675049, 0.384989) 
46   ( 0.659828, 0.365835)  ( 0.67216, 0.365076) 
47   ( 0.599216, 0.366075)  ( 0.611881, 0.366132) 
47   ( 0.596603, 0.382288)  ( 0.599216, 0.366075) 
47   ( 0.618533, 0.373113)  ( 0.596603, 0.382288) 
47   ( 0.536415, 0.372359)  ( 0.537025, 0.357191) 
46   ( 0.542878, 0.35848)  ( 0.536415, 0.372359) 
46   ( 0.537025, 0.357191)  ( 0.542878, 0.35848) 
48   ( 4.57875, -0.042444)  ( 4.54194, -0.0274789) 
48   ( 4.57975, -0.0521329)  ( 4.57875, -0.042444) 
49   ( 4.57859, -0.0743848)  ( 4.57975, -0.0521329) 
49   ( 4.57658, -0.0839159)  ( 4.57859, -0.0743848) 
47   ( 4.5384, -0.094951)  ( 4.57658, -0.0839159) 
46   ( 4.50789, -0.059523)  ( 4.5384, -0.094951) 
48   ( 4.54194, -0.0274789)  ( 4.50789, -0.059523) 
50   ( 4.38687, -0.00530321)  ( 4.33756, -0.0505966) 
48   ( 4.4429, 0.0063132)  ( 4.38687, -0.00530321) 
47   ( 4.50018, -0.0591192)  ( 4.4429, 0.0063132) 
48   ( 4.43637, -0.118206)  ( 4.50018, -0.0591192) 
47   ( 4.38187, -0.100797)  ( 4.43637, -0.118206) 
48   ( 4.33756, -0.0505966)  ( 4.38187, -0.100797) 
48   ( 4.16559, 0.0178324)  ( 4.10214, -0.0382587) 
48   ( 4.23168, 0.00862336)  ( 4.16559, 0.0178324) 
49   ( 4.28817, -0.0480083)  ( 4.23168, 0.00862336) 
49   ( 4.22607, -0.0984243)  ( 4.28817, -0.0480083) 
48   ( 4.15938, -0.100675)  ( 4.22607, -0.0984243) 
48   ( 4.10214, -0.0382587)  ( 4.15938, -0.100675) 
48   ( 3.97929, 0.0172009)  ( 3.93462, -0.0294792) 
48   ( 4.02728, 0.00259606)  ( 3.97929, 0.0172009) 
49   ( 4.06348, -0.0362326)  ( 4.02728, 0.00259606) 
49   ( 4.02342, -0.0710646)  ( 4.06348, -0.0362326) 
49   ( 3.97417, -0.0805734)  ( 4.02342, -0.0710646) 
49   ( 3.93462, -0.0294792)  ( 3.97417, -0.0805734) 
48   ( 3.88028, 0.00174459)  ( 3.8513, -0.0251128) 
51   ( 3.89624, -0.000241363)  ( 3.88028, 0.00174459) 
51   ( 3.92377, -0.0289107)  ( 3.89624, -0.000241363) 
49   ( 3.89339, -0.0545452)  ( 3.92377, -0.0289107) 
49   ( 3.87731, -0.0548525)  ( 3.89339, -0.0545452) 
48   ( 3.8513, -0.0251128)  ( 3.87731, -0.0548525) 
50   ( 3.81101, -0.00318475)  ( 3.78699, -0.0217429) 
51   ( 3.82131, -0.00389017)  ( 3.81101, -0.00318475) 
50   ( 3.84324, -0.0246905)  ( 3.82131, -0.00389017) 
49   ( 3.81926, -0.0430845)  ( 3.84324, -0.0246905) 
49   ( 3.80895, -0.0427095)  ( 3.81926, -0.0430845) 
49   ( 3.78699, -0.0217429)  ( 3.80895, -0.0427095) 
50   ( 3.74715, 0.000768709)  ( 3.72198, -0.0188526) 
53   ( 3.75802, -7.92482e-005)  ( 3.74715, 0.000768709) 
52   ( 3.77998, -0.0213791)  ( 3.75802, -7.92482e-005) 
49   ( 3.75611, -0.0404067)  ( 3.77998, -0.0213791) 
49   ( 3.74565, -0.0402645)  ( 3.75611, -0.0404067) 
49   ( 3.72198, -0.0188526)  ( 3.74565, -0.0402645) 
47   ( 3.68346, 0.0055374)  ( 3.65786, -0.014399) 
48   ( 3.69358, 0.00512595)  ( 3.68346, 0.0055374) 
49   ( 3.71975, -0.0187869)  ( 3.69358, 0.00512595) 
47   ( 3.6928, -0.041728)  ( 3.71975, -0.0187869) 
47   ( 3.68439, -0.0419879)  ( 3.6928, -0.041728) 
49   ( 3.65821, -0.0233193)  ( 3.68439, -0.0419879) 
49   ( 3.61828, 0.00590278)  ( 3.59385, -0.0148821) 
49   ( 3.62741, 0.00644329)  ( 3.61828, 0.00590278) 
48   ( 3.65786, -0.014399)  ( 3.62741, 0.00644329) 
48   ( 3.65821, -0.0233193)  ( 3.65786, -0.014399) 
49   ( 3.63075, -0.0475774)  ( 3.65821, -0.0233193) 
48   ( 3.6256, -0.0481999)  ( 3.63075, -0.0475774) 
48   ( 3.59739, -0.0353357)  ( 3.6256, -0.0481999) 
50   ( 3.55043, -0.00328681)  ( 3.52884, -0.0279667) 
51   ( 3.55931, -0.00112298)  ( 3.55043, -0.00328681) 
50   ( 3.59385, -0.0148821)  ( 3.55931, -0.00112298) 
49   ( 3.59739, -0.0353357)  ( 3.59385, -0.0148821) 
49   ( 3.57243, -0.0613449)  ( 3.59739, -0.0353357) 
49   ( 3.57036, -0.0619388)  ( 3.57243, -0.0613449) 
49   ( 3.54032, -0.0564056)  ( 3.57036, -0.0619388) 
48   ( 3.45702, -0.0330192)  ( 3.44018, -0.067372) 
49   ( 3.47413, -0.0224982)  ( 3.45702, -0.0330192) 
49   ( 3.52884, -0.0279667)  ( 3.47413, -0.0224982) 
49   ( 3.54032, -0.0564056)  ( 3.52884, -0.0279667) 
49   ( 3.52585, -0.0949207)  ( 3.54032, -0.0564056) 
48   ( 3.51461, -0.107186)  ( 3.52585, -0.0949207) 
47   ( 3.48163, -0.113153)  ( 3.51461, -0.107186) 
46   ( 3.36285, -0.100106)  ( 3.3538, -0.143152) 
48   ( 3.37831, -0.0834044)  ( 3.36285, -0.100106) 
48   ( 3.44018, -0.067372)  ( 3.37831, -0.0834044) 
47   ( 3.48163, -0.113153)  ( 3.44018, -0.067372) 
47   ( 3.46387, -0.178124)  ( 3.48163, -0.113153) 
47   ( 3.44053, -0.196031)  ( 3.46387, -0.178124) 
47   ( 3.33189, -0.160423)  ( 3.32813, -0.223914) 
46   ( 3.3538, -0.143152)  ( 3.33189, -0.160423) 
46   ( 3.44053, -0.196031)  ( 3.3538, -0.143152) 
47   ( 3.43638, -0.220073)  ( 3.44053, -0.196031) 
47   ( 3.39136, -0.254039)  ( 3.43638, -0.220073) 
47   ( 3.30919, -0.241933)  ( 3.31318, -0.289296) 
47   ( 3.32813, -0.223914)  ( 3.30919, -0.241933) 
47   ( 3.39136, -0.254039)  ( 3.32813, -0.223914) 
46   ( 3.38973, -0.27688)  ( 3.39136, -0.254039) 
45   ( 3.3536, -0.306377)  ( 3.38973, -0.27688) 
47   ( 3.28699, -0.313452)  ( 3.29067, -0.348857) 
46   ( 3.2879, -0.311168)  ( 3.28699, -0.313452) 
46   ( 3.31318, -0.289296)  ( 3.2879, -0.311168) 
46   ( 3.3536, -0.306377)  ( 3.31318, -0.289296) 
46   ( 3.35596, -0.339467)  ( 3.3536, -0.306377) 
47   ( 3.35544, -0.340719)  ( 3.35596, -0.339467) 
47   ( 3.32858, -0.363764)  ( 3.35544, -0.340719) 
47   ( 3.26401, -0.373562)  ( 3.26779, -0.407686) 
47   ( 3.26495, -0.371104)  ( 3.26401, -0.373562) 
47   ( 3.29067, -0.348857)  ( 3.26495, -0.371104) 
47   ( 3.32858, -0.363764)  ( 3.29067, -0.348857) 
47   ( 3.33248, -0.397442)  ( 3.32858, -0.363764) 
47   ( 3.33173, -0.399395)  ( 3.33248, -0.397442) 
46   ( 3.3063, -0.422264)  ( 3.33173, -0.399395) 
45   ( 3.23693, -0.43782)  ( 3.2409, -0.471334) 
46   ( 3.23858, -0.433246)  ( 3.23693, -0.43782) 
47   ( 3.26779, -0.407686)  ( 3.23858, -0.433246) 
46   ( 3.3063, -0.422264)  ( 3.26779, -0.407686) 
46   ( 3.31143, -0.460562)  ( 3.3063, -0.422264) 
47   ( 3.30967, -0.465084)  ( 3.31143, -0.460562) 
47   ( 3.28466, -0.487741)  ( 3.30967, -0.465084) 
46   ( 3.19068, -0.51705)  ( 3.19246, -0.555183) 
46   ( 3.19687, -0.502488)  ( 3.19068, -0.51705) 
46   ( 3.2409, -0.471334)  ( 3.19687, -0.502488) 
46   ( 3.28466, -0.487741)  ( 3.2409, -0.471334) 
47   ( 3.29704, -0.540744)  ( 3.28466, -0.487741) 
47   ( 3.29195, -0.555714)  ( 3.29704, -0.540744) 
46   ( 3.2649, -0.583259)  ( 3.29195, -0.555714) 
47   ( 3.15131, -0.590524)  ( 3.14839, -0.640234) 
47   ( 3.19246, -0.555183)  ( 3.15131, -0.590524) 
46   ( 3.2649, -0.583259)  ( 3.19246, -0.555183) 
46   ( 3.27165, -0.638973)  ( 3.2649, -0.583259) 
47   ( 3.23727, -0.677365)  ( 3.27165, -0.638973) 
47   ( 3.13483, -0.655336)  ( 3.14029, -0.711753) 
47   ( 3.14839, -0.640234)  ( 3.13483, -0.655336) 
47   ( 3.23727, -0.677365)  ( 3.14839, -0.640234) 
47   ( 3.23604, -0.697568)  ( 3.23727, -0.677365) 
47   ( 3.18975, -0.734148)  ( 3.23604, -0.697568) 
46   ( 3.11809, -0.730948)  ( 3.1195, -0.770701) 
47   ( 3.14029, -0.711753)  ( 3.11809, -0.730948) 
47   ( 3.18975, -0.734148)  ( 3.14029, -0.711753) 
47   ( 3.18926, -0.765324)  ( 3.18975, -0.734148) 
47   ( 3.18763, -0.768491)  ( 3.18926, -0.765324) 
47   ( 3.15665, -0.789119)  ( 3.18763, -0.768491) 
45   ( 3.0915, -0.791633)  ( 3.09109, -0.82564) 
46   ( 3.09213, -0.790432)  ( 3.0915, -0.791633) 
46   ( 3.1195, -0.770701)  ( 3.09213, -0.790432) 
46   ( 3.15665, -0.789119)  ( 3.1195, -0.770701) 
47   ( 3.15691, -0.823288)  ( 3.15665, -0.789119) 
45   ( 3.1554, -0.82617)  ( 3.15691, -0.823288) 
44   ( 3.12694, -0.84542)  ( 3.1554, -0.82617) 
47   ( 3.06203, -0.845172)  ( 3.05991, -0.879026) 
47   ( 3.06262, -0.844164)  ( 3.06203, -0.845172) 
46   ( 3.09109, -0.82564)  ( 3.06262, -0.844164) 
45   ( 3.12694, -0.84542)  ( 3.09109, -0.82564) 
46   ( 3.12571, -0.879799)  ( 3.12694, -0.84542) 
47   ( 3.12406, -0.882636)  ( 3.12571, -0.879799) 
47   ( 3.09473, -0.900539)  ( 3.12406, -0.882636) 
44   ( 3.03, -0.896959)  ( 3.02612, -0.930686) 
43   ( 3.03065, -0.89597)  ( 3.03, -0.896959) 
46   ( 3.05991, -0.879026)  ( 3.03065, -0.89597) 
47   ( 3.09473, -0.900539)  ( 3.05991, -0.879026) 
47   ( 3.09189, -0.934696)  ( 3.09473, -0.900539) 
47   ( 3.09007, -0.937496)  ( 3.09189, -0.934696) 
47   ( 3.05988, -0.953977)  ( 3.09007, -0.937496) 
45   ( 2.9951, -0.947312)  ( 2.9896, -0.980554) 
46   ( 2.99587, -0.946263)  ( 2.9951, -0.947312) 
47   ( 3.02612, -0.930686)  ( 2.99587, -0.946263) 
47   ( 3.05988, -0.953977)  ( 3.02612, -0.930686) 
47   ( 3.05524, -0.988145)  ( 3.05988, -0.953977) 
47   ( 3.05316, -0.990992)  ( 3.05524, -0.988145) 
46   ( 3.02233, -1.00574)  ( 3.05316, -0.990992) 
45   ( 2.94332, -1.00395)  ( 2.93527, -1.03522) 
46   ( 2.94998, -0.995208)  ( 2.94332, -1.00395) 
46   ( 2.9896, -0.980554)  ( 2.94998, -0.995208) 
45   ( 3.02233, -1.00574)  ( 2.9896, -0.980554) 
45   ( 3.01555, -1.04991)  ( 3.02233, -1.00574) 
45   ( 3.00814, -1.05839)  ( 3.01555, -1.04991) 
45   ( 2.97679, -1.07182)  ( 3.00814, -1.05839) 
44   ( 2.8716, -1.05716)  ( 2.85552, -1.09245) 
44   ( 2.87927, -1.04958)  ( 2.8716, -1.05716) 
45   ( 2.93527, -1.03522)  ( 2.87927, -1.04958) 
45   ( 2.97679, -1.07182)  ( 2.93527, -1.03522) 
45   ( 2.96535, -1.13168)  ( 2.97679, -1.07182) 
44   ( 2.95575, -1.1424)  ( 2.96535, -1.13168) 
44   ( 2.91774, -1.15811)  ( 2.95575, -1.1424) 
44   ( 2.82288, -1.10334)  ( 2.7941, -1.15045) 
45   ( 2.85552, -1.09245)  ( 2.82288, -1.10334) 
45   ( 2.91774, -1.15811)  ( 2.85552, -1.09245) 
44   ( 2.9019, -1.19732)  ( 2.91774, -1.15811) 
43   ( 2.8467, -1.21627)  ( 2.9019, -1.19732) 
45   ( 2.77646, -1.15638)  ( 2.75347, -1.20328) 
44   ( 2.7941, -1.15045)  ( 2.77646, -1.15638) 
43   ( 2.8467, -1.21627)  ( 2.7941, -1.15045) 
44   ( 2.83547, -1.23458)  ( 2.8467, -1.21627) 
45   ( 2.78097, -1.24293)  ( 2.83547, -1.23458) 
44   ( 2.7226, -1.20782)  ( 2.70404, -1.23942) 
44   ( 2.75347, -1.20328)  ( 2.7226, -1.20782) 
45   ( 2.78097, -1.24293)  ( 2.75347, -1.20328) 
45   ( 2.76461, -1.27076)  ( 2.78097, -1.24293) 
45   ( 2.76201, -1.27237)  ( 2.76461, -1.27076) 
43   ( 2.7251, -1.2747)  ( 2.76201, -1.27237) 
43   ( 2.6696, -1.2413)  ( 2.65041, -1.26897) 
43   ( 2.67019, -1.24098)  ( 2.6696, -1.2413) 
45   ( 2.70404, -1.23942)  ( 2.67019, -1.24098) 
43   ( 2.7251, -1.2747)  ( 2.70404, -1.23942) 
43   ( 2.70641, -1.30375)  ( 2.7251, -1.2747) 
45   ( 2.70307, -1.30559)  ( 2.70641, -1.30375) 
45   ( 2.66875, -1.30552)  ( 2.70307, -1.30559) 
45   ( 2.61605, -1.26816)  ( 2.59468, -1.29429) 
45   ( 2.61654, -1.26794)  ( 2.61605, -1.26816) 
45   ( 2.65041, -1.26897)  ( 2.61654, -1.26794) 
45   ( 2.66875, -1.30552)  ( 2.65041, -1.26897) 
45   ( 2.64797, -1.33319)  ( 2.66875, -1.30552) 
44   ( 2.6444, -1.33481)  ( 2.64797, -1.33319) 
44   ( 2.61005, -1.33212)  ( 2.6444, -1.33481) 
45   ( 2.56082, -1.29065)  ( 2.53725, -1.31494) 
44   ( 2.5612, -1.29051)  ( 2.56082, -1.29065) 
44   ( 2.59468, -1.29429)  ( 2.5612, -1.29051) 
45   ( 2.61005, -1.33212)  ( 2.59468, -1.29429) 
45   ( 2.58725, -1.35798)  ( 2.61005, -1.33212) 
45   ( 2.58342, -1.35935)  ( 2.58725, -1.35798) 
45   ( 2.54929, -1.35379)  ( 2.58342, -1.35935) 
44   ( 2.50414, -1.30831)  ( 2.4784, -1.33042) 
45   ( 2.50441, -1.30824)  ( 2.50414, -1.30831) 
45   ( 2.53725, -1.31494)  ( 2.50441, -1.30824) 
45   ( 2.54929, -1.35379)  ( 2.53725, -1.31494) 
45   ( 2.52443, -1.37754)  ( 2.54929, -1.35379) 
45   ( 2.52032, -1.37861)  ( 2.52443, -1.37754) 
45   ( 2.48672, -1.36991)  ( 2.52032, -1.37861) 
44   ( 2.4462, -1.32069)  ( 2.41853, -1.34019) 
44   ( 2.44648, -1.32065)  ( 2.4462, -1.32069) 
44   ( 2.4784, -1.33042)  ( 2.44648, -1.32065) 
44   ( 2.48672, -1.36991)  ( 2.4784, -1.33042) 
44   ( 2.45982, -1.3912)  ( 2.48672, -1.36991) 
42   ( 2.4554, -1.3919)  ( 2.45982, -1.3912) 
43   ( 2.42276, -1.37982)  ( 2.4554, -1.3919) 
45   ( 2.38759, -1.32722)  ( 2.35803, -1.34385) 
43   ( 2.3879, -1.3272)  ( 2.38759, -1.32722) 
43   ( 2.41853, -1.34019)  ( 2.3879, -1.3272) 
45   ( 2.42276, -1.37982)  ( 2.41853, -1.34019) 
45   ( 2.39395, -1.39826)  ( 2.42276, -1.37982) 
44   ( 2.38931, -1.3985)  ( 2.39395, -1.39826) 
44   ( 2.35811, -1.38295)  ( 2.38931, -1.3985) 
45   ( 2.32849, -1.32769)  ( 2.29736, -1.34141) 
45   ( 2.32906, -1.32771)  ( 2.32849, -1.32769) 
45   ( 2.35803, -1.34385)  ( 2.32906, -1.32771) 
45   ( 2.35811, -1.38295)  ( 2.35803, -1.34385) 
45   ( 2.32766, -1.39832)  ( 2.35811, -1.38295) 
45   ( 2.32294, -1.39807)  ( 2.32766, -1.39832) 
44   ( 2.2936, -1.37927)  ( 2.32294, -1.39807) 
45   ( 2.26931, -1.32226)  ( 2.23701, -1.33318) 
44   ( 2.27026, -1.3224)  ( 2.26931, -1.32226) 
44   ( 2.29736, -1.34141)  ( 2.27026, -1.3224) 
44   ( 2.2936, -1.37927)  ( 2.29736, -1.34141) 
42   ( 2.2619, -1.3916)  ( 2.2936, -1.37927) 
43   ( 2.25718, -1.39088)  ( 2.2619, -1.3916) 
45   ( 2.22993, -1.36913)  ( 2.25718, -1.39088) 
45   ( 2.21059, -1.31129)  ( 2.17741, -1.31957) 
45   ( 2.21199, -1.31163)  ( 2.21059, -1.31129) 
45   ( 2.23701, -1.33318)  ( 2.21199, -1.31163) 
45   ( 2.22993, -1.36913)  ( 2.23701, -1.33318) 
45   ( 2.19741, -1.37857)  ( 2.22993, -1.36913) 
45   ( 2.19267, -1.37738)  ( 2.19741, -1.37857) 
45   ( 2.16768, -1.35303)  ( 2.19267, -1.37738) 
43   ( 2.15271, -1.2952)  ( 2.1189, -1.30108) 
44   ( 2.15462, -1.29583)  ( 2.15271, -1.2952) 
45   ( 2.17741, -1.31957)  ( 2.15462, -1.29583) 
45   ( 2.16768, -1.35303)  ( 2.17741, -1.31957) 
45   ( 2.13467, -1.35982)  ( 2.16768, -1.35303) 
45   ( 2.12989, -1.35817)  ( 2.13467, -1.35982) 
45   ( 2.10727, -1.33155)  ( 2.12989, -1.35817) 
45   ( 2.09597, -1.27446)  ( 2.06171, -1.27822) 
45   ( 2.09841, -1.27548)  ( 2.09597, -1.27446) 
44   ( 2.1189, -1.30108)  ( 2.09841, -1.27548) 
44   ( 2.10727, -1.33155)  ( 2.1189, -1.30108) 
45   ( 2.07404, -1.33597)  ( 2.10727, -1.33155) 
45   ( 2.06917, -1.33384)  ( 2.07404, -1.33597) 
43   ( 2.049, -1.30524)  ( 2.06917, -1.33384) 
45   ( 2.04056, -1.24951)  ( 2.00601, -1.25145) 
45   ( 2.04355, -1.25102)  ( 2.04056, -1.24951) 
45   ( 2.06171, -1.27822)  ( 2.04355, -1.25102) 
43   ( 2.049, -1.30524)  ( 2.06171, -1.27822) 
43   ( 2.01572, -1.30761)  ( 2.049, -1.30524) 
44   ( 2.0107, -1.30497)  ( 2.01572, -1.30761) 
44   ( 1.99307, -1.27466)  ( 2.0107, -1.30497) 
45   ( 1.98666, -1.22075)  ( 1.95191, -1.22116) 
44   ( 1.9902, -1.22284)  ( 1.98666, -1.22075) 
44   ( 2.00601, -1.25145)  ( 1.9902, -1.22284) 
45   ( 1.99307, -1.27466)  ( 2.00601, -1.25145) 
45   ( 1.95979, -1.27529)  ( 1.99307, -1.27466) 
45   ( 1.95459, -1.27209)  ( 1.95979, -1.27529) 
45   ( 1.93956, -1.24032)  ( 1.95459, -1.27209) 
45   ( 1.93441, -1.18855)  ( 1.89951, -1.18768) 
45   ( 1.93847, -1.19128)  ( 1.93441, -1.18855) 
45   ( 1.95191, -1.22116)  ( 1.93847, -1.19128) 
45   ( 1.93956, -1.24032)  ( 1.95191, -1.22116) 
45   ( 1.90629, -1.23949)  ( 1.93956, -1.24032) 
45   ( 1.90088, -1.23567)  ( 1.90629, -1.23949) 
45   ( 1.88854, -1.20265)  ( 1.90088, -1.23567) 
43   ( 1.88395, -1.1532)  ( 1.84887, -1.1513) 
44   ( 1.88849, -1.15665)  ( 1.88395, -1.1532) 
45   ( 1.89951, -1.18768)  ( 1.88849, -1.15665) 
45   ( 1.88854, -1.20265)  ( 1.89951, -1.18768) 
45   ( 1.85523, -1.20062)  ( 1.88854, -1.20265) 
44   ( 1.8496, -1.19612)  ( 1.85523, -1.20062) 
44   ( 1.84004, -1.16203)  ( 1.8496, -1.19612) 
44   ( 1.8354, -1.11498)  ( 1.80007, -1.11224) 
44   ( 1.84036, -1.11918)  ( 1.8354, -1.11498) 
44   ( 1.84887, -1.1513)  ( 1.84036, -1.11918) 
44   ( 1.84004, -1.16203)  ( 1.84887, -1.1513) 
45   ( 1.80658, -1.15899)  ( 1.84004, -1.16203) 
45   ( 1.80075, -1.15377)  ( 1.80658, -1.15899) 
45   ( 1.79409, -1.11875)  ( 1.80075, -1.15377) 
45   ( 1.78889, -1.07409)  ( 1.75317, -1.07065) 
43   ( 1.7942, -1.0791)  ( 1.78889, -1.07409) 
43   ( 1.80007, -1.11224)  ( 1.7942, -1.0791) 
45   ( 1.79409, -1.11875)  ( 1.80007, -1.11224) 
45   ( 1.76035, -1.11486)  ( 1.79409, -1.11875) 
45   ( 1.75436, -1.10888)  ( 1.76035, -1.11486) 
45   ( 1.75073, -1.07304)  ( 1.75436, -1.10888) 
45   ( 1.71657, -1.06844)  ( 1.75073, -1.07304) 
45   ( 1.71046, -1.06167)  ( 1.71657, -1.06844) 
44   ( 1.70957, -1.0263)  ( 1.71046, -1.06167) 
44   ( 1.74458, -1.03071)  ( 1.70957, -1.0263) 
45   ( 1.75014, -1.03654)  ( 1.74458, -1.03071) 
45   ( 1.75317, -1.07065)  ( 1.75014, -1.03654) 
45   ( 1.75073, -1.07304)  ( 1.75317, -1.07065) 
47   ( 1.70267, -0.984979)  ( 1.67011, -0.979093) 
47   ( 1.70838, -0.991626)  ( 1.70267, -0.984979) 
46   ( 1.70881, -1.02544)  ( 1.70838, -0.991626) 
45   ( 1.67529, -1.01984)  ( 1.70881, -1.02544) 
45   ( 1.66916, -1.01227)  ( 1.67529, -1.01984) 
46   ( 1.67011, -0.979093)  ( 1.66916, -1.01227) 
46   ( 1.66346, -0.936992)  ( 1.6332, -0.929678) 
47   ( 1.66916, -0.944439)  ( 1.66346, -0.936992) 
47   ( 1.66784, -0.976207)  ( 1.66916, -0.944439) 
47   ( 1.63666, -0.969172)  ( 1.66784, -0.976207) 
46   ( 1.63064, -0.96082)  ( 1.63666, -0.969172) 
45   ( 1.6332, -0.929678)  ( 1.63064, -0.96082) 
47   ( 1.62716, -0.886809)  ( 1.59899, -0.878164) 
46   ( 1.63275, -0.89504)  ( 1.62716, -0.886809) 
46   ( 1.62987, -0.924931)  ( 1.63275, -0.89504) 
47   ( 1.60088, -0.916556)  ( 1.62987, -0.924931) 
47   ( 1.59508, -0.907488)  ( 1.60088, -0.916556) 
47   ( 1.59899, -0.878164)  ( 1.59508, -0.907488) 
45   ( 1.5938, -0.83451)  ( 1.56751, -0.824697) 
45   ( 1.59921, -0.843511)  ( 1.5938, -0.83451) 
47   ( 1.59502, -0.871773)  ( 1.59921, -0.843511) 
47   ( 1.56797, -0.862166)  ( 1.59502, -0.871773) 
47   ( 1.56245, -0.852423)  ( 1.56797, -0.862166) 
47   ( 1.56751, -0.824697)  ( 1.56245, -0.852423) 
46   ( 1.56337, -0.780385)  ( 1.5387, -0.769572) 
47   ( 1.56849, -0.790024)  ( 1.56337, -0.780385) 
47   ( 1.56324, -0.816926)  ( 1.56849, -0.790024) 
46   ( 1.53788, -0.80621)  ( 1.56324, -0.816926) 
46   ( 1.53272, -0.795945)  ( 1.53788, -0.80621) 
46   ( 1.5387, -0.769572)  ( 1.53272, -0.795945) 
47   ( 1.53566, -0.724747)  ( 1.51236, -0.713089) 
47   ( 1.54047, -0.734925)  ( 1.53566, -0.724747) 
47   ( 1.53436, -0.760687)  ( 1.54047, -0.734925) 
47   ( 1.51048, -0.749054)  ( 1.53436, -0.760687) 
47   ( 1.50566, -0.738373)  ( 1.51048, -0.749054) 
47   ( 1.51236, -0.713089)  ( 1.50566, -0.738373) 
47   ( 1.51031, -0.667854)  ( 1.48812, -0.655525) 
47   ( 1.51484, -0.678483)  ( 1.51031, -0.667854) 
47   ( 1.50807, -0.703304)  ( 1.51484, -0.678483) 
47   ( 1.48542, -0.690972)  ( 1.50807, -0.703304) 
46   ( 1.48092, -0.67996)  ( 1.48542, -0.690972) 
46   ( 1.48812, -0.655525)  ( 1.48092, -0.67996) 
47   ( 1.48687, -0.610013)  ( 1.46553, -0.597216) 
47   ( 1.49117, -0.621005)  ( 1.48687, -0.610013) 
47   ( 1.48395, -0.645082)  ( 1.49117, -0.621005) 
47   ( 1.46227, -0.632265)  ( 1.48395, -0.645082) 
46   ( 1.45802, -0.62101)  ( 1.46227, -0.632265) 
46   ( 1.46553, -0.597216)  ( 1.45802, -0.62101) 
47   ( 1.46477, -0.551484)  ( 1.44402, -0.538428) 
47   ( 1.46893, -0.562759)  ( 1.46477, -0.551484) 
47   ( 1.46146, -0.586304)  ( 1.46893, -0.562759) 
46   ( 1.4405, -0.573196)  ( 1.46146, -0.586304) 
45   ( 1.4364, -0.561773)  ( 1.4405, -0.573196) 
46   ( 1.44402, -0.538428)  ( 1.4364, -0.561773) 
47   ( 1.44339, -0.492536)  ( 1.42298, -0.479427) 
47   ( 1.44751, -0.503991)  ( 1.44339, -0.492536) 
44   ( 1.44, -0.527198)  ( 1.44751, -0.503991) 
43   ( 1.4195, -0.513996)  ( 1.44, -0.527198) 
46   ( 1.41544, -0.502501)  ( 1.4195, -0.513996) 
47   ( 1.42298, -0.479427)  ( 1.41544, -0.502501) 
47   ( 1.42207, -0.433408)  ( 1.40176, -0.420449) 
46   ( 1.42627, -0.44497)  ( 1.42207, -0.433408) 
45   ( 1.41891, -0.46801)  ( 1.42627, -0.44497) 
46   ( 1.39862, -0.454913)  ( 1.41891, -0.46801) 
46   ( 1.3945, -0.443414)  ( 1.39862, -0.454913) 
46   ( 1.40176, -0.420449)  ( 1.3945, -0.443414) 
47   ( 1.40015, -0.374344)  ( 1.37972, -0.361741) 
47   ( 1.40454, -0.385939)  ( 1.40015, -0.374344) 
47   ( 1.39754, -0.408965)  ( 1.40454, -0.385939) 
47   ( 1.37723, -0.396166)  ( 1.39754, -0.408965) 
47   ( 1.37293, -0.384728)  ( 1.37723, -0.396166) 
47   ( 1.37972, -0.361741)  ( 1.37293, -0.384728) 
47   ( 1.37699, -0.315625)  ( 1.35627, -0.303567) 
47   ( 1.38168, -0.327157)  ( 1.37699, -0.315625) 
47   ( 1.37525, -0.350281)  ( 1.38168, -0.327157) 
47   ( 1.35473, -0.337978)  ( 1.37525, -0.350281) 
47   ( 1.35015, -0.326678)  ( 1.35473, -0.337978) 
47   ( 1.35627, -0.303567)  ( 1.35015, -0.326678) 
47   ( 1.35213, -0.257514)  ( 1.33106, -0.246087) 
47   ( 1.35717, -0.268926)  ( 1.35213, -0.257514) 
47   ( 1.35145, -0.292203)  ( 1.35717, -0.268926) 
46   ( 1.3306, -0.280529)  ( 1.35145, -0.292203) 
46   ( 1.32567, -0.269366)  ( 1.3306, -0.280529) 
47   ( 1.33106, -0.246087)  ( 1.32567, -0.269366) 
46   ( 1.32546, -0.20018)  ( 1.30404, -0.189436) 
46   ( 1.33087, -0.211438)  ( 1.32546, -0.20018) 
47   ( 1.32589, -0.234876)  ( 1.33087, -0.211438) 
47   ( 1.30469, -0.223871)  ( 1.32589, -0.234876) 
46   ( 1.2994, -0.212873)  ( 1.30469, -0.223871) 
46   ( 1.30404, -0.189436)  ( 1.2994, -0.212873) 
47   ( 1.29692, -0.143734)  ( 1.27514, -0.133726) 
47   ( 1.30271, -0.154808)  ( 1.29692, -0.143734) 
47   ( 1.29851, -0.178401)  ( 1.30271, -0.154808) 
47   ( 1.27696, -0.168108)  ( 1.29851, -0.178401) 
47   ( 1.27131, -0.157305)  ( 1.27696, -0.168108) 
47   ( 1.27514, -0.133726)  ( 1.27131, -0.157305) 
48   ( 1.2664, -0.0882869)  ( 1.24427, -0.0790831) 
48   ( 1.27259, -0.0991569)  ( 1.2664, -0.0882869) 
48   ( 1.26923, -0.122888)  ( 1.27259, -0.0991569) 
47   ( 1.24733, -0.113368)  ( 1.26923, -0.122888) 
46   ( 1.2413, -0.102784)  ( 1.24733, -0.113368) 
47   ( 1.24427, -0.0790831)  ( 1.2413, -0.102784) 
48   ( 1.23377, -0.0339921)  ( 1.2113, -0.0256819) 
48   ( 1.2404, -0.0446287)  ( 1.23377, -0.0339921) 
48   ( 1.23795, -0.0684772)  ( 1.2404, -0.0446287) 
49   ( 1.21571, -0.0598041)  ( 1.23795, -0.0684772) 
49   ( 1.20927, -0.0494721)  ( 1.21571, -0.0598041) 
48   ( 1.2113, -0.0256819)  ( 1.20927, -0.0494721) 
46   ( 1.19892, 0.0189428)  ( 1.1761, 0.0262656) 
46   ( 1.206, 0.00858839)  ( 1.19892, 0.0189428) 
47   ( 1.20456, -0.0153508)  ( 1.206, 0.00858839) 
50   ( 1.18197, -0.00761512)  ( 1.20456, -0.0153508) 
50   ( 1.17512, 0.00241325)  ( 1.18197, -0.00761512) 
47   ( 1.1761, 0.0262656)  ( 1.17512, 0.00241325) 
45   ( 1.16166, 0.070304)  ( 1.1385, 0.0765204) 
46   ( 1.16923, 0.0602884)  ( 1.16166, 0.070304) 
47   ( 1.16889, 0.0363035)  ( 1.16923, 0.0602884) 
46   ( 1.14598, 0.042982)  ( 1.16889, 0.0363035) 
46   ( 1.13867, 0.0526475)  ( 1.14598, 0.042982) 
46   ( 1.1385, 0.0765204)  ( 1.13867, 0.0526475) 
45   ( 1.12179, 0.119783)  ( 1.09832, 0.124738) 
44   ( 1.1299, 0.110151)  ( 1.12179, 0.119783) 
43   ( 1.1308, 0.086181)  ( 1.1299, 0.110151) 
45   ( 1.10759, 0.0916598)  ( 1.1308, 0.086181) 
46   ( 1.09979, 0.100915)  ( 1.10759, 0.0916598) 
45   ( 1.09832, 0.124738)  ( 1.09979, 0.100915) 
45   ( 1.07912, 0.166995)  ( 1.05539, 0.170502) 
45   ( 1.08782, 0.157831)  ( 1.07912, 0.166995) 
45   ( 1.09011, 0.133941)  ( 1.08782, 0.157831) 
45   ( 1.06662, 0.138067)  ( 1.09011, 0.133941) 
45   ( 1.05831, 0.146826)  ( 1.06662, 0.138067) 
45   ( 1.05539, 0.170502)  ( 1.05831, 0.146826) 
45   ( 1.03344, 0.211437)  ( 1.00952, 0.213291) 
45   ( 1.04275, 0.202869)  ( 1.03344, 0.211437) 
45   ( 1.04661, 0.179167)  ( 1.04275, 0.202869) 
45   ( 1.02291, 0.181744)  ( 1.04661, 0.179167) 
45   ( 1.01406, 0.189883)  ( 1.02291, 0.181744) 
45   ( 1.00952, 0.213291)  ( 1.01406, 0.189883) 
47   ( 0.986138, 0.253443)  ( 0.979094, 0.256217) 
47   ( 0.997818, 0.242338)  ( 0.986138, 0.253443) 
46   ( 1.00012, 0.221318)  ( 0.997818, 0.242338) 
46   ( 0.976306, 0.222114)  ( 1.00012, 0.221318) 
47   ( 0.966898, 0.229524)  ( 0.976306, 0.222114) 
47   ( 0.960517, 0.252492)  ( 0.966898, 0.229524) 
47   ( 0.979094, 0.256217)  ( 0.960517, 0.252492) 
45   ( 0.935973, 0.288169)  ( 0.92522, 0.29187) 
47   ( 0.940747, 0.285292)  ( 0.935973, 0.288169) 
47   ( 0.947985, 0.277438)  ( 0.940747, 0.285292) 
47   ( 0.950514, 0.259706)  ( 0.947985, 0.277438) 
47   ( 0.932714, 0.255782)  ( 0.950514, 0.259706) 
47   ( 0.923417, 0.259212)  ( 0.932714, 0.255782) 
47   ( 0.919185, 0.262251)  ( 0.923417, 0.259212) 
47   ( 0.911942, 0.269856)  ( 0.919185, 0.262251) 
47   ( 0.908333, 0.287308)  ( 0.911942, 0.269856) 
45   ( 0.92522, 0.29187)  ( 0.908333, 0.287308) 
47   ( 0.875656, 0.321289)  ( 0.867757, 0.321805) 
46   ( 0.886669, 0.31636)  ( 0.875656, 0.321289) 
46   ( 0.893339, 0.309052)  ( 0.886669, 0.31636) 
47   ( 0.897693, 0.293566)  ( 0.893339, 0.309052) 
47   ( 0.881758, 0.289005)  ( 0.897693, 0.293566) 
47   ( 0.872604, 0.290743)  ( 0.881758, 0.289005) 
47   ( 0.863789, 0.295808)  ( 0.872604, 0.290743) 
47   ( 0.858428, 0.301715)  ( 0.863789, 0.295808) 
47   ( 0.853019, 0.316856)  ( 0.858428, 0.301715) 
47   ( 0.867757, 0.321805)  ( 0.853019, 0.316856) 
47   ( 0.821335, 0.346099)  ( 0.806952, 0.344797) 
45   ( 0.83582, 0.33596)  ( 0.821335, 0.346099) 
45   ( 0.841784, 0.321968)  ( 0.83582, 0.33596) 
47   ( 0.827369, 0.316607)  ( 0.841784, 0.321968) 
47   ( 0.811073, 0.319108)  ( 0.827369, 0.316607) 
47   ( 0.801617, 0.328666)  ( 0.811073, 0.319108) 
47   ( 0.794808, 0.340208)  ( 0.801617, 0.328666) 
47   ( 0.806952, 0.344797)  ( 0.794808, 0.340208) 
46   ( 0.751699, 0.36423)  ( 0.744855, 0.361344) 
46   ( 0.766216, 0.362221)  ( 0.751699, 0.36423) 
47   ( 0.776093, 0.353351)  ( 0.766216, 0.362221) 
47   ( 0.783063, 0.343993)  ( 0.776093, 0.353351) 
47   ( 0.771649, 0.339558)  ( 0.783063, 0.343993) 
47   ( 0.759122, 0.337595)  ( 0.771649, 0.339558) 
47   ( 0.747493, 0.341605)  ( 0.759122, 0.337595) 
47   ( 0.742142, 0.347109)  ( 0.747493, 0.341605) 
47   ( 0.734259, 0.356487)  ( 0.742142, 0.347109) 
47   ( 0.744855, 0.361344)  ( 0.734259, 0.356487) 
46   ( 0.69619, 0.374552)  ( 0.682065, 0.371227) 
45   ( 0.707558, 0.37224)  ( 0.69619, 0.374552) 
46   ( 0.714078, 0.367206)  ( 0.707558, 0.37224) 
47   ( 0.722148, 0.358795)  ( 0.714078, 0.367206) 
46   ( 0.711365, 0.35297)  ( 0.722148, 0.358795) 
46   ( 0.703214, 0.350352)  ( 0.711365, 0.35297) 
47   ( 0.694134, 0.351144)  ( 0.703214, 0.350352) 
47   ( 0.681176, 0.356762)  ( 0.694134, 0.351144) 
46   ( 0.67216, 0.365076)  ( 0.681176, 0.356762) 
46   ( 0.682065, 0.371227)  ( 0.67216, 0.365076) 
47   ( 0.620665, 0.374898)  ( 0.618533, 0.373113) 
47   ( 0.636241, 0.378229)  ( 0.620665, 0.374898) 
47   ( 0.650751, 0.373156)  ( 0.636241, 0.378229) 
47   ( 0.659828, 0.365835)  ( 0.650751, 0.373156) 
47   ( 0.649861, 0.358691)  ( 0.659828, 0.365835) 
46   ( 0.636096, 0.35486)  ( 0.649861, 0.358691) 
46   ( 0.621786, 0.357095)  ( 0.636096, 0.35486) 
46   ( 0.619451, 0.35865)  ( 0.621786, 0.357095) 
46   ( 0.611881, 0.366132)  ( 0.619451, 0.35865) 
47   ( 0.618533, 0.373113)  ( 0.611881, 0.366132) 
47   ( 0.578189, 0.353453)  ( 0.589439, 0.364299) 
47   ( 0.563576, 0.353044)  ( 0.578189, 0.353453) 
47   ( 0.553344, 0.359784)  ( 0.563576, 0.353044) 
47   ( 0.560374, 0.368784)  ( 0.553344, 0.359784) 
47   ( 0.576567, 0.372913)  ( 0.560374, 0.368784) 
47   ( 0.589439, 0.364299)  ( 0.576567, 0.372913) 
47   ( 0.517383, 0.344785)  ( 0.527848, 0.355067) 
46   ( 0.50555, 0.342514)  ( 0.517383, 0.344785) 
46   ( 0.491576, 0.346274)  ( 0.50555, 0.342514) 
47   ( 0.501138, 0.355983)  ( 0.491576, 0.346274) 
47   ( 0.514556, 0.360204)  ( 0.501138, 0.355983) 
47   ( 0.527848, 0.355067)  ( 0.514556, 0.360204) 
47   ( 0.458982, 0.328135)  ( 0.467477, 0.339113) 
47   ( 0.443216, 0.324132)  ( 0.458982, 0.328135) 
47   ( 0.431482, 0.326363)  ( 0.443216, 0.324132) 
47   ( 0.438202, 0.335214)  ( 0.431482, 0.326363) 
47   ( 0.454577, 0.343155)  ( 0.438202, 0.335214) 
47   ( 0.467477, 0.339113)  ( 0.454577, 0.343155) 
46   ( 0.400349, 0.301875)  ( 0.406364, 0.31612) 
47   ( 0.382906, 0.305481)  ( 0.400349, 0.301875) 
47   ( 0.391635, 0.321266)  ( 0.382906, 0.305481) 
46   ( 0.406364, 0.31612)  ( 0.391635, 0.321266) 
46   ( 0.336334, 0.271305)  ( 0.34539, 0.286536) 
47   ( 0.322658, 0.273792)  ( 0.336334, 0.271305) 
47   ( 0.327673, 0.286734)  ( 0.322658, 0.273792) 
46   ( 0.34539, 0.286536)  ( 0.327673, 0.286734) 
46   ( 0.292501, 0.246483)  ( 0.29659, 0.258173) 
46   ( 0.274705, 0.24408)  ( 0.292501, 0.246483) 
45   ( 0.28436, 0.259275)  ( 0.274705, 0.24408) 
45   ( 0.29659, 0.258173)  ( 0.28436, 0.259275) 
47   ( 0.225193, 0.202043)  ( 0.235696, 0.217054) 
47   ( 0.214862, 0.201515)  ( 0.225193, 0.202043) 
47   ( 0.218345, 0.211187)  ( 0.214862, 0.201515) 
47   ( 0.235696, 0.217054)  ( 0.218345, 0.211187) 
46   ( 0.17932, 0.167457)  ( 0.188885, 0.181006) 
46   ( 0.167985, 0.163969)  ( 0.17932, 0.167457) 
47   ( 0.173616, 0.174378)  ( 0.167985, 0.163969) 
47   ( 0.188885, 0.181006)  ( 0.173616, 0.174378) 
46   ( 0.132672, 0.12878)  ( 0.142045, 0.141481) 
46   ( 0.121398, 0.123072)  ( 0.132672, 0.12878) 
47   ( 0.128297, 0.133646)  ( 0.121398, 0.123072) 
47   ( 0.142045, 0.141481)  ( 0.128297, 0.133646) 
51   ( 0.0852729, 0.0859111)  ( 0.0956955, 0.0988354) 
51   ( 0.0749852, 0.0788165)  ( 0.0852729, 0.0859111) 
51   ( 0.0823789, 0.0888827)  ( 0.0749852, 0.0788165) 
51   ( 0.0956955, 0.0988354)  ( 0.0823789, 0.0888827) 
51   ( 0.0371411, 0.0387488)  ( 0.0463405, 0.0496954) 
51   ( 0.0395104, 0.0428169)  ( 0.0371411, 0.0387488) 
51   ( 0.0463405, 0.0496954)  ( 0.0395104, 0.0428169) 
57   ( 0.000578081, 0.00064176)  ( 0.00058621, 0.000640246) 
53   ( 0.0240693, 0.026687)  ( 0.000578081, 0.00064176) 
50   ( 0.0127981, 0.0135277)  ( 0.0240693, 0.026687) 
54   ( 0.00058621, 0.000640246)  ( 0.0127981, 0.0135277) 
